Year,Month_Num,Region,Model,Fuel_Type,Units_Sold,Revenue
2018,1,Europe,3 Series,Hybrid,755,47687735.21
2018,1,Europe,5 Series,ICE,1409,193879316.25
2018,1,Europe,7 Series,ICE,3400,155634838.79
2018,1,Europe,X3,ICE,4659,269599230.67
2018,1,Europe,X5,Hybrid,4844,419776391.32
2018,1,Europe,X7,ICE,6492,828828537.03
2018,1,Europe,i4,Hybrid,3067,183287240.46
2018,1,Europe,iX,Hybrid,1173,54101555.65
2018,1,Europe,i7,Hybrid,5060,202383812.74
2018,1,Europe,M3,ICE,1738,136487665.97
2018,1,Europe,M5,ICE,7575,1036464153.92
2018,1,Europe,Z4,ICE,2202,88674108.67
2018,1,Europe,2 Series,ICE,3287,438359375.13
2018,1,Europe,4 Series,EV,3372,364525713.8
2018,1,Europe,1 Series,ICE,3378,378572949.99
2018,1,North America,3 Series,Hybrid,6369,669063868.14
2018,1,North America,5 Series,ICE,5977,526931867.92
2018,1,North America,7 Series,ICE,6066,365511349.21
2018,1,North America,X3,ICE,7356,451220926.0
2018,1,North America,X5,ICE,2992,127494175.28
2018,1,North America,X7,EV,5727,407693425.68
2018,1,North America,i4,Hybrid,4172,454447470.28
2018,1,North America,iX,ICE,1518,151128035.18
2018,1,North America,i7,ICE,5174,528297925.67
2018,1,North America,M3,ICE,1637,74409151.39
2018,1,North America,M5,ICE,1252,66854208.61
2018,1,North America,Z4,Hybrid,4679,369108613.78
2018,1,North America,2 Series,EV,4473,441131634.88
2018,1,North America,4 Series,EV,6474,734130186.84
2018,1,North America,1 Series,ICE,2901,215022640.44
2018,1,China,3 Series,ICE,1770,256099232.05
2018,1,China,5 Series,EV,3033,371923605.22
2018,1,China,7 Series,ICE,1523,105576113.0
2018,1,China,X3,Hybrid,4992,389376464.5
2018,1,China,X5,ICE,7749,1089716700.13
2018,1,China,X7,ICE,3853,546533951.37
2018,1,China,i4,EV,7986,499420607.29
2018,1,China,iX,ICE,5837,261790307.97
2018,1,China,i7,ICE,1218,117246153.17
2018,1,China,M3,ICE,5860,575612641.66
2018,1,China,M5,ICE,7890,1151164682.77
2018,1,China,Z4,EV,7148,415530197.13
2018,1,China,2 Series,ICE,6271,535427447.02
2018,1,China,4 Series,ICE,1378,58376183.79
2018,1,China,1 Series,ICE,4629,279244421.35
2018,1,Asia Pacific,3 Series,ICE,4918,210249603.57
2018,1,Asia Pacific,5 Series,ICE,2793,174200898.54
2018,1,Asia Pacific,7 Series,Hybrid,2281,269581228.32
2018,1,Asia Pacific,X3,EV,5177,648322097.35
2018,1,Asia Pacific,X5,Hybrid,1808,200295693.28
2018,1,Asia Pacific,X7,ICE,3828,454933770.45
2018,1,Asia Pacific,i4,Hybrid,5095,414230874.72
2018,1,Asia Pacific,iX,ICE,6672,380523230.55
2018,1,Asia Pacific,i7,ICE,1609,107855600.84
2018,1,Asia Pacific,M3,ICE,1097,147058496.31
2018,1,Asia Pacific,M5,ICE,955,92795070.3
2018,1,Asia Pacific,Z4,ICE,1425,188955013.48
2018,1,Asia Pacific,2 Series,ICE,4452,598503708.74
2018,1,Asia Pacific,4 Series,EV,1780,263992720.32
2018,1,Asia Pacific,1 Series,ICE,7515,509544514.89
2018,1,Middle East & Africa,3 Series,Hybrid,7447,736607771.01
2018,1,Middle East & Africa,5 Series,Hybrid,1603,96237072.12
2018,1,Middle East & Africa,7 Series,ICE,6609,799802605.03
2018,1,Middle East & Africa,X3,ICE,5248,738548521.2
2018,1,Middle East & Africa,X5,ICE,1098,48545674.72
2018,1,Middle East & Africa,X7,ICE,4677,627228766.88
2018,1,Middle East & Africa,i4,ICE,7955,808034626.78
2018,1,Middle East & Africa,iX,ICE,1142,116623681.75
2018,1,Middle East & Africa,i7,ICE,2402,281903661.13
2018,1,Middle East & Africa,M3,ICE,3327,363416829.31
2018,1,Middle East & Africa,M5,ICE,7529,271580648.61
2018,1,Middle East & Africa,Z4,Hybrid,5872,254991499.74
2018,1,Middle East & Africa,2 Series,ICE,2377,178598310.08
2018,1,Middle East & Africa,4 Series,ICE,2403,127697548.39
2018,1,Middle East & Africa,1 Series,Hybrid,5891,872711182.83
2018,1,Latin America,3 Series,Hybrid,4119,531214972.24
2018,1,Latin America,5 Series,ICE,5228,710927493.88
2018,1,Latin America,7 Series,ICE,6869,677425716.76
2018,1,Latin America,X3,ICE,4980,370667540.82
2018,1,Latin America,X5,Hybrid,6956,634256169.81
2018,1,Latin America,X7,EV,6429,693963691.85
2018,1,Latin America,i4,Hybrid,732,90532816.19
2018,1,Latin America,iX,Hybrid,2376,203887135.26
2018,1,Latin America,i7,Hybrid,4344,189628822.74
2018,1,Latin America,M3,EV,7071,276781820.89
2018,1,Latin America,M5,ICE,4495,223204775.05
2018,1,Latin America,Z4,ICE,8885,1304340838.69
2018,1,Latin America,2 Series,ICE,3132,199495621.47
2018,1,Latin America,4 Series,ICE,7013,950906437.97
2018,1,Latin America,1 Series,EV,5950,844521084.99
2018,2,Europe,3 Series,EV,7709,1051221315.0
2018,2,Europe,5 Series,ICE,7364,920311828.13
2018,2,Europe,7 Series,ICE,6640,851488178.14
2018,2,Europe,X3,ICE,7369,582094244.69
2018,2,Europe,X5,ICE,3992,514598578.9
2018,2,Europe,X7,ICE,3288,444544666.32
2018,2,Europe,i4,ICE,5362,390086166.97
2018,2,Europe,iX,EV,6382,694172692.42
2018,2,Europe,i7,ICE,7491,1071304923.09
2018,2,Europe,M3,ICE,2384,347328408.01
2018,2,Europe,M5,ICE,1428,106748737.48
2018,2,Europe,Z4,Hybrid,4203,394298778.78
2018,2,Europe,2 Series,ICE,4737,189974786.17
2018,2,Europe,4 Series,ICE,5366,520083342.89
2018,2,Europe,1 Series,Hybrid,7045,406207935.72
2018,2,North America,3 Series,ICE,6690,713574614.64
2018,2,North America,5 Series,Hybrid,1620,112650038.57
2018,2,North America,7 Series,ICE,3644,419712158.05
2018,2,North America,X3,ICE,2021,289289622.53
2018,2,North America,X5,Hybrid,7122,715384276.89
2018,2,North America,X7,ICE,6230,423609332.45
2018,2,North America,i4,ICE,5419,390485886.23
2018,2,North America,iX,ICE,5515,493131508.76
2018,2,North America,i7,EV,7518,832752588.6
2018,2,North America,M3,ICE,6174,454077013.22
2018,2,North America,M5,Hybrid,6123,432885313.69
2018,2,North America,Z4,Hybrid,1463,92398533.83
2018,2,North America,2 Series,ICE,8061,704312619.33
2018,2,North America,4 Series,EV,4736,545022378.99
2018,2,North America,1 Series,ICE,2233,254732997.57
2018,2,China,3 Series,EV,8159,385574261.56
2018,2,China,5 Series,ICE,2116,243403171.67
2018,2,China,7 Series,ICE,4684,620904856.86
2018,2,China,X3,ICE,6990,671600366.45
2018,2,China,X5,ICE,3517,483636672.82
2018,2,China,X7,Hybrid,7143,600549061.02
2018,2,China,i4,EV,4646,559937666.19
2018,2,China,iX,ICE,2821,371199118.76
2018,2,China,i7,ICE,6913,740216873.66
2018,2,China,M3,ICE,1206,74731914.33
2018,2,China,M5,ICE,7909,402671052.04
2018,2,China,Z4,ICE,5539,330149773.42
2018,2,China,2 Series,ICE,3251,269228434.03
2018,2,China,4 Series,ICE,3810,470636017.64
2018,2,China,1 Series,EV,730,89821664.67
2018,2,Asia Pacific,3 Series,ICE,620,42991082.11
2018,2,Asia Pacific,5 Series,ICE,8865,737456722.11
2018,2,Asia Pacific,7 Series,Hybrid,5420,749305812.83
2018,2,Asia Pacific,X3,ICE,2682,102822125.22
2018,2,Asia Pacific,X5,ICE,6605,781245069.91
2018,2,Asia Pacific,X7,Hybrid,1767,170381592.14
2018,2,Asia Pacific,i4,EV,5451,207774324.28
2018,2,Asia Pacific,iX,Hybrid,1788,99947122.43
2018,2,Asia Pacific,i7,ICE,2905,210866012.27
2018,2,Asia Pacific,M3,Hybrid,3365,485867214.28
2018,2,Asia Pacific,M5,ICE,6418,238936222.67
2018,2,Asia Pacific,Z4,ICE,3087,132404864.6
2018,2,Asia Pacific,2 Series,EV,892,128631171.54
2018,2,Asia Pacific,4 Series,ICE,690,43078541.14
2018,2,Asia Pacific,1 Series,ICE,1464,87936510.11
2018,2,Middle East & Africa,3 Series,Hybrid,6515,681974952.58
2018,2,Middle East & Africa,5 Series,EV,5645,729444839.83
2018,2,Middle East & Africa,7 Series,EV,1417,200961808.53
2018,2,Middle East & Africa,X3,ICE,9029,727875189.53
2018,2,Middle East & Africa,X5,Hybrid,1153,150484645.78
2018,2,Middle East & Africa,X7,ICE,6718,892041047.72
2018,2,Middle East & Africa,i4,Hybrid,1623,162433481.8
2018,2,Middle East & Africa,iX,ICE,4759,369372881.99
2018,2,Middle East & Africa,i7,ICE,2813,234341902.37
2018,2,Middle East & Africa,M3,ICE,4610,498305444.0
2018,2,Middle East & Africa,M5,Hybrid,5638,311531921.46
2018,2,Middle East & Africa,Z4,ICE,5426,694218230.54
2018,2,Middle East & Africa,2 Series,ICE,4413,573511180.03
2018,2,Middle East & Africa,4 Series,ICE,3471,453083747.16
2018,2,Middle East & Africa,1 Series,ICE,7608,922886708.5
2018,2,Latin America,3 Series,ICE,5756,220457676.52
2018,2,Latin America,5 Series,EV,1981,150169449.67
2018,2,Latin America,7 Series,ICE,3108,359397096.04
2018,2,Latin America,X3,ICE,585,33328320.89
2018,2,Latin America,X5,ICE,3815,466150787.6
2018,2,Latin America,X7,Hybrid,6159,533000310.85
2018,2,Latin America,i4,ICE,2666,305405023.94
2018,2,Latin America,iX,ICE,5057,498869964.35
2018,2,Latin America,i7,ICE,6709,506249135.42
2018,2,Latin America,M3,ICE,2786,136166938.92
2018,2,Latin America,M5,ICE,1586,228940558.24
2018,2,Latin America,Z4,Hybrid,1892,171571928.61
2018,2,Latin America,2 Series,Hybrid,6776,457683909.54
2018,2,Latin America,4 Series,ICE,1962,150095595.63
2018,2,Latin America,1 Series,ICE,6364,423497487.62
2018,3,Europe,3 Series,EV,4719,677508272.61
2018,3,Europe,5 Series,Hybrid,6647,899756329.03
2018,3,Europe,7 Series,ICE,4317,320240163.75
2018,3,Europe,X3,EV,2907,261452255.95
2018,3,Europe,X5,Hybrid,3772,382320237.25
2018,3,Europe,X7,Hybrid,1558,155373970.61
2018,3,Europe,i4,ICE,2243,275689364.5
2018,3,Europe,iX,Hybrid,7224,897255165.04
2018,3,Europe,i7,ICE,7805,1045239095.08
2018,3,Europe,M3,EV,3062,128378897.08
2018,3,Europe,M5,EV,1488,87636666.44
2018,3,Europe,Z4,ICE,5167,323374087.9
2018,3,Europe,2 Series,ICE,1516,131600815.86
2018,3,Europe,4 Series,ICE,2480,168967514.51
2018,3,Europe,1 Series,ICE,7437,848184389.82
2018,3,North America,3 Series,EV,7560,777363068.86
2018,3,North America,5 Series,Hybrid,2072,202278323.6
2018,3,North America,7 Series,Hybrid,7382,379118649.8
2018,3,North America,X3,ICE,6589,798126479.53
2018,3,North America,X5,ICE,2811,249898649.36
2018,3,North America,X7,ICE,4301,398076045.89
2018,3,North America,i4,ICE,1192,163642089.66
2018,3,North America,iX,Hybrid,5037,229196555.72
2018,3,North America,i7,EV,8142,834710814.65
2018,3,North America,M3,ICE,7113,469413671.69
2018,3,North America,M5,ICE,6042,572061645.63
2018,3,North America,Z4,ICE,2512,257010022.15
2018,3,North America,2 Series,Hybrid,5165,459949424.35
2018,3,North America,4 Series,ICE,3289,439539676.96
2018,3,North America,1 Series,ICE,6173,686419739.99
2018,3,China,3 Series,ICE,6831,596380314.89
2018,3,China,5 Series,ICE,2785,344902787.01
2018,3,China,7 Series,EV,8319,920338826.84
2018,3,China,X3,ICE,3365,318398083.9
2018,3,China,X5,Hybrid,4755,582006824.88
2018,3,China,X7,ICE,4445,302808298.19
2018,3,China,i4,EV,3962,582064883.69
2018,3,China,iX,Hybrid,2614,184904599.1
2018,3,China,i7,ICE,3373,502946583.09
2018,3,China,M3,EV,4854,531448025.38
2018,3,China,M5,ICE,5972,693482599.2
2018,3,China,Z4,ICE,5093,321006973.03
2018,3,China,2 Series,ICE,3303,343275583.97
2018,3,China,4 Series,Hybrid,1794,119782601.68
2018,3,China,1 Series,Hybrid,3711,466055218.67
2018,3,Asia Pacific,3 Series,ICE,487,33765620.37
2018,3,Asia Pacific,5 Series,ICE,5887,306644841.22
2018,3,Asia Pacific,7 Series,ICE,3159,387705200.69
2018,3,Asia Pacific,X3,ICE,3483,514749374.71
2018,3,Asia Pacific,X5,ICE,3346,415531758.57
2018,3,Asia Pacific,X7,ICE,6546,916731096.03
2018,3,Asia Pacific,i4,ICE,6456,710044987.4
2018,3,Asia Pacific,iX,ICE,712,103963151.96
2018,3,Asia Pacific,i7,ICE,1470,125883764.76
2018,3,Asia Pacific,M3,ICE,3626,187021366.9
2018,3,Asia Pacific,M5,EV,1538,192058378.27
2018,3,Asia Pacific,Z4,ICE,5929,650596374.01
2018,3,Asia Pacific,2 Series,EV,7873,758693973.53
2018,3,Asia Pacific,4 Series,EV,6003,734354242.06
2018,3,Asia Pacific,1 Series,EV,821,50900832.5
2018,3,Middle East & Africa,3 Series,Hybrid,3279,396359395.4
2018,3,Middle East & Africa,5 Series,ICE,1408,163254003.08
2018,3,Middle East & Africa,7 Series,ICE,1970,273620721.26
2018,3,Middle East & Africa,X3,ICE,6086,463894908.64
2018,3,Middle East & Africa,X5,ICE,2523,252506197.52
2018,3,Middle East & Africa,X7,Hybrid,1707,179391285.23
2018,3,Middle East & Africa,i4,ICE,5622,786941343.73
2018,3,Middle East & Africa,iX,ICE,4453,391198754.78
2018,3,Middle East & Africa,i7,Hybrid,8581,1189661977.35
2018,3,Middle East & Africa,M3,Hybrid,1564,224750081.3
2018,3,Middle East & Africa,M5,EV,3072,257419861.78
2018,3,Middle East & Africa,Z4,ICE,6983,1046946944.91
2018,3,Middle East & Africa,2 Series,EV,1264,127374682.56
2018,3,Middle East & Africa,4 Series,ICE,5845,861924833.92
2018,3,Middle East & Africa,1 Series,Hybrid,2342,314958602.22
2018,3,Latin America,3 Series,Hybrid,1011,122022440.5
2018,3,Latin America,5 Series,Hybrid,7389,937434403.65
2018,3,Latin America,7 Series,Hybrid,3100,176282054.18
2018,3,Latin America,X3,ICE,7132,790267515.74
2018,3,Latin America,X5,Hybrid,4963,531823577.75
2018,3,Latin America,X7,ICE,6836,694886151.35
2018,3,Latin America,i4,Hybrid,1390,100876052.25
2018,3,Latin America,iX,ICE,1907,185039818.58
2018,3,Latin America,i7,EV,4850,321752129.86
2018,3,Latin America,M3,ICE,8764,792375153.82
2018,3,Latin America,M5,Hybrid,7350,937027553.26
2018,3,Latin America,Z4,ICE,995,145416786.47
2018,3,Latin America,2 Series,EV,6768,546193314.95
2018,3,Latin America,4 Series,Hybrid,4861,612138080.67
2018,3,Latin America,1 Series,ICE,4342,336015876.92
2018,4,Europe,3 Series,Hybrid,2714,351674663.89
2018,4,Europe,5 Series,EV,1459,130171746.29
2018,4,Europe,7 Series,Hybrid,4835,508445952.95
2018,4,Europe,X3,Hybrid,6259,873628581.33
2018,4,Europe,X5,ICE,3401,136770817.99
2018,4,Europe,X7,ICE,4012,248752038.96
2018,4,Europe,i4,ICE,3631,407056577.97
2018,4,Europe,iX,Hybrid,4805,578334300.83
2018,4,Europe,i7,ICE,4079,533837919.98
2018,4,Europe,M3,Hybrid,2399,186188657.67
2018,4,Europe,M5,ICE,2693,125024630.47
2018,4,Europe,Z4,Hybrid,5557,606574796.91
2018,4,Europe,2 Series,ICE,2503,122768064.34
2018,4,Europe,4 Series,Hybrid,3707,220166769.64
2018,4,Europe,1 Series,Hybrid,583,42765121.39
2018,4,North America,3 Series,EV,7080,303662386.43
2018,4,North America,5 Series,Hybrid,2253,289512962.14
2018,4,North America,7 Series,ICE,6119,847855181.81
2018,4,North America,X3,ICE,8625,1281378645.02
2018,4,North America,X5,ICE,6353,705320408.39
2018,4,North America,X7,ICE,594,74647758.12
2018,4,North America,i4,ICE,567,23261677.96
2018,4,North America,iX,Hybrid,4251,179856300.32
2018,4,North America,i7,ICE,3478,165348332.38
2018,4,North America,M3,ICE,4779,597714808.59
2018,4,North America,M5,EV,4487,489012009.75
2018,4,North America,Z4,ICE,4883,410276819.54
2018,4,North America,2 Series,ICE,7113,309070038.04
2018,4,North America,4 Series,ICE,4904,242807008.14
2018,4,North America,1 Series,Hybrid,5371,388840666.85
2018,4,China,3 Series,EV,4547,423500184.6
2018,4,China,5 Series,ICE,7420,987388042.73
2018,4,China,7 Series,Hybrid,6903,928671747.36
2018,4,China,X3,ICE,7141,528270729.36
2018,4,China,X5,ICE,4176,296258219.6
2018,4,China,X7,ICE,2490,130858156.11
2018,4,China,i4,EV,920,41231549.01
2018,4,China,iX,ICE,7071,907587370.86
2018,4,China,i7,ICE,6030,600549340.95
2018,4,China,M3,Hybrid,3695,412044820.46
2018,4,China,M5,Hybrid,8560,350243521.12
2018,4,China,Z4,ICE,2922,296467959.73
2018,4,China,2 Series,ICE,5847,774356844.26
2018,4,China,4 Series,ICE,4855,595706789.45
2018,4,China,1 Series,ICE,6960,692596947.68
2018,4,Asia Pacific,3 Series,Hybrid,5783,629828865.41
2018,4,Asia Pacific,5 Series,ICE,6469,425378723.41
2018,4,Asia Pacific,7 Series,ICE,6748,951311547.07
2018,4,Asia Pacific,X3,ICE,2206,220879998.53
2018,4,Asia Pacific,X5,ICE,1782,261523088.62
2018,4,Asia Pacific,X7,ICE,4430,368933663.95
2018,4,Asia Pacific,i4,ICE,3331,240844732.55
2018,4,Asia Pacific,iX,EV,4713,193468720.88
2018,4,Asia Pacific,i7,ICE,4809,213432440.08
2018,4,Asia Pacific,M3,ICE,3955,339477747.21
2018,4,Asia Pacific,M5,ICE,6708,501053244.18
2018,4,Asia Pacific,Z4,ICE,6379,580251488.38
2018,4,Asia Pacific,2 Series,Hybrid,798,118272578.06
2018,4,Asia Pacific,4 Series,ICE,2044,121192659.16
2018,4,Asia Pacific,1 Series,ICE,2429,118530826.65
2018,4,Middle East & Africa,3 Series,ICE,3635,286161217.5
2018,4,Middle East & Africa,5 Series,Hybrid,4679,523231700.49
2018,4,Middle East & Africa,7 Series,ICE,4159,165797537.17
2018,4,Middle East & Africa,X3,ICE,1260,127527502.39
2018,4,Middle East & Africa,X5,ICE,6577,449171273.32
2018,4,Middle East & Africa,X7,ICE,2848,410042638.59
2018,4,Middle East & Africa,i4,ICE,6923,312469164.35
2018,4,Middle East & Africa,iX,Hybrid,2444,198090425.37
2018,4,Middle East & Africa,i7,ICE,7196,532820820.68
2018,4,Middle East & Africa,M3,ICE,1638,176610530.52
2018,4,Middle East & Africa,M5,ICE,2342,176067240.25
2018,4,Middle East & Africa,Z4,Hybrid,7522,391026138.83
2018,4,Middle East & Africa,2 Series,ICE,2360,246091084.6
2018,4,Middle East & Africa,4 Series,Hybrid,5121,739465210.97
2018,4,Middle East & Africa,1 Series,Hybrid,4628,566401816.56
2018,4,Latin America,3 Series,ICE,7874,850858980.89
2018,4,Latin America,5 Series,Hybrid,8649,617157809.32
2018,4,Latin America,7 Series,ICE,4265,297800852.92
2018,4,Latin America,X3,ICE,917,39918775.65
2018,4,Latin America,X5,ICE,700,91451578.85
2018,4,Latin America,X7,ICE,8664,393207824.74
2018,4,Latin America,i4,ICE,3608,356276948.8
2018,4,Latin America,iX,Hybrid,6759,943155895.5
2018,4,Latin America,i7,ICE,1932,173295257.43
2018,4,Latin America,M3,ICE,991,127106832.65
2018,4,Latin America,M5,Hybrid,5559,607624357.46
2018,4,Latin America,Z4,ICE,6178,528426000.39
2018,4,Latin America,2 Series,ICE,1726,242611273.27
2018,4,Latin America,4 Series,ICE,6512,675664764.62
2018,4,Latin America,1 Series,Hybrid,5514,402050204.73
2018,5,Europe,3 Series,ICE,3428,405290281.48
2018,5,Europe,5 Series,Hybrid,8168,427128673.74
2018,5,Europe,7 Series,ICE,5297,398490081.83
2018,5,Europe,X3,EV,6523,325037441.69
2018,5,Europe,X5,Hybrid,1125,88107885.22
2018,5,Europe,X7,Hybrid,6361,736766325.44
2018,5,Europe,i4,EV,6870,314282515.05
2018,5,Europe,iX,Hybrid,4471,342920030.47
2018,5,Europe,i7,ICE,2146,264189690.49
2018,5,Europe,M3,ICE,1457,100556445.59
2018,5,Europe,M5,Hybrid,5036,659911296.4
2018,5,Europe,Z4,EV,848,115145823.18
2018,5,Europe,2 Series,Hybrid,5192,278594565.39
2018,5,Europe,4 Series,Hybrid,7071,981493252.18
2018,5,Europe,1 Series,Hybrid,834,94059967.87
2018,5,North America,3 Series,ICE,4275,519519306.55
2018,5,North America,5 Series,Hybrid,2440,172236691.78
2018,5,North America,7 Series,Hybrid,4868,278994135.77
2018,5,North America,X3,Hybrid,5923,521776008.92
2018,5,North America,X5,ICE,3631,301903108.11
2018,5,North America,X7,ICE,2327,118481139.85
2018,5,North America,i4,ICE,5718,444227944.94
2018,5,North America,iX,EV,6983,927929639.08
2018,5,North America,i7,ICE,6063,525490579.81
2018,5,North America,M3,ICE,7169,1031171218.49
2018,5,North America,M5,ICE,4679,664437986.91
2018,5,North America,Z4,ICE,3749,232867179.88
2018,5,North America,2 Series,EV,3275,234649691.22
2018,5,North America,4 Series,ICE,6639,836572246.01
2018,5,North America,1 Series,ICE,3206,286399409.27
2018,5,China,3 Series,Hybrid,7130,617380778.59
2018,5,China,5 Series,ICE,983,58783690.59
2018,5,China,7 Series,ICE,6667,557856539.96
2018,5,China,X3,Hybrid,2300,93129728.63
2018,5,China,X5,ICE,7261,306579913.2
2018,5,China,X7,Hybrid,4727,174379339.64
2018,5,China,i4,ICE,2643,181035664.32
2018,5,China,iX,ICE,3126,259161884.8
2018,5,China,i7,Hybrid,1209,92451543.45
2018,5,China,M3,EV,4967,738384886.23
2018,5,China,M5,ICE,4112,164506558.97
2018,5,China,Z4,ICE,3295,121479587.42
2018,5,China,2 Series,Hybrid,3065,338887873.39
2018,5,China,4 Series,ICE,5637,412851850.47
2018,5,China,1 Series,ICE,4731,515307596.93
2018,5,Asia Pacific,3 Series,Hybrid,6043,694762283.73
2018,5,Asia Pacific,5 Series,Hybrid,6364,746784735.85
2018,5,Asia Pacific,7 Series,EV,752,30108366.72
2018,5,Asia Pacific,X3,ICE,796,56244346.32
2018,5,Asia Pacific,X5,ICE,7271,466297104.48
2018,5,Asia Pacific,X7,Hybrid,1932,259169938.7
2018,5,Asia Pacific,i4,ICE,5574,274879725.03
2018,5,Asia Pacific,iX,ICE,7552,646222471.64
2018,5,Asia Pacific,i7,EV,3742,344501134.48
2018,5,Asia Pacific,M3,ICE,7071,898950584.49
2018,5,Asia Pacific,M5,Hybrid,1122,167667516.21
2018,5,Asia Pacific,Z4,ICE,2750,121571793.13
2018,5,Asia Pacific,2 Series,Hybrid,2961,348009986.25
2018,5,Asia Pacific,4 Series,ICE,3951,157529703.57
2018,5,Asia Pacific,1 Series,EV,3504,297903625.53
2018,5,Middle East & Africa,3 Series,Hybrid,7921,345591122.81
2018,5,Middle East & Africa,5 Series,Hybrid,3489,423000317.72
2018,5,Middle East & Africa,7 Series,ICE,674,70682975.74
2018,5,Middle East & Africa,X3,Hybrid,696,43249070.25
2018,5,Middle East & Africa,X5,Hybrid,3344,335179599.42
2018,5,Middle East & Africa,X7,Hybrid,5970,463635682.66
2018,5,Middle East & Africa,i4,ICE,1154,110654620.88
2018,5,Middle East & Africa,iX,ICE,5434,790428585.86
2018,5,Middle East & Africa,i7,ICE,2023,160835679.03
2018,5,Middle East & Africa,M3,ICE,2862,331889964.8
2018,5,Middle East & Africa,M5,ICE,5157,724017399.7
2018,5,Middle East & Africa,Z4,ICE,1339,58267903.25
2018,5,Middle East & Africa,2 Series,ICE,6238,281308443.95
2018,5,Middle East & Africa,4 Series,Hybrid,8509,951319609.39
2018,5,Middle East & Africa,1 Series,Hybrid,5068,696865931.11
2018,5,Latin America,3 Series,EV,6729,777369167.94
2018,5,Latin America,5 Series,ICE,3470,169879687.7
2018,5,Latin America,7 Series,ICE,1507,138361471.87
2018,5,Latin America,X3,ICE,4983,634939333.94
2018,5,Latin America,X5,ICE,6148,261665225.39
2018,5,Latin America,X7,ICE,6791,648234907.07
2018,5,Latin America,i4,Hybrid,7406,365949567.18
2018,5,Latin America,iX,ICE,1090,123401661.98
2018,5,Latin America,i7,ICE,8451,831577521.22
2018,5,Latin America,M3,ICE,7738,655804034.59
2018,5,Latin America,M5,EV,1047,99027087.31
2018,5,Latin America,Z4,ICE,1728,201438481.38
2018,5,Latin America,2 Series,ICE,5312,702683982.42
2018,5,Latin America,4 Series,ICE,6482,431454033.69
2018,5,Latin America,1 Series,Hybrid,5588,518543554.27
2018,6,Europe,3 Series,ICE,4710,521652660.87
2018,6,Europe,5 Series,Hybrid,5191,733238708.47
2018,6,Europe,7 Series,ICE,6504,261643610.39
2018,6,Europe,X3,Hybrid,4855,287624588.6
2018,6,Europe,X5,ICE,5794,534637739.85
2018,6,Europe,X7,Hybrid,2994,208804024.03
2018,6,Europe,i4,ICE,7507,519521148.37
2018,6,Europe,iX,ICE,888,73523292.72
2018,6,Europe,i7,ICE,3391,240581234.32
2018,6,Europe,M3,Hybrid,7467,557916427.33
2018,6,Europe,M5,ICE,6469,644246997.19
2018,6,Europe,Z4,ICE,3831,332161267.02
2018,6,Europe,2 Series,ICE,856,67775709.61
2018,6,Europe,4 Series,Hybrid,2884,400200408.91
2018,6,Europe,1 Series,Hybrid,5579,317059711.83
2018,6,North America,3 Series,ICE,4669,635421491.44
2018,6,North America,5 Series,ICE,1402,130562810.77
2018,6,North America,7 Series,EV,2318,94100798.5
2018,6,North America,X3,ICE,6012,662762304.3
2018,6,North America,X5,ICE,4173,197642313.3
2018,6,North America,X7,ICE,2847,349735523.87
2018,6,North America,i4,ICE,3271,325820841.09
2018,6,North America,iX,ICE,2497,232194496.47
2018,6,North America,i7,Hybrid,3063,326738729.87
2018,6,North America,M3,Hybrid,1775,142530595.36
2018,6,North America,M5,Hybrid,3333,256790094.82
2018,6,North America,Z4,ICE,5449,504081317.1
2018,6,North America,2 Series,ICE,1725,219861726.52
2018,6,North America,4 Series,ICE,1774,167258324.42
2018,6,North America,1 Series,ICE,5221,418670828.87
2018,6,China,3 Series,Hybrid,6956,512538579.31
2018,6,China,5 Series,Hybrid,4845,483222324.92
2018,6,China,7 Series,ICE,610,68617518.43
2018,6,China,X3,EV,4976,688470487.7
2018,6,China,X5,EV,4851,434542269.78
2018,6,China,X7,EV,7891,801130209.89
2018,6,China,i4,ICE,943,51496180.54
2018,6,China,iX,Hybrid,6035,475086598.16
2018,6,China,i7,Hybrid,2134,307389030.96
2018,6,China,M3,ICE,643,53471709.15
2018,6,China,M5,ICE,2111,262021150.85
2018,6,China,Z4,EV,8449,1002484338.4
2018,6,China,2 Series,Hybrid,4332,313553177.06
2018,6,China,4 Series,Hybrid,4626,670857114.99
2018,6,China,1 Series,ICE,4636,351144565.13
2018,6,Asia Pacific,3 Series,Hybrid,6752,860340116.58
2018,6,Asia Pacific,5 Series,ICE,4053,256756336.47
2018,6,Asia Pacific,7 Series,ICE,2652,392389745.22
2018,6,Asia Pacific,X3,Hybrid,5723,664289498.21
2018,6,Asia Pacific,X5,ICE,3417,486805706.14
2018,6,Asia Pacific,X7,Hybrid,2532,285638865.53
2018,6,Asia Pacific,i4,ICE,4088,591860718.86
2018,6,Asia Pacific,iX,Hybrid,2483,359690055.51
2018,6,Asia Pacific,i7,ICE,4315,521873047.02
2018,6,Asia Pacific,M3,ICE,7366,1048165244.07
2018,6,Asia Pacific,M5,Hybrid,1433,172250128.5
2018,6,Asia Pacific,Z4,ICE,961,92323050.24
2018,6,Asia Pacific,2 Series,Hybrid,818,59700721.16
2018,6,Asia Pacific,4 Series,ICE,6573,233971629.43
2018,6,Asia Pacific,1 Series,ICE,1742,248284980.31
2018,6,Middle East & Africa,3 Series,EV,4610,562096248.15
2018,6,Middle East & Africa,5 Series,ICE,2962,412940566.25
2018,6,Middle East & Africa,7 Series,ICE,4785,573955726.04
2018,6,Middle East & Africa,X3,EV,904,49839734.06
2018,6,Middle East & Africa,X5,EV,2192,85880549.19
2018,6,Middle East & Africa,X7,Hybrid,6944,990978279.23
2018,6,Middle East & Africa,i4,EV,3195,115229989.38
2018,6,Middle East & Africa,iX,ICE,1556,114412435.82
2018,6,Middle East & Africa,i7,ICE,5827,534918182.43
2018,6,Middle East & Africa,M3,EV,7480,496494457.5
2018,6,Middle East & Africa,M5,Hybrid,2883,253055798.3
2018,6,Middle East & Africa,Z4,ICE,1729,127544700.18
2018,6,Middle East & Africa,2 Series,ICE,6488,358020265.11
2018,6,Middle East & Africa,4 Series,EV,7625,641917287.62
2018,6,Middle East & Africa,1 Series,ICE,3975,223593106.53
2018,6,Latin America,3 Series,ICE,3561,127432036.81
2018,6,Latin America,5 Series,ICE,4475,647595170.61
2018,6,Latin America,7 Series,ICE,6561,426980775.59
2018,6,Latin America,X3,ICE,2115,102780238.61
2018,6,Latin America,X5,ICE,4034,569428110.93
2018,6,Latin America,X7,EV,6420,311388045.16
2018,6,Latin America,i4,EV,2800,169113455.27
2018,6,Latin America,iX,EV,3957,478755476.32
2018,6,Latin America,i7,Hybrid,4142,579762541.8
2018,6,Latin America,M3,Hybrid,7416,445830168.27
2018,6,Latin America,M5,ICE,6874,863014404.01
2018,6,Latin America,Z4,ICE,5121,225230864.61
2018,6,Latin America,2 Series,ICE,1104,153270680.82
2018,6,Latin America,4 Series,ICE,4381,318645587.66
2018,6,Latin America,1 Series,ICE,1530,179691716.15
2018,7,Europe,3 Series,ICE,7887,1009532762.9
2018,7,Europe,5 Series,ICE,4584,457711420.34
2018,7,Europe,7 Series,ICE,6564,775715201.06
2018,7,Europe,X3,ICE,6116,367318706.44
2018,7,Europe,X5,ICE,3784,160185763.35
2018,7,Europe,X7,EV,6813,970063484.41
2018,7,Europe,i4,ICE,3479,175948058.05
2018,7,Europe,iX,Hybrid,6757,563139346.42
2018,7,Europe,i7,EV,3576,502314404.13
2018,7,Europe,M3,ICE,1220,135549493.1
2018,7,Europe,M5,ICE,6485,315448650.33
2018,7,Europe,Z4,EV,3751,445257526.95
2018,7,Europe,2 Series,ICE,568,83795011.39
2018,7,Europe,4 Series,ICE,6475,622716063.23
2018,7,Europe,1 Series,Hybrid,2497,131938877.92
2018,7,North America,3 Series,ICE,8186,392740814.49
2018,7,North America,5 Series,Hybrid,4069,580513495.95
2018,7,North America,7 Series,EV,2253,104996833.88
2018,7,North America,X3,ICE,5675,767852629.16
2018,7,North America,X5,ICE,836,51789378.23
2018,7,North America,X7,ICE,8202,419250078.52
2018,7,North America,i4,EV,2647,315322579.45
2018,7,North America,iX,ICE,5839,753896565.69
2018,7,North America,i7,ICE,6856,760497883.43
2018,7,North America,M3,ICE,2761,273401353.27
2018,7,North America,M5,ICE,7327,783909947.75
2018,7,North America,Z4,ICE,3940,293954359.37
2018,7,North America,2 Series,Hybrid,3932,281745346.91
2018,7,North America,4 Series,ICE,1618,90844361.58
2018,7,North America,1 Series,ICE,2733,190174952.75
2018,7,China,3 Series,Hybrid,7021,292261429.05
2018,7,China,5 Series,ICE,3979,200623831.49
2018,7,China,7 Series,ICE,2054,90567227.07
2018,7,China,X3,ICE,3106,367524413.39
2018,7,China,X5,ICE,2599,271781292.98
2018,7,China,X7,ICE,993,121736922.4
2018,7,China,i4,Hybrid,4646,274217351.12
2018,7,China,iX,EV,3391,124664608.75
2018,7,China,i7,EV,5819,872563593.52
2018,7,China,M3,ICE,2632,305136674.6
2018,7,China,M5,ICE,2498,310211872.9
2018,7,China,Z4,ICE,5088,358544046.98
2018,7,China,2 Series,ICE,7724,357929747.77
2018,7,China,4 Series,EV,4687,336652341.67
2018,7,China,1 Series,ICE,2983,297376295.13
2018,7,Asia Pacific,3 Series,ICE,1448,142817441.56
2018,7,Asia Pacific,5 Series,ICE,6239,327717900.64
2018,7,Asia Pacific,7 Series,ICE,3686,233172496.64
2018,7,Asia Pacific,X3,ICE,5812,713634974.98
2018,7,Asia Pacific,X5,ICE,6700,612503896.38
2018,7,Asia Pacific,X7,ICE,6701,342389141.5
2018,7,Asia Pacific,i4,ICE,2258,219806677.23
2018,7,Asia Pacific,iX,Hybrid,988,129914962.24
2018,7,Asia Pacific,i7,ICE,7564,929607786.47
2018,7,Asia Pacific,M3,ICE,7692,329343081.84
2018,7,Asia Pacific,M5,ICE,2294,178744074.74
2018,7,Asia Pacific,Z4,Hybrid,6738,943093719.73
2018,7,Asia Pacific,2 Series,Hybrid,535,52664870.09
2018,7,Asia Pacific,4 Series,ICE,5158,498313770.51
2018,7,Asia Pacific,1 Series,ICE,5047,567857095.57
2018,7,Middle East & Africa,3 Series,Hybrid,7186,1010176384.57
2018,7,Middle East & Africa,5 Series,ICE,2245,214492774.03
2018,7,Middle East & Africa,7 Series,Hybrid,2926,128999185.35
2018,7,Middle East & Africa,X3,EV,4343,646571936.49
2018,7,Middle East & Africa,X5,ICE,6703,296748148.62
2018,7,Middle East & Africa,X7,EV,6276,287143054.79
2018,7,Middle East & Africa,i4,ICE,4990,540047883.16
2018,7,Middle East & Africa,iX,Hybrid,1176,99841941.33
2018,7,Middle East & Africa,i7,Hybrid,5870,862840520.29
2018,7,Middle East & Africa,M3,EV,779,108005538.03
2018,7,Middle East & Africa,M5,Hybrid,5105,206010368.97
2018,7,Middle East & Africa,Z4,ICE,3130,312385375.56
2018,7,Middle East & Africa,2 Series,ICE,7050,1026261145.69
2018,7,Middle East & Africa,4 Series,ICE,7302,944906362.09
2018,7,Middle East & Africa,1 Series,EV,2652,166159209.82
2018,7,Latin America,3 Series,Hybrid,3882,377193286.07
2018,7,Latin America,5 Series,ICE,5850,869748546.19
2018,7,Latin America,7 Series,Hybrid,4940,369382780.92
2018,7,Latin America,X3,ICE,2644,196100630.49
2018,7,Latin America,X5,Hybrid,5212,646073345.63
2018,7,Latin America,X7,ICE,2971,257922232.29
2018,7,Latin America,i4,ICE,5695,482153016.19
2018,7,Latin America,iX,Hybrid,5699,705531934.16
2018,7,Latin America,i7,ICE,2678,118995245.84
2018,7,Latin America,M3,ICE,6869,362283715.58
2018,7,Latin America,M5,ICE,3046,108429834.44
2018,7,Latin America,Z4,ICE,3718,173841085.73
2018,7,Latin America,2 Series,ICE,3968,392018957.08
2018,7,Latin America,4 Series,ICE,626,61808283.79
2018,7,Latin America,1 Series,ICE,6561,520302787.24
2018,8,Europe,3 Series,ICE,3983,471416098.54
2018,8,Europe,5 Series,ICE,2541,138489673.96
2018,8,Europe,7 Series,ICE,1523,100315108.49
2018,8,Europe,X3,ICE,1832,152837840.94
2018,8,Europe,X5,ICE,1082,155359580.25
2018,8,Europe,X7,Hybrid,4689,269561447.04
2018,8,Europe,i4,ICE,2551,205367177.25
2018,8,Europe,iX,Hybrid,3941,287288248.94
2018,8,Europe,i7,ICE,7876,865330124.1
2018,8,Europe,M3,ICE,2801,403167749.97
2018,8,Europe,M5,ICE,2775,224213206.78
2018,8,Europe,Z4,ICE,6901,631205768.62
2018,8,Europe,2 Series,ICE,2355,158337287.17
2018,8,Europe,4 Series,Hybrid,3085,308015064.2
2018,8,Europe,1 Series,ICE,4491,553632782.73
2018,8,North America,3 Series,ICE,6382,743261829.93
2018,8,North America,5 Series,ICE,3172,136247700.35
2018,8,North America,7 Series,Hybrid,6821,630395931.62
2018,8,North America,X3,Hybrid,2297,121112706.1
2018,8,North America,X5,ICE,3129,466003755.6
2018,8,North America,X7,ICE,3822,539674088.76
2018,8,North America,i4,EV,3977,500835165.02
2018,8,North America,iX,ICE,8569,885085955.88
2018,8,North America,i7,EV,1507,166710653.01
2018,8,North America,M3,ICE,5996,598222920.29
2018,8,North America,M5,Hybrid,5623,683523554.8
2018,8,North America,Z4,EV,3550,164506127.54
2018,8,North America,2 Series,ICE,6655,677210164.52
2018,8,North America,4 Series,ICE,3994,352479562.32
2018,8,North America,1 Series,Hybrid,6156,459676212.38
2018,8,China,3 Series,ICE,1272,179177694.83
2018,8,China,5 Series,ICE,8276,424497932.8
2018,8,China,7 Series,ICE,4590,435720462.91
2018,8,China,X3,ICE,1274,146672786.03
2018,8,China,X5,ICE,2554,298152897.08
2018,8,China,X7,ICE,3456,390082256.46
2018,8,China,i4,ICE,6061,333731520.08
2018,8,China,iX,ICE,4973,438301462.4
2018,8,China,i7,Hybrid,5122,556531272.72
2018,8,China,M3,ICE,791,108015952.66
2018,8,China,M5,ICE,3884,450717210.22
2018,8,China,Z4,ICE,7070,894644345.79
2018,8,China,2 Series,ICE,7835,442680485.9
2018,8,China,4 Series,ICE,3756,421162774.91
2018,8,China,1 Series,ICE,5413,431380996.72
2018,8,Asia Pacific,3 Series,ICE,1369,181029095.26
2018,8,Asia Pacific,5 Series,Hybrid,7539,957984794.02
2018,8,Asia Pacific,7 Series,EV,4669,235336245.7
2018,8,Asia Pacific,X3,ICE,2656,206982606.32
2018,8,Asia Pacific,X5,ICE,3591,182619368.94
2018,8,Asia Pacific,X7,ICE,2012,194758815.49
2018,8,Asia Pacific,i4,EV,1950,178052224.37
2018,8,Asia Pacific,iX,ICE,3392,360339444.53
2018,8,Asia Pacific,i7,EV,575,33027871.51
2018,8,Asia Pacific,M3,ICE,5108,469535188.03
2018,8,Asia Pacific,M5,Hybrid,4150,357078244.26
2018,8,Asia Pacific,Z4,ICE,4408,540074821.07
2018,8,Asia Pacific,2 Series,ICE,2523,172061247.14
2018,8,Asia Pacific,4 Series,Hybrid,5506,677682602.99
2018,8,Asia Pacific,1 Series,ICE,1458,95946933.44
2018,8,Middle East & Africa,3 Series,ICE,3549,433085953.06
2018,8,Middle East & Africa,5 Series,Hybrid,4172,620894598.72
2018,8,Middle East & Africa,7 Series,ICE,7635,484563954.92
2018,8,Middle East & Africa,X3,EV,752,56464936.96
2018,8,Middle East & Africa,X5,Hybrid,4544,220381242.01
2018,8,Middle East & Africa,X7,Hybrid,2425,248832276.77
2018,8,Middle East & Africa,i4,ICE,6531,550166293.86
2018,8,Middle East & Africa,iX,Hybrid,6319,371547171.03
2018,8,Middle East & Africa,i7,ICE,3405,352889548.35
2018,8,Middle East & Africa,M3,ICE,5877,592781205.29
2018,8,Middle East & Africa,M5,EV,5400,610844875.19
2018,8,Middle East & Africa,Z4,ICE,7213,1014569052.62
2018,8,Middle East & Africa,2 Series,EV,7957,920338851.03
2018,8,Middle East & Africa,4 Series,ICE,1805,235147110.2
2018,8,Middle East & Africa,1 Series,Hybrid,5844,300087867.72
2018,8,Latin America,3 Series,Hybrid,5497,478123827.37
2018,8,Latin America,5 Series,Hybrid,8330,677460898.28
2018,8,Latin America,7 Series,Hybrid,7001,542179738.32
2018,8,Latin America,X3,EV,3259,439718595.91
2018,8,Latin America,X5,Hybrid,1350,118424247.1
2018,8,Latin America,X7,Hybrid,3794,479952236.18
2018,8,Latin America,i4,ICE,4410,405244685.65
2018,8,Latin America,iX,ICE,2685,272426459.77
2018,8,Latin America,i7,ICE,4862,670118693.95
2018,8,Latin America,M3,Hybrid,770,96363438.41
2018,8,Latin America,M5,ICE,1712,91023794.43
2018,8,Latin America,Z4,ICE,3646,416329690.17
2018,8,Latin America,2 Series,ICE,5477,742454931.25
2018,8,Latin America,4 Series,EV,1322,84336682.02
2018,8,Latin America,1 Series,ICE,8256,338128910.42
2018,9,Europe,3 Series,Hybrid,6832,423082133.38
2018,9,Europe,5 Series,Hybrid,5503,327667524.72
2018,9,Europe,7 Series,ICE,4922,557160621.9
2018,9,Europe,X3,ICE,5907,288664961.9
2018,9,Europe,X5,EV,5502,237385193.68
2018,9,Europe,X7,ICE,7081,331873556.51
2018,9,Europe,i4,ICE,2629,325859175.32
2018,9,Europe,iX,Hybrid,1657,187026855.88
2018,9,Europe,i7,ICE,4359,478410382.55
2018,9,Europe,M3,ICE,5865,709963623.41
2018,9,Europe,M5,EV,5856,784093162.57
2018,9,Europe,Z4,ICE,1180,58012435.09
2018,9,Europe,2 Series,Hybrid,3848,273854163.24
2018,9,Europe,4 Series,ICE,2888,183501233.07
2018,9,Europe,1 Series,Hybrid,6613,823857525.89
2018,9,North America,3 Series,Hybrid,8220,1115619440.87
2018,9,North America,5 Series,ICE,5486,663817074.66
2018,9,North America,7 Series,ICE,1027,129694154.44
2018,9,North America,X3,ICE,3235,299082194.92
2018,9,North America,X5,ICE,5389,196093349.92
2018,9,North America,X7,ICE,2750,368482428.74
2018,9,North America,i4,ICE,3541,194289662.66
2018,9,North America,iX,ICE,5937,608820364.34
2018,9,North America,i7,ICE,1954,81977957.44
2018,9,North America,M3,Hybrid,4352,508976600.01
2018,9,North America,M5,Hybrid,4209,187212945.94
2018,9,North America,Z4,ICE,4968,221640680.19
2018,9,North America,2 Series,ICE,2471,130637742.5
2018,9,North America,4 Series,ICE,5517,722564491.01
2018,9,North America,1 Series,Hybrid,981,83689987.95
2018,9,China,3 Series,EV,2128,95577996.02
2018,9,China,5 Series,ICE,4355,179984708.45
2018,9,China,7 Series,Hybrid,6315,307767497.69
2018,9,China,X3,Hybrid,5330,490826306.99
2018,9,China,X5,ICE,5139,605826609.71
2018,9,China,X7,ICE,1654,224030837.33
2018,9,China,i4,Hybrid,1586,60864286.65
2018,9,China,iX,Hybrid,2747,179212109.44
2018,9,China,i7,EV,4924,430100293.59
2018,9,China,M3,ICE,5087,275671449.11
2018,9,China,M5,ICE,6020,608019488.88
2018,9,China,Z4,Hybrid,2542,89720851.37
2018,9,China,2 Series,EV,554,49446122.0
2018,9,China,4 Series,ICE,1562,227176259.58
2018,9,China,1 Series,ICE,7958,956365145.91
2018,9,Asia Pacific,3 Series,ICE,2899,406797240.79
2018,9,Asia Pacific,5 Series,ICE,6345,494103799.06
2018,9,Asia Pacific,7 Series,ICE,6829,414290039.84
2018,9,Asia Pacific,X3,ICE,995,42711907.64
2018,9,Asia Pacific,X5,ICE,3042,215161402.3
2018,9,Asia Pacific,X7,ICE,3614,209890938.09
2018,9,Asia Pacific,i4,ICE,3203,201459601.11
2018,9,Asia Pacific,iX,ICE,5219,648340112.48
2018,9,Asia Pacific,i7,Hybrid,5365,339012153.32
2018,9,Asia Pacific,M3,ICE,3307,321697347.27
2018,9,Asia Pacific,M5,Hybrid,6879,993079131.53
2018,9,Asia Pacific,Z4,ICE,5665,679117401.05
2018,9,Asia Pacific,2 Series,ICE,2199,137194012.14
2018,9,Asia Pacific,4 Series,ICE,1130,58051434.4
2018,9,Asia Pacific,1 Series,ICE,967,133627853.32
2018,9,Middle East & Africa,3 Series,ICE,6981,612391982.19
2018,9,Middle East & Africa,5 Series,Hybrid,4619,232585554.55
2018,9,Middle East & Africa,7 Series,Hybrid,1143,48191771.0
2018,9,Middle East & Africa,X3,Hybrid,1446,94010183.23
2018,9,Middle East & Africa,X5,ICE,6833,892857730.6
2018,9,Middle East & Africa,X7,ICE,3920,170869096.06
2018,9,Middle East & Africa,i4,ICE,7447,353969879.66
2018,9,Middle East & Africa,iX,ICE,4139,338358877.02
2018,9,Middle East & Africa,i7,ICE,6212,437668867.74
2018,9,Middle East & Africa,M3,ICE,1299,166107863.61
2018,9,Middle East & Africa,M5,ICE,6642,263275117.33
2018,9,Middle East & Africa,Z4,Hybrid,2848,332598271.09
2018,9,Middle East & Africa,2 Series,EV,3761,424526968.3
2018,9,Middle East & Africa,4 Series,ICE,1653,134727940.29
2018,9,Middle East & Africa,1 Series,ICE,6727,308724947.91
2018,9,Latin America,3 Series,ICE,6245,227162163.3
2018,9,Latin America,5 Series,Hybrid,2062,267487676.94
2018,9,Latin America,7 Series,ICE,6406,286121003.43
2018,9,Latin America,X3,ICE,6245,934711407.21
2018,9,Latin America,X5,ICE,5692,283524372.14
2018,9,Latin America,X7,EV,7969,391203635.41
2018,9,Latin America,i4,EV,822,83019273.41
2018,9,Latin America,iX,Hybrid,3730,294721792.67
2018,9,Latin America,i7,ICE,3108,175671551.06
2018,9,Latin America,M3,ICE,6921,731011636.85
2018,9,Latin America,M5,Hybrid,5445,448554219.78
2018,9,Latin America,Z4,ICE,875,69165912.15
2018,9,Latin America,2 Series,ICE,6429,613767736.76
2018,9,Latin America,4 Series,Hybrid,7163,266792726.11
2018,9,Latin America,1 Series,ICE,6074,592941132.69
2018,10,Europe,3 Series,ICE,8133,585450004.76
2018,10,Europe,5 Series,ICE,674,40566254.78
2018,10,Europe,7 Series,EV,6425,822369138.22
2018,10,Europe,X3,ICE,3702,555132154.59
2018,10,Europe,X5,EV,1220,76533737.16
2018,10,Europe,X7,ICE,7854,325387257.05
2018,10,Europe,i4,EV,2349,347667111.38
2018,10,Europe,iX,ICE,8461,465159412.2
2018,10,Europe,i7,ICE,3390,390619715.82
2018,10,Europe,M3,EV,775,58468671.48
2018,10,Europe,M5,ICE,1695,96016447.13
2018,10,Europe,Z4,EV,8811,857700884.36
2018,10,Europe,2 Series,ICE,710,43843697.19
2018,10,Europe,4 Series,ICE,4780,349654176.27
2018,10,Europe,1 Series,Hybrid,6318,742035375.78
2018,10,North America,3 Series,EV,8235,344625985.71
2018,10,North America,5 Series,ICE,7057,875436003.95
2018,10,North America,7 Series,Hybrid,7243,313919838.61
2018,10,North America,X3,Hybrid,5738,267498098.14
2018,10,North America,X5,ICE,1847,220200231.96
2018,10,North America,X7,ICE,6528,715832609.02
2018,10,North America,i4,ICE,5399,765671057.58
2018,10,North America,iX,Hybrid,2443,314321845.46
2018,10,North America,i7,ICE,6880,341558026.17
2018,10,North America,M3,Hybrid,7091,567522257.89
2018,10,North America,M5,EV,4425,461415533.15
2018,10,North America,Z4,EV,5046,504793152.32
2018,10,North America,2 Series,EV,1568,68910093.05
2018,10,North America,4 Series,ICE,2806,383893992.57
2018,10,North America,1 Series,ICE,6628,787856334.62
2018,10,China,3 Series,ICE,551,35097156.79
2018,10,China,5 Series,ICE,2826,333037211.96
2018,10,China,7 Series,ICE,4374,640557909.05
2018,10,China,X3,EV,5058,381330634.25
2018,10,China,X5,ICE,7244,973346093.19
2018,10,China,X7,Hybrid,5624,488714651.21
2018,10,China,i4,Hybrid,725,51948022.2
2018,10,China,iX,EV,1054,144516148.96
2018,10,China,i7,ICE,1129,156122952.02
2018,10,China,M3,ICE,6147,846571047.57
2018,10,China,M5,Hybrid,4568,246556326.35
2018,10,China,Z4,EV,1546,112975305.28
2018,10,China,2 Series,EV,4079,481462244.28
2018,10,China,4 Series,Hybrid,2801,193832209.63
2018,10,China,1 Series,ICE,3798,499753252.08
2018,10,Asia Pacific,3 Series,ICE,2940,132527148.28
2018,10,Asia Pacific,5 Series,Hybrid,5788,335487540.88
2018,10,Asia Pacific,7 Series,ICE,1977,291333952.47
2018,10,Asia Pacific,X3,ICE,1362,109925310.8
2018,10,Asia Pacific,X5,ICE,5498,598262857.69
2018,10,Asia Pacific,X7,ICE,3948,305895743.91
2018,10,Asia Pacific,i4,ICE,2607,170213879.74
2018,10,Asia Pacific,iX,Hybrid,4448,540463319.89
2018,10,Asia Pacific,i7,Hybrid,1262,161461186.24
2018,10,Asia Pacific,M3,ICE,6876,678415171.28
2018,10,Asia Pacific,M5,Hybrid,7252,1059134192.65
2018,10,Asia Pacific,Z4,Hybrid,4484,278451163.77
2018,10,Asia Pacific,2 Series,ICE,4185,490252475.35
2018,10,Asia Pacific,4 Series,ICE,7915,797205302.99
2018,10,Asia Pacific,1 Series,EV,1512,184579980.83
2018,10,Middle East & Africa,3 Series,ICE,2133,272966372.64
2018,10,Middle East & Africa,5 Series,ICE,3466,393596980.83
2018,10,Middle East & Africa,7 Series,ICE,7514,983751166.43
2018,10,Middle East & Africa,X3,ICE,8503,1087061970.73
2018,10,Middle East & Africa,X5,ICE,4901,355344959.41
2018,10,Middle East & Africa,X7,ICE,4785,174278488.57
2018,10,Middle East & Africa,i4,Hybrid,5348,445238599.93
2018,10,Middle East & Africa,iX,ICE,1748,178309748.0
2018,10,Middle East & Africa,i7,EV,1488,148366444.92
2018,10,Middle East & Africa,M3,ICE,3156,429896481.67
2018,10,Middle East & Africa,M5,EV,2569,233373743.11
2018,10,Middle East & Africa,Z4,Hybrid,726,59054295.79
2018,10,Middle East & Africa,2 Series,Hybrid,6430,253727743.64
2018,10,Middle East & Africa,4 Series,EV,3398,138191434.51
2018,10,Middle East & Africa,1 Series,ICE,3021,112764208.99
2018,10,Latin America,3 Series,Hybrid,2812,370979723.36
2018,10,Latin America,5 Series,EV,5373,724943981.01
2018,10,Latin America,7 Series,ICE,6479,842073577.16
2018,10,Latin America,X3,ICE,4037,182746866.69
2018,10,Latin America,X5,ICE,8757,1052667164.48
2018,10,Latin America,X7,Hybrid,7316,303348204.94
2018,10,Latin America,i4,Hybrid,978,91229264.61
2018,10,Latin America,iX,ICE,7527,755690585.9
2018,10,Latin America,i7,ICE,8434,1106982049.38
2018,10,Latin America,M3,ICE,3667,280316973.86
2018,10,Latin America,M5,ICE,3858,359139418.77
2018,10,Latin America,Z4,Hybrid,1596,100265317.88
2018,10,Latin America,2 Series,ICE,3752,506915043.47
2018,10,Latin America,4 Series,ICE,3207,421175898.74
2018,10,Latin America,1 Series,ICE,7719,523216809.42
2018,11,Europe,3 Series,ICE,2028,252851984.12
2018,11,Europe,5 Series,ICE,2415,272737912.22
2018,11,Europe,7 Series,ICE,3869,520119117.95
2018,11,Europe,X3,EV,5191,725827813.48
2018,11,Europe,X5,Hybrid,5913,359117502.72
2018,11,Europe,X7,Hybrid,3193,372231454.89
2018,11,Europe,i4,ICE,7544,566566152.92
2018,11,Europe,iX,ICE,4066,385755074.88
2018,11,Europe,i7,Hybrid,4657,436938728.96
2018,11,Europe,M3,Hybrid,8162,812670493.97
2018,11,Europe,M5,ICE,2644,125410263.57
2018,11,Europe,Z4,ICE,2880,386126018.0
2018,11,Europe,2 Series,ICE,7183,789545619.15
2018,11,Europe,4 Series,ICE,5114,708104947.89
2018,11,Europe,1 Series,Hybrid,7729,629691824.7
2018,11,North America,3 Series,ICE,1755,193701220.13
2018,11,North America,5 Series,EV,2945,240102530.64
2018,11,North America,7 Series,Hybrid,5605,564899251.92
2018,11,North America,X3,ICE,6863,781878137.46
2018,11,North America,X5,Hybrid,4933,553802627.07
2018,11,North America,X7,ICE,6689,739975231.97
2018,11,North America,i4,ICE,2555,127018186.85
2018,11,North America,iX,ICE,7247,1014231040.46
2018,11,North America,i7,EV,7480,338615706.9
2018,11,North America,M3,ICE,7330,610987351.35
2018,11,North America,M5,EV,3289,226335426.0
2018,11,North America,Z4,EV,3771,407100663.84
2018,11,North America,2 Series,ICE,4865,667886645.74
2018,11,North America,4 Series,ICE,8018,769178189.96
2018,11,North America,1 Series,ICE,8444,428929908.57
2018,11,China,3 Series,ICE,4414,607707113.04
2018,11,China,5 Series,EV,1580,185336958.48
2018,11,China,7 Series,Hybrid,4268,633642827.73
2018,11,China,X3,ICE,830,55158234.45
2018,11,China,X5,Hybrid,1924,102395354.07
2018,11,China,X7,Hybrid,6035,637689300.67
2018,11,China,i4,Hybrid,3723,334701541.14
2018,11,China,iX,ICE,4432,345282324.32
2018,11,China,i7,ICE,3380,324712832.45
2018,11,China,M3,ICE,553,35178906.5
2018,11,China,M5,Hybrid,3132,146613447.88
2018,11,China,Z4,ICE,2706,351081961.36
2018,11,China,2 Series,ICE,2843,269610694.94
2018,11,China,4 Series,ICE,4523,676094996.61
2018,11,China,1 Series,ICE,7860,953129474.81
2018,11,Asia Pacific,3 Series,ICE,8923,726243319.05
2018,11,Asia Pacific,5 Series,ICE,7395,438426450.64
2018,11,Asia Pacific,7 Series,ICE,4172,321903246.55
2018,11,Asia Pacific,X3,Hybrid,775,84193616.72
2018,11,Asia Pacific,X5,Hybrid,4845,723785959.19
2018,11,Asia Pacific,X7,Hybrid,6444,261285070.95
2018,11,Asia Pacific,i4,ICE,3990,390770522.23
2018,11,Asia Pacific,iX,ICE,1599,182062305.15
2018,11,Asia Pacific,i7,ICE,4138,460085768.98
2018,11,Asia Pacific,M3,ICE,5789,481441961.86
2018,11,Asia Pacific,M5,EV,4997,242551758.43
2018,11,Asia Pacific,Z4,ICE,1369,143793199.86
2018,11,Asia Pacific,2 Series,Hybrid,7361,428354380.42
2018,11,Asia Pacific,4 Series,Hybrid,2621,256952245.47
2018,11,Asia Pacific,1 Series,EV,6934,506316629.59
2018,11,Middle East & Africa,3 Series,ICE,5261,250947361.49
2018,11,Middle East & Africa,5 Series,ICE,4068,184522476.35
2018,11,Middle East & Africa,7 Series,ICE,6858,953602356.75
2018,11,Middle East & Africa,X3,Hybrid,4862,335684880.78
2018,11,Middle East & Africa,X5,ICE,1440,195157658.38
2018,11,Middle East & Africa,X7,EV,3762,266956475.69
2018,11,Middle East & Africa,i4,Hybrid,1412,193985616.83
2018,11,Middle East & Africa,iX,ICE,1713,93545065.88
2018,11,Middle East & Africa,i7,ICE,4642,305701606.24
2018,11,Middle East & Africa,M3,Hybrid,3887,217788545.22
2018,11,Middle East & Africa,M5,ICE,3948,313302546.66
2018,11,Middle East & Africa,Z4,EV,6886,942722644.62
2018,11,Middle East & Africa,2 Series,ICE,1678,70046994.97
2018,11,Middle East & Africa,4 Series,EV,1590,222267813.3
2018,11,Middle East & Africa,1 Series,ICE,5436,303573226.81
2018,11,Latin America,3 Series,ICE,3551,476530756.16
2018,11,Latin America,5 Series,EV,7374,368887026.01
2018,11,Latin America,7 Series,EV,1590,136229778.91
2018,11,Latin America,X3,ICE,5538,642548334.56
2018,11,Latin America,X5,Hybrid,7283,861097912.3
2018,11,Latin America,X7,ICE,6657,630394354.77
2018,11,Latin America,i4,Hybrid,4888,543042259.31
2018,11,Latin America,iX,ICE,3495,380121484.69
2018,11,Latin America,i7,ICE,7397,1099164884.56
2018,11,Latin America,M3,ICE,6521,607367705.67
2018,11,Latin America,M5,ICE,5066,220925741.61
2018,11,Latin America,Z4,ICE,2347,157221000.24
2018,11,Latin America,2 Series,ICE,5224,425112686.59
2018,11,Latin America,4 Series,ICE,4188,422565083.27
2018,11,Latin America,1 Series,ICE,4510,219417308.82
2018,12,Europe,3 Series,ICE,5005,407384781.71
2018,12,Europe,5 Series,ICE,4248,193084292.58
2018,12,Europe,7 Series,Hybrid,5800,796703969.52
2018,12,Europe,X3,ICE,6163,889264446.61
2018,12,Europe,X5,ICE,1033,136455690.24
2018,12,Europe,X7,ICE,7029,628465514.11
2018,12,Europe,i4,Hybrid,6273,289845580.72
2018,12,Europe,iX,Hybrid,492,64174830.25
2018,12,Europe,i7,EV,2932,228688351.74
2018,12,Europe,M3,ICE,7056,360926088.56
2018,12,Europe,M5,Hybrid,6236,400621036.67
2018,12,Europe,Z4,ICE,1681,134787784.95
2018,12,Europe,2 Series,ICE,6260,462378361.64
2018,12,Europe,4 Series,Hybrid,992,130258148.37
2018,12,Europe,1 Series,ICE,7627,668122193.81
2018,12,North America,3 Series,ICE,4122,380729741.22
2018,12,North America,5 Series,ICE,911,77228379.45
2018,12,North America,7 Series,ICE,5057,706315594.34
2018,12,North America,X3,Hybrid,2054,102215060.74
2018,12,North America,X5,ICE,5591,402619274.42
2018,12,North America,X7,EV,4494,630641572.01
2018,12,North America,i4,Hybrid,2657,197757222.48
2018,12,North America,iX,ICE,6311,520441218.07
2018,12,North America,i7,Hybrid,6655,878150939.12
2018,12,North America,M3,ICE,3266,465678981.17
2018,12,North America,M5,Hybrid,1958,229387965.89
2018,12,North America,Z4,Hybrid,5345,623737934.02
2018,12,North America,2 Series,EV,1958,224868227.12
2018,12,North America,4 Series,ICE,1558,155273745.49
2018,12,North America,1 Series,ICE,6341,713603463.31
2018,12,China,3 Series,EV,4560,603924692.34
2018,12,China,5 Series,Hybrid,4217,332299962.9
2018,12,China,7 Series,ICE,876,106233638.78
2018,12,China,X3,ICE,3003,155673312.39
2018,12,China,X5,ICE,6499,790689812.86
2018,12,China,X7,ICE,7066,747953877.23
2018,12,China,i4,Hybrid,5660,681336449.78
2018,12,China,iX,ICE,2454,310764423.74
2018,12,China,i7,Hybrid,6480,917216481.28
2018,12,China,M3,ICE,7948,563951991.62
2018,12,China,M5,ICE,650,37930769.9
2018,12,China,Z4,EV,8386,1093937770.16
2018,12,China,2 Series,EV,6666,515216665.96
2018,12,China,4 Series,ICE,6752,838982424.65
2018,12,China,1 Series,EV,2864,424150186.65
2018,12,Asia Pacific,3 Series,ICE,2058,100277466.51
2018,12,Asia Pacific,5 Series,ICE,2833,141530025.18
2018,12,Asia Pacific,7 Series,ICE,2205,195424969.09
2018,12,Asia Pacific,X3,EV,741,53427918.0
2018,12,Asia Pacific,X5,ICE,5818,646480883.45
2018,12,Asia Pacific,X7,ICE,5269,228576024.81
2018,12,Asia Pacific,i4,Hybrid,4400,247037763.35
2018,12,Asia Pacific,iX,ICE,4164,405799363.06
2018,12,Asia Pacific,i7,ICE,3080,183369919.57
2018,12,Asia Pacific,M3,ICE,3241,467629149.22
2018,12,Asia Pacific,M5,Hybrid,5044,654328693.84
2018,12,Asia Pacific,Z4,EV,505,37769373.41
2018,12,Asia Pacific,2 Series,ICE,5957,634004375.12
2018,12,Asia Pacific,4 Series,EV,6795,535839089.91
2018,12,Asia Pacific,1 Series,Hybrid,1379,133938534.27
2018,12,Middle East & Africa,3 Series,ICE,8005,989472810.74
2018,12,Middle East & Africa,5 Series,ICE,4590,183797099.21
2018,12,Middle East & Africa,7 Series,EV,1965,87383012.62
2018,12,Middle East & Africa,X3,ICE,6912,247746936.37
2018,12,Middle East & Africa,X5,ICE,6223,370362717.24
2018,12,Middle East & Africa,X7,Hybrid,6472,626759706.41
2018,12,Middle East & Africa,i4,Hybrid,7115,778057504.58
2018,12,Middle East & Africa,iX,EV,6987,263630610.96
2018,12,Middle East & Africa,i7,Hybrid,709,29239747.16
2018,12,Middle East & Africa,M3,Hybrid,4417,571940641.0
2018,12,Middle East & Africa,M5,EV,3710,398732195.95
2018,12,Middle East & Africa,Z4,ICE,616,29940780.15
2018,12,Middle East & Africa,2 Series,ICE,6627,808066350.54
2018,12,Middle East & Africa,4 Series,ICE,6893,524802111.48
2018,12,Middle East & Africa,1 Series,ICE,3121,217394290.02
2018,12,Latin America,3 Series,ICE,7635,602115653.73
2018,12,Latin America,5 Series,Hybrid,746,71876199.46
2018,12,Latin America,7 Series,ICE,4032,535001061.68
2018,12,Latin America,X3,ICE,5086,574149589.83
2018,12,Latin America,X5,EV,7784,852450515.25
2018,12,Latin America,X7,EV,600,59299812.45
2018,12,Latin America,i4,ICE,552,44336306.37
2018,12,Latin America,iX,ICE,1126,136306925.02
2018,12,Latin America,i7,EV,3029,421476939.95
2018,12,Latin America,M3,EV,1496,90344362.25
2018,12,Latin America,M5,Hybrid,1849,207388388.18
2018,12,Latin America,Z4,ICE,1044,148480326.04
2018,12,Latin America,2 Series,EV,4463,193746085.94
2018,12,Latin America,4 Series,Hybrid,2245,265904006.51
2018,12,Latin America,1 Series,ICE,3072,344675297.48
2019,1,Europe,3 Series,ICE,3050,422466595.74
2019,1,Europe,5 Series,ICE,4142,459072600.76
2019,1,Europe,7 Series,Hybrid,1852,142449811.93
2019,1,Europe,X3,ICE,3769,267673248.49
2019,1,Europe,X5,Hybrid,7043,599741506.71
2019,1,Europe,X7,EV,1750,127977043.75
2019,1,Europe,i4,ICE,4138,290194863.77
2019,1,Europe,iX,Hybrid,2101,93341073.86
2019,1,Europe,i7,ICE,6775,656775778.14
2019,1,Europe,M3,ICE,8365,992540017.61
2019,1,Europe,M5,EV,7773,299939367.13
2019,1,Europe,Z4,Hybrid,4279,254461342.26
2019,1,Europe,2 Series,ICE,2773,415544421.37
2019,1,Europe,4 Series,ICE,6401,512958919.85
2019,1,Europe,1 Series,EV,5916,405038368.66
2019,1,North America,3 Series,ICE,4293,329893606.69
2019,1,North America,5 Series,ICE,2810,358983419.4
2019,1,North America,7 Series,Hybrid,2075,106120956.54
2019,1,North America,X3,ICE,6036,668985152.89
2019,1,North America,X5,EV,7243,1035786335.5
2019,1,North America,X7,ICE,6981,294800883.3
2019,1,North America,i4,ICE,926,87559598.12
2019,1,North America,iX,EV,3792,330980915.59
2019,1,North America,i7,ICE,5737,665088511.5
2019,1,North America,M3,ICE,7092,853306718.89
2019,1,North America,M5,Hybrid,4870,536540859.12
2019,1,North America,Z4,ICE,6785,298209632.72
2019,1,North America,2 Series,ICE,7589,619807694.64
2019,1,North America,4 Series,EV,3445,311574964.79
2019,1,North America,1 Series,Hybrid,5323,455586790.17
2019,1,China,3 Series,ICE,5106,302910728.38
2019,1,China,5 Series,ICE,3711,478532832.82
2019,1,China,7 Series,Hybrid,4415,520216804.4
2019,1,China,X3,ICE,4571,470543097.82
2019,1,China,X5,Hybrid,3466,138506899.03
2019,1,China,X7,Hybrid,1692,158970039.14
2019,1,China,i4,EV,1544,99896582.75
2019,1,China,iX,ICE,4087,407942028.12
2019,1,China,i7,ICE,7087,917411304.27
2019,1,China,M3,EV,2330,347564281.96
2019,1,China,M5,EV,1813,149097834.79
2019,1,China,Z4,ICE,5990,334940898.02
2019,1,China,2 Series,Hybrid,2506,285290517.5
2019,1,China,4 Series,EV,5747,353030081.02
2019,1,China,1 Series,ICE,1243,118223972.93
2019,1,Asia Pacific,3 Series,EV,6203,323793729.67
2019,1,Asia Pacific,5 Series,ICE,5103,530602727.62
2019,1,Asia Pacific,7 Series,EV,5051,245046167.51
2019,1,Asia Pacific,X3,ICE,1818,176378521.16
2019,1,Asia Pacific,X5,ICE,7487,633565924.01
2019,1,Asia Pacific,X7,ICE,6922,664019843.57
2019,1,Asia Pacific,i4,ICE,7316,902774224.44
2019,1,Asia Pacific,iX,ICE,7888,966887463.64
2019,1,Asia Pacific,i7,Hybrid,1322,84964375.82
2019,1,Asia Pacific,M3,Hybrid,9130,616965838.08
2019,1,Asia Pacific,M5,EV,3721,132575461.47
2019,1,Asia Pacific,Z4,Hybrid,593,28790321.65
2019,1,Asia Pacific,2 Series,ICE,5578,711156079.94
2019,1,Asia Pacific,4 Series,ICE,1285,141261633.76
2019,1,Asia Pacific,1 Series,ICE,7884,787903917.66
2019,1,Middle East & Africa,3 Series,Hybrid,6131,358202271.23
2019,1,Middle East & Africa,5 Series,Hybrid,5243,406723058.52
2019,1,Middle East & Africa,7 Series,Hybrid,3058,310172581.01
2019,1,Middle East & Africa,X3,Hybrid,4177,556898007.57
2019,1,Middle East & Africa,X5,Hybrid,6353,794490710.06
2019,1,Middle East & Africa,X7,EV,1260,102141275.34
2019,1,Middle East & Africa,i4,ICE,5381,611953748.09
2019,1,Middle East & Africa,iX,ICE,4348,154825422.55
2019,1,Middle East & Africa,i7,ICE,1743,181321197.57
2019,1,Middle East & Africa,M3,ICE,2539,112235402.52
2019,1,Middle East & Africa,M5,ICE,4265,345781286.87
2019,1,Middle East & Africa,Z4,Hybrid,3140,325647342.79
2019,1,Middle East & Africa,2 Series,EV,6804,624963480.75
2019,1,Middle East & Africa,4 Series,ICE,8117,1034508724.21
2019,1,Middle East & Africa,1 Series,ICE,872,81717738.44
2019,1,Latin America,3 Series,Hybrid,5211,203995174.95
2019,1,Latin America,5 Series,ICE,593,26677245.6
2019,1,Latin America,7 Series,ICE,3756,302138117.98
2019,1,Latin America,X3,Hybrid,4241,491601966.88
2019,1,Latin America,X5,EV,4878,636203161.23
2019,1,Latin America,X7,EV,3331,428980207.32
2019,1,Latin America,i4,ICE,2148,174965327.15
2019,1,Latin America,iX,ICE,1956,92408227.29
2019,1,Latin America,i7,ICE,2886,139844116.19
2019,1,Latin America,M3,ICE,3010,386820955.07
2019,1,Latin America,M5,Hybrid,6327,495810497.71
2019,1,Latin America,Z4,ICE,2784,405190190.29
2019,1,Latin America,2 Series,ICE,4953,664359149.76
2019,1,Latin America,4 Series,ICE,2377,256409620.67
2019,1,Latin America,1 Series,EV,6651,844800444.51
2019,2,Europe,3 Series,ICE,3544,128002784.02
2019,2,Europe,5 Series,EV,2472,199928001.37
2019,2,Europe,7 Series,Hybrid,3013,428179140.12
2019,2,Europe,X3,ICE,3245,327670206.66
2019,2,Europe,X5,ICE,7239,1010865960.7
2019,2,Europe,X7,ICE,2050,128814824.08
2019,2,Europe,i4,ICE,2260,143995843.28
2019,2,Europe,iX,Hybrid,1996,97376909.2
2019,2,Europe,i7,ICE,6158,220220688.74
2019,2,Europe,M3,EV,968,75201598.32
2019,2,Europe,M5,ICE,9315,1286913582.04
2019,2,Europe,Z4,EV,4270,524741014.91
2019,2,Europe,2 Series,ICE,3595,364232804.67
2019,2,Europe,4 Series,ICE,7166,1025169812.1
2019,2,Europe,1 Series,ICE,3371,384054471.41
2019,2,North America,3 Series,ICE,1633,143553956.46
2019,2,North America,5 Series,Hybrid,650,51112243.27
2019,2,North America,7 Series,ICE,3717,241105392.25
2019,2,North America,X3,Hybrid,2370,344196483.99
2019,2,North America,X5,ICE,2085,123455425.9
2019,2,North America,X7,Hybrid,3547,287548723.45
2019,2,North America,i4,ICE,4813,487208746.15
2019,2,North America,iX,ICE,1458,185851364.71
2019,2,North America,i7,Hybrid,7546,390671735.09
2019,2,North America,M3,EV,1780,64294246.99
2019,2,North America,M5,ICE,1903,252489736.03
2019,2,North America,Z4,ICE,6304,573420178.34
2019,2,North America,2 Series,ICE,7986,645398322.65
2019,2,North America,4 Series,Hybrid,946,60774174.59
2019,2,North America,1 Series,EV,1320,97000862.55
2019,2,China,3 Series,ICE,5381,689584977.71
2019,2,China,5 Series,ICE,3587,483338877.73
2019,2,China,7 Series,EV,2263,248329242.65
2019,2,China,X3,ICE,6722,486574544.31
2019,2,China,X5,ICE,7605,1044225299.21
2019,2,China,X7,ICE,2929,424729485.16
2019,2,China,i4,EV,6507,480214359.31
2019,2,China,iX,Hybrid,5241,730141534.1
2019,2,China,i7,ICE,3176,226896609.0
2019,2,China,M3,ICE,2883,232016235.79
2019,2,China,M5,EV,7923,608200828.37
2019,2,China,Z4,Hybrid,4247,238455939.07
2019,2,China,2 Series,ICE,6205,396744015.16
2019,2,China,4 Series,Hybrid,6070,328961850.12
2019,2,China,1 Series,ICE,1196,106941974.47
2019,2,Asia Pacific,3 Series,ICE,6877,845696205.88
2019,2,Asia Pacific,5 Series,ICE,2849,127338321.85
2019,2,Asia Pacific,7 Series,EV,3629,230262226.39
2019,2,Asia Pacific,X3,ICE,5226,499476877.67
2019,2,Asia Pacific,X5,ICE,857,114788648.8
2019,2,Asia Pacific,X7,ICE,4532,612514762.0
2019,2,Asia Pacific,i4,EV,5110,748601511.77
2019,2,Asia Pacific,iX,Hybrid,2081,182092688.67
2019,2,Asia Pacific,i7,Hybrid,8140,774910722.86
2019,2,Asia Pacific,M3,Hybrid,3529,318986110.65
2019,2,Asia Pacific,M5,ICE,1260,97102003.35
2019,2,Asia Pacific,Z4,ICE,2666,253753526.15
2019,2,Asia Pacific,2 Series,Hybrid,1604,142688254.82
2019,2,Asia Pacific,4 Series,ICE,5317,477800045.56
2019,2,Asia Pacific,1 Series,ICE,4546,471217591.63
2019,2,Middle East & Africa,3 Series,EV,5000,411748124.71
2019,2,Middle East & Africa,5 Series,Hybrid,3602,422218760.69
2019,2,Middle East & Africa,7 Series,Hybrid,7311,476989611.29
2019,2,Middle East & Africa,X3,ICE,2572,326631893.82
2019,2,Middle East & Africa,X5,Hybrid,6773,458788378.72
2019,2,Middle East & Africa,X7,Hybrid,6915,391527797.63
2019,2,Middle East & Africa,i4,ICE,1581,171131647.99
2019,2,Middle East & Africa,iX,Hybrid,3002,274921783.92
2019,2,Middle East & Africa,i7,ICE,1579,152407664.19
2019,2,Middle East & Africa,M3,ICE,1303,64341499.35
2019,2,Middle East & Africa,M5,ICE,544,28466771.88
2019,2,Middle East & Africa,Z4,ICE,3353,420326762.0
2019,2,Middle East & Africa,2 Series,ICE,3645,459320454.6
2019,2,Middle East & Africa,4 Series,ICE,8263,428024225.95
2019,2,Middle East & Africa,1 Series,ICE,3384,301402319.58
2019,2,Latin America,3 Series,ICE,7134,562739921.73
2019,2,Latin America,5 Series,ICE,7501,594467439.83
2019,2,Latin America,7 Series,EV,2804,108945728.62
2019,2,Latin America,X3,ICE,6257,698224302.77
2019,2,Latin America,X5,ICE,4035,286051548.37
2019,2,Latin America,X7,ICE,6267,756071727.48
2019,2,Latin America,i4,Hybrid,1448,157006352.41
2019,2,Latin America,iX,ICE,7036,785709417.77
2019,2,Latin America,i7,EV,2627,189982147.18
2019,2,Latin America,M3,ICE,2941,236803304.28
2019,2,Latin America,M5,ICE,898,102763898.58
2019,2,Latin America,Z4,Hybrid,1771,80208924.39
2019,2,Latin America,2 Series,ICE,1367,101046645.72
2019,2,Latin America,4 Series,EV,7243,303294397.0
2019,2,Latin America,1 Series,Hybrid,6562,310710965.66
2019,3,Europe,3 Series,ICE,3664,460508410.91
2019,3,Europe,5 Series,Hybrid,8216,980306135.79
2019,3,Europe,7 Series,ICE,3584,180971212.74
2019,3,Europe,X3,EV,4931,489588392.9
2019,3,Europe,X5,Hybrid,4274,241318903.55
2019,3,Europe,X7,ICE,6697,902629104.35
2019,3,Europe,i4,Hybrid,7974,342250515.71
2019,3,Europe,iX,ICE,3318,322790583.16
2019,3,Europe,i7,ICE,7414,582666337.93
2019,3,Europe,M3,ICE,702,53961790.66
2019,3,Europe,M5,Hybrid,3459,382922655.89
2019,3,Europe,Z4,ICE,3479,395112747.08
2019,3,Europe,2 Series,Hybrid,1892,136411316.68
2019,3,Europe,4 Series,Hybrid,1290,142896484.32
2019,3,Europe,1 Series,ICE,1474,56891214.03
2019,3,North America,3 Series,ICE,1902,191467494.43
2019,3,North America,5 Series,EV,6106,651855834.16
2019,3,North America,7 Series,Hybrid,901,94320884.77
2019,3,North America,X3,ICE,2400,340239426.56
2019,3,North America,X5,EV,4898,205620595.06
2019,3,North America,X7,Hybrid,7909,612495855.36
2019,3,North America,i4,Hybrid,7791,746669149.11
2019,3,North America,iX,Hybrid,7196,1033557165.5
2019,3,North America,i7,EV,1191,73326380.82
2019,3,North America,M3,ICE,2181,138728499.13
2019,3,North America,M5,Hybrid,2078,206109099.86
2019,3,North America,Z4,Hybrid,7329,558219053.47
2019,3,North America,2 Series,ICE,6056,284461073.17
2019,3,North America,4 Series,EV,5057,373277297.44
2019,3,North America,1 Series,ICE,5538,418214633.82
2019,3,China,3 Series,ICE,3612,297699156.49
2019,3,China,5 Series,Hybrid,8050,844988677.52
2019,3,China,7 Series,Hybrid,2257,221812207.24
2019,3,China,X3,Hybrid,4064,351383501.39
2019,3,China,X5,ICE,5806,393155900.49
2019,3,China,X7,ICE,1907,132940383.92
2019,3,China,i4,ICE,2211,157454237.2
2019,3,China,iX,Hybrid,6990,983478247.9
2019,3,China,i7,ICE,6042,318970474.91
2019,3,China,M3,ICE,3197,209319229.05
2019,3,China,M5,EV,2443,313372251.45
2019,3,China,Z4,ICE,4004,240261170.05
2019,3,China,2 Series,ICE,3562,195496047.33
2019,3,China,4 Series,EV,6769,874854365.18
2019,3,China,1 Series,ICE,5646,672104224.82
2019,3,Asia Pacific,3 Series,Hybrid,1283,180922529.95
2019,3,Asia Pacific,5 Series,ICE,8748,725209173.33
2019,3,Asia Pacific,7 Series,EV,8548,1034163073.67
2019,3,Asia Pacific,X3,EV,640,68929450.46
2019,3,Asia Pacific,X5,ICE,4326,420019641.1
2019,3,Asia Pacific,X7,ICE,5073,266929645.36
2019,3,Asia Pacific,i4,Hybrid,4392,533964529.74
2019,3,Asia Pacific,iX,Hybrid,1183,80828532.2
2019,3,Asia Pacific,i7,ICE,1567,140596388.0
2019,3,Asia Pacific,M3,Hybrid,5038,225622212.97
2019,3,Asia Pacific,M5,ICE,7518,921960801.33
2019,3,Asia Pacific,Z4,ICE,2199,241908846.49
2019,3,Asia Pacific,2 Series,ICE,6594,628332335.78
2019,3,Asia Pacific,4 Series,ICE,3010,217298939.59
2019,3,Asia Pacific,1 Series,EV,1138,93955483.21
2019,3,Middle East & Africa,3 Series,ICE,2031,209793916.32
2019,3,Middle East & Africa,5 Series,ICE,2819,212037811.05
2019,3,Middle East & Africa,7 Series,EV,7236,374601385.94
2019,3,Middle East & Africa,X3,ICE,6914,786925975.35
2019,3,Middle East & Africa,X5,ICE,7410,355107578.91
2019,3,Middle East & Africa,X7,ICE,6525,880265045.87
2019,3,Middle East & Africa,i4,EV,607,77387819.4
2019,3,Middle East & Africa,iX,ICE,3909,230772104.07
2019,3,Middle East & Africa,i7,ICE,2285,277149574.21
2019,3,Middle East & Africa,M3,Hybrid,6213,318447025.51
2019,3,Middle East & Africa,M5,Hybrid,651,90615706.01
2019,3,Middle East & Africa,Z4,ICE,2439,165026538.06
2019,3,Middle East & Africa,2 Series,Hybrid,5402,477917609.22
2019,3,Middle East & Africa,4 Series,EV,1051,69576928.97
2019,3,Middle East & Africa,1 Series,EV,5895,279467299.77
2019,3,Latin America,3 Series,ICE,8392,516816211.92
2019,3,Latin America,5 Series,ICE,5807,413908073.58
2019,3,Latin America,7 Series,EV,4448,257408642.31
2019,3,Latin America,X3,EV,5948,222878535.19
2019,3,Latin America,X5,ICE,4746,433510447.74
2019,3,Latin America,X7,Hybrid,646,48753622.88
2019,3,Latin America,i4,Hybrid,2893,426826276.39
2019,3,Latin America,iX,ICE,1085,147611956.89
2019,3,Latin America,i7,EV,8517,1222834409.74
2019,3,Latin America,M3,EV,2195,303294478.88
2019,3,Latin America,M5,Hybrid,1351,128186327.84
2019,3,Latin America,Z4,Hybrid,8243,504094214.09
2019,3,Latin America,2 Series,ICE,1782,126386599.92
2019,3,Latin America,4 Series,Hybrid,4399,258560403.89
2019,3,Latin America,1 Series,ICE,5403,314809451.9
2019,4,Europe,3 Series,ICE,6763,644092095.77
2019,4,Europe,5 Series,ICE,9397,485754661.3
2019,4,Europe,7 Series,EV,1767,175099335.27
2019,4,Europe,X3,EV,1388,182584583.03
2019,4,Europe,X5,ICE,829,112922374.7
2019,4,Europe,X7,ICE,3794,458106981.29
2019,4,Europe,i4,EV,6688,444662106.14
2019,4,Europe,iX,Hybrid,1277,48542339.81
2019,4,Europe,i7,EV,5387,539831031.29
2019,4,Europe,M3,ICE,2304,87551347.21
2019,4,Europe,M5,ICE,7115,660039535.57
2019,4,Europe,Z4,Hybrid,6869,385744458.97
2019,4,Europe,2 Series,ICE,4079,233420287.11
2019,4,Europe,4 Series,ICE,7984,1129137475.93
2019,4,Europe,1 Series,EV,2584,384106413.93
2019,4,North America,3 Series,Hybrid,981,142039375.49
2019,4,North America,5 Series,ICE,5759,416738500.2
2019,4,North America,7 Series,ICE,2567,318987466.16
2019,4,North America,X3,Hybrid,7281,516828763.02
2019,4,North America,X5,Hybrid,6987,675351746.79
2019,4,North America,X7,Hybrid,7058,669625247.87
2019,4,North America,i4,ICE,8389,1140440028.73
2019,4,North America,iX,ICE,4948,591506479.8
2019,4,North America,i7,Hybrid,5293,771180127.09
2019,4,North America,M3,ICE,4138,289758182.32
2019,4,North America,M5,EV,4022,276947955.56
2019,4,North America,Z4,EV,6429,330177728.55
2019,4,North America,2 Series,EV,3851,356508812.28
2019,4,North America,4 Series,ICE,6202,713559489.38
2019,4,North America,1 Series,ICE,3836,145249729.44
2019,4,China,3 Series,ICE,8659,504145861.31
2019,4,China,5 Series,ICE,2515,275609518.05
2019,4,China,7 Series,Hybrid,2037,100235850.51
2019,4,China,X3,ICE,4516,202363100.58
2019,4,China,X5,Hybrid,7275,682697944.97
2019,4,China,X7,EV,3800,152186958.47
2019,4,China,i4,ICE,3438,381088510.76
2019,4,China,iX,ICE,7109,877627601.69
2019,4,China,i7,ICE,2971,366599113.26
2019,4,China,M3,ICE,5316,735374613.35
2019,4,China,M5,EV,568,36413208.89
2019,4,China,Z4,ICE,7804,997798172.76
2019,4,China,2 Series,Hybrid,4366,448471885.86
2019,4,China,4 Series,ICE,3946,410936065.74
2019,4,China,1 Series,ICE,8144,865488081.36
2019,4,Asia Pacific,3 Series,Hybrid,6913,388901865.76
2019,4,Asia Pacific,5 Series,ICE,3026,403034053.66
2019,4,Asia Pacific,7 Series,Hybrid,7887,576364412.19
2019,4,Asia Pacific,X3,ICE,1413,78419472.42
2019,4,Asia Pacific,X5,Hybrid,5992,691970443.99
2019,4,Asia Pacific,X7,Hybrid,4815,420656938.82
2019,4,Asia Pacific,i4,Hybrid,727,50467515.13
2019,4,Asia Pacific,iX,ICE,4094,500372072.29
2019,4,Asia Pacific,i7,EV,1008,50876547.87
2019,4,Asia Pacific,M3,Hybrid,2717,224375727.54
2019,4,Asia Pacific,M5,ICE,2374,112930603.02
2019,4,Asia Pacific,Z4,Hybrid,5927,267201133.98
2019,4,Asia Pacific,2 Series,Hybrid,6382,947229337.19
2019,4,Asia Pacific,4 Series,ICE,6278,407196758.56
2019,4,Asia Pacific,1 Series,Hybrid,5583,278686671.4
2019,4,Middle East & Africa,3 Series,Hybrid,5274,486474963.23
2019,4,Middle East & Africa,5 Series,EV,8301,966962843.44
2019,4,Middle East & Africa,7 Series,EV,473,41842454.08
2019,4,Middle East & Africa,X3,EV,7485,950220004.45
2019,4,Middle East & Africa,X5,EV,3516,264437498.97
2019,4,Middle East & Africa,X7,EV,2000,116273041.95
2019,4,Middle East & Africa,i4,ICE,6347,441323789.06
2019,4,Middle East & Africa,iX,Hybrid,6049,688806378.84
2019,4,Middle East & Africa,i7,ICE,6824,992298140.75
2019,4,Middle East & Africa,M3,EV,2066,152600417.44
2019,4,Middle East & Africa,M5,Hybrid,4953,541115276.63
2019,4,Middle East & Africa,Z4,ICE,5796,779566638.6
2019,4,Middle East & Africa,2 Series,EV,4824,398484602.52
2019,4,Middle East & Africa,4 Series,Hybrid,7681,767857308.93
2019,4,Middle East & Africa,1 Series,Hybrid,5304,312671776.32
2019,4,Latin America,3 Series,Hybrid,8211,1038814845.33
2019,4,Latin America,5 Series,ICE,1678,64745485.59
2019,4,Latin America,7 Series,EV,5915,319921594.84
2019,4,Latin America,X3,Hybrid,2174,292247068.56
2019,4,Latin America,X5,Hybrid,7201,839864163.87
2019,4,Latin America,X7,ICE,1258,78409703.77
2019,4,Latin America,i4,ICE,2844,198416222.75
2019,4,Latin America,iX,ICE,6245,363717028.23
2019,4,Latin America,i7,ICE,4168,377230120.78
2019,4,Latin America,M3,ICE,2041,184913117.09
2019,4,Latin America,M5,EV,3415,175800547.71
2019,4,Latin America,Z4,EV,8569,808543944.67
2019,4,Latin America,2 Series,EV,2414,212015264.47
2019,4,Latin America,4 Series,Hybrid,4419,312701041.01
2019,4,Latin America,1 Series,ICE,7955,358084202.53
2019,5,Europe,3 Series,ICE,807,99350352.06
2019,5,Europe,5 Series,Hybrid,727,51541707.02
2019,5,Europe,7 Series,EV,2972,201962998.15
2019,5,Europe,X3,ICE,6982,338835387.95
2019,5,Europe,X5,ICE,2533,367802431.79
2019,5,Europe,X7,Hybrid,1273,95839823.8
2019,5,Europe,i4,ICE,1945,247910334.89
2019,5,Europe,iX,Hybrid,1734,182980751.6
2019,5,Europe,i7,ICE,3742,143446422.65
2019,5,Europe,M3,EV,841,34638254.98
2019,5,Europe,M5,ICE,2165,297680415.86
2019,5,Europe,Z4,Hybrid,6767,716464677.36
2019,5,Europe,2 Series,ICE,6832,834981712.56
2019,5,Europe,4 Series,EV,1351,164701001.19
2019,5,Europe,1 Series,ICE,1449,184414675.26
2019,5,North America,3 Series,Hybrid,1330,151240906.25
2019,5,North America,5 Series,Hybrid,4446,640030826.07
2019,5,North America,7 Series,ICE,8425,1179323793.04
2019,5,North America,X3,ICE,7260,529890810.71
2019,5,North America,X5,EV,3242,124753376.41
2019,5,North America,X7,ICE,3492,461862815.69
2019,5,North America,i4,ICE,3594,178443214.96
2019,5,North America,iX,ICE,7947,375915740.22
2019,5,North America,i7,Hybrid,1219,117347937.16
2019,5,North America,M3,ICE,3736,235459427.47
2019,5,North America,M5,ICE,4473,331816659.4
2019,5,North America,Z4,EV,5444,804207283.92
2019,5,North America,2 Series,Hybrid,3479,216246800.78
2019,5,North America,4 Series,Hybrid,1265,147839935.82
2019,5,North America,1 Series,EV,1533,135263442.43
2019,5,China,3 Series,Hybrid,7404,521420097.16
2019,5,China,5 Series,ICE,4982,640773245.88
2019,5,China,7 Series,Hybrid,3561,388767717.61
2019,5,China,X3,ICE,2590,354920848.67
2019,5,China,X5,EV,6470,789753675.62
2019,5,China,X7,Hybrid,4417,352688642.18
2019,5,China,i4,Hybrid,2000,271807831.1
2019,5,China,iX,ICE,8155,571039728.52
2019,5,China,i7,EV,4488,629390658.06
2019,5,China,M3,EV,4705,698403093.46
2019,5,China,M5,ICE,1769,74611491.97
2019,5,China,Z4,EV,832,82703695.07
2019,5,China,2 Series,EV,1605,215957818.97
2019,5,China,4 Series,ICE,6671,713127531.08
2019,5,China,1 Series,Hybrid,3843,375417522.75
2019,5,Asia Pacific,3 Series,Hybrid,4090,404392539.57
2019,5,Asia Pacific,5 Series,EV,3941,207851250.24
2019,5,Asia Pacific,7 Series,EV,5555,201837128.33
2019,5,Asia Pacific,X3,Hybrid,1857,168932504.01
2019,5,Asia Pacific,X5,ICE,1475,160565451.84
2019,5,Asia Pacific,X7,ICE,4904,563812437.4
2019,5,Asia Pacific,i4,EV,5290,495052563.19
2019,5,Asia Pacific,iX,Hybrid,4208,256520545.24
2019,5,Asia Pacific,i7,ICE,595,78767555.95
2019,5,Asia Pacific,M3,ICE,4475,633458230.93
2019,5,Asia Pacific,M5,Hybrid,916,91908876.52
2019,5,Asia Pacific,Z4,Hybrid,1518,221020558.96
2019,5,Asia Pacific,2 Series,ICE,7189,1064774265.69
2019,5,Asia Pacific,4 Series,EV,6699,632715179.0
2019,5,Asia Pacific,1 Series,ICE,5038,450054267.47
2019,5,Middle East & Africa,3 Series,Hybrid,5460,588992484.3
2019,5,Middle East & Africa,5 Series,EV,3285,456326926.36
2019,5,Middle East & Africa,7 Series,ICE,606,56937492.16
2019,5,Middle East & Africa,X3,ICE,6442,486919679.9
2019,5,Middle East & Africa,X5,EV,2845,111132862.63
2019,5,Middle East & Africa,X7,EV,6514,816057497.18
2019,5,Middle East & Africa,i4,ICE,5835,317681397.66
2019,5,Middle East & Africa,iX,ICE,3273,349544799.28
2019,5,Middle East & Africa,i7,ICE,1090,47784684.24
2019,5,Middle East & Africa,M3,Hybrid,2383,160403952.96
2019,5,Middle East & Africa,M5,EV,685,71541041.79
2019,5,Middle East & Africa,Z4,EV,6129,529331785.44
2019,5,Middle East & Africa,2 Series,EV,2969,184560540.56
2019,5,Middle East & Africa,4 Series,ICE,5536,412030747.75
2019,5,Middle East & Africa,1 Series,ICE,1803,233485314.63
2019,5,Latin America,3 Series,EV,7919,978727390.06
2019,5,Latin America,5 Series,ICE,4547,246618253.54
2019,5,Latin America,7 Series,Hybrid,7348,799903472.45
2019,5,Latin America,X3,Hybrid,1313,116018934.06
2019,5,Latin America,X5,ICE,4902,595736153.61
2019,5,Latin America,X7,ICE,3954,315758950.97
2019,5,Latin America,i4,ICE,5576,202767055.83
2019,5,Latin America,iX,EV,4195,299121084.77
2019,5,Latin America,i7,ICE,768,73803828.87
2019,5,Latin America,M3,ICE,7560,1062745729.07
2019,5,Latin America,M5,EV,3150,400889101.74
2019,5,Latin America,Z4,ICE,5323,659585528.26
2019,5,Latin America,2 Series,Hybrid,7111,878970713.32
2019,5,Latin America,4 Series,ICE,6638,369672974.94
2019,5,Latin America,1 Series,Hybrid,5365,229699657.43
2019,6,Europe,3 Series,ICE,4423,381631272.02
2019,6,Europe,5 Series,ICE,2722,105926092.92
2019,6,Europe,7 Series,Hybrid,1130,124875887.14
2019,6,Europe,X3,EV,5850,681107527.45
2019,6,Europe,X5,ICE,8051,629871761.17
2019,6,Europe,X7,Hybrid,6154,899862702.2
2019,6,Europe,i4,EV,5858,403472039.98
2019,6,Europe,iX,Hybrid,1211,170884173.61
2019,6,Europe,i7,ICE,4387,490342045.37
2019,6,Europe,M3,Hybrid,2447,106468142.68
2019,6,Europe,M5,Hybrid,3658,546999890.43
2019,6,Europe,Z4,ICE,6938,594351441.83
2019,6,Europe,2 Series,ICE,2299,127642433.13
2019,6,Europe,4 Series,ICE,1765,149308694.67
2019,6,Europe,1 Series,Hybrid,1594,186930032.25
2019,6,North America,3 Series,ICE,999,118549024.73
2019,6,North America,5 Series,Hybrid,756,39401390.71
2019,6,North America,7 Series,Hybrid,881,57829012.08
2019,6,North America,X3,Hybrid,7968,282273824.33
2019,6,North America,X5,Hybrid,7068,601816393.27
2019,6,North America,X7,EV,7819,336697585.83
2019,6,North America,i4,ICE,4292,553956919.54
2019,6,North America,iX,ICE,5406,805678662.18
2019,6,North America,i7,ICE,3010,324211135.08
2019,6,North America,M3,EV,1241,165219714.71
2019,6,North America,M5,ICE,7596,935435476.66
2019,6,North America,Z4,Hybrid,2055,300572500.42
2019,6,North America,2 Series,Hybrid,3239,447283163.04
2019,6,North America,4 Series,Hybrid,3566,487827472.69
2019,6,North America,1 Series,ICE,1912,109377227.03
2019,6,China,3 Series,Hybrid,5150,410497571.7
2019,6,China,5 Series,EV,5667,546316398.18
2019,6,China,7 Series,EV,4932,181932123.42
2019,6,China,X3,ICE,3678,146839263.21
2019,6,China,X5,ICE,7723,734911092.04
2019,6,China,X7,EV,8789,458167646.8
2019,6,China,i4,Hybrid,982,50359812.03
2019,6,China,iX,Hybrid,5066,537567391.86
2019,6,China,i7,ICE,5402,296076251.84
2019,6,China,M3,ICE,3427,158288358.4
2019,6,China,M5,Hybrid,7837,1011341499.21
2019,6,China,Z4,ICE,4885,516819715.9
2019,6,China,2 Series,ICE,2198,282058170.69
2019,6,China,4 Series,EV,6121,299269649.25
2019,6,China,1 Series,Hybrid,4628,607143227.06
2019,6,Asia Pacific,3 Series,EV,6108,335613097.4
2019,6,Asia Pacific,5 Series,ICE,2557,211573204.81
2019,6,Asia Pacific,7 Series,Hybrid,4728,297954447.07
2019,6,Asia Pacific,X3,Hybrid,1464,193902659.34
2019,6,Asia Pacific,X5,Hybrid,6439,876715555.29
2019,6,Asia Pacific,X7,ICE,527,23847404.85
2019,6,Asia Pacific,i4,Hybrid,7571,868794248.68
2019,6,Asia Pacific,iX,EV,4828,283444276.57
2019,6,Asia Pacific,i7,Hybrid,4905,306632064.06
2019,6,Asia Pacific,M3,ICE,5557,309525198.43
2019,6,Asia Pacific,M5,ICE,1316,164496115.81
2019,6,Asia Pacific,Z4,ICE,567,32358026.11
2019,6,Asia Pacific,2 Series,EV,1380,185215419.24
2019,6,Asia Pacific,4 Series,EV,4451,550090622.23
2019,6,Asia Pacific,1 Series,Hybrid,2503,120039121.98
2019,6,Middle East & Africa,3 Series,ICE,8750,783627920.09
2019,6,Middle East & Africa,5 Series,ICE,6987,287956458.25
2019,6,Middle East & Africa,7 Series,ICE,2261,166056618.02
2019,6,Middle East & Africa,X3,EV,6886,323700024.54
2019,6,Middle East & Africa,X5,ICE,4621,579157240.79
2019,6,Middle East & Africa,X7,ICE,1321,81980573.83
2019,6,Middle East & Africa,i4,ICE,5184,299927631.97
2019,6,Middle East & Africa,iX,Hybrid,3038,144807120.11
2019,6,Middle East & Africa,i7,ICE,2713,366355177.09
2019,6,Middle East & Africa,M3,ICE,2104,215208922.65
2019,6,Middle East & Africa,M5,ICE,3799,538344962.87
2019,6,Middle East & Africa,Z4,ICE,3680,322515649.68
2019,6,Middle East & Africa,2 Series,ICE,4064,236745281.91
2019,6,Middle East & Africa,4 Series,ICE,6543,440144193.33
2019,6,Middle East & Africa,1 Series,ICE,4431,242323198.95
2019,6,Latin America,3 Series,ICE,7594,402714636.63
2019,6,Latin America,5 Series,EV,6399,649395900.18
2019,6,Latin America,7 Series,Hybrid,2180,291143322.56
2019,6,Latin America,X3,ICE,2426,318421568.43
2019,6,Latin America,X5,ICE,6599,893166890.74
2019,6,Latin America,X7,ICE,4315,593569683.65
2019,6,Latin America,i4,Hybrid,2002,276874510.61
2019,6,Latin America,iX,ICE,777,69250165.79
2019,6,Latin America,i7,Hybrid,788,63313292.56
2019,6,Latin America,M3,EV,7052,613740900.8
2019,6,Latin America,M5,ICE,5663,649621879.35
2019,6,Latin America,Z4,ICE,2124,146589770.0
2019,6,Latin America,2 Series,Hybrid,1112,124476273.6
2019,6,Latin America,4 Series,ICE,4890,591386673.84
2019,6,Latin America,1 Series,ICE,4349,221545671.57
2019,7,Europe,3 Series,Hybrid,2270,176148261.24
2019,7,Europe,5 Series,ICE,5064,542557353.72
2019,7,Europe,7 Series,ICE,6095,236255183.4
2019,7,Europe,X3,ICE,2979,314098736.57
2019,7,Europe,X5,Hybrid,2473,109579346.63
2019,7,Europe,X7,EV,7634,719082303.69
2019,7,Europe,i4,EV,4025,192238638.93
2019,7,Europe,iX,ICE,5026,387704607.31
2019,7,Europe,i7,Hybrid,5709,665519656.55
2019,7,Europe,M3,ICE,3118,149848376.9
2019,7,Europe,M5,ICE,7088,1029864633.28
2019,7,Europe,Z4,ICE,7383,530493201.05
2019,7,Europe,2 Series,EV,5060,338370869.85
2019,7,Europe,4 Series,ICE,3413,316271655.24
2019,7,Europe,1 Series,EV,4798,542200166.23
2019,7,North America,3 Series,ICE,2968,229535542.13
2019,7,North America,5 Series,Hybrid,6997,1001975486.85
2019,7,North America,7 Series,ICE,9017,406130245.02
2019,7,North America,X3,ICE,1917,277988189.83
2019,7,North America,X5,ICE,2549,132585508.39
2019,7,North America,X7,ICE,2273,243521861.58
2019,7,North America,i4,ICE,6409,321623791.76
2019,7,North America,iX,ICE,4596,172214254.03
2019,7,North America,i7,ICE,783,48324980.48
2019,7,North America,M3,EV,5727,581582746.75
2019,7,North America,M5,Hybrid,6860,708199538.51
2019,7,North America,Z4,Hybrid,7799,683744690.76
2019,7,North America,2 Series,Hybrid,8854,484754458.49
2019,7,North America,4 Series,ICE,4473,304776012.36
2019,7,North America,1 Series,EV,1708,149333090.43
2019,7,China,3 Series,ICE,2005,135945730.69
2019,7,China,5 Series,EV,8130,1130409687.03
2019,7,China,7 Series,EV,1749,69491998.2
2019,7,China,X3,ICE,1570,121694305.48
2019,7,China,X5,ICE,5665,404755938.99
2019,7,China,X7,ICE,3641,535877111.74
2019,7,China,i4,ICE,1743,142097496.48
2019,7,China,iX,ICE,1984,281129423.86
2019,7,China,i7,ICE,6901,644222418.28
2019,7,China,M3,Hybrid,3014,205946999.78
2019,7,China,M5,EV,5667,719432791.1
2019,7,China,Z4,Hybrid,4086,195785988.07
2019,7,China,2 Series,ICE,771,75835867.54
2019,7,China,4 Series,ICE,4075,245893453.21
2019,7,China,1 Series,ICE,2876,312767746.78
2019,7,Asia Pacific,3 Series,Hybrid,2607,321223952.7
2019,7,Asia Pacific,5 Series,ICE,1245,107353460.88
2019,7,Asia Pacific,7 Series,Hybrid,1437,115475474.15
2019,7,Asia Pacific,X3,ICE,5830,836553980.92
2019,7,Asia Pacific,X5,EV,3489,409384724.19
2019,7,Asia Pacific,X7,ICE,3669,248518952.01
2019,7,Asia Pacific,i4,ICE,4782,215543115.09
2019,7,Asia Pacific,iX,Hybrid,4604,381188751.74
2019,7,Asia Pacific,i7,ICE,2083,305350047.46
2019,7,Asia Pacific,M3,ICE,7954,1042640753.74
2019,7,Asia Pacific,M5,Hybrid,1596,142970493.88
2019,7,Asia Pacific,Z4,EV,2954,429543973.76
2019,7,Asia Pacific,2 Series,Hybrid,1091,118332794.75
2019,7,Asia Pacific,4 Series,ICE,2041,238140626.19
2019,7,Asia Pacific,1 Series,Hybrid,1539,201166734.75
2019,7,Middle East & Africa,3 Series,ICE,4078,530215667.74
2019,7,Middle East & Africa,5 Series,EV,3103,372618922.55
2019,7,Middle East & Africa,7 Series,ICE,6218,405462459.24
2019,7,Middle East & Africa,X3,EV,7927,390645305.11
2019,7,Middle East & Africa,X5,Hybrid,2899,265452581.9
2019,7,Middle East & Africa,X7,Hybrid,2249,276497931.96
2019,7,Middle East & Africa,i4,ICE,1118,85641420.26
2019,7,Middle East & Africa,iX,ICE,4684,502216350.94
2019,7,Middle East & Africa,i7,ICE,7025,547375740.23
2019,7,Middle East & Africa,M3,Hybrid,735,39489662.34
2019,7,Middle East & Africa,M5,ICE,3206,367816525.79
2019,7,Middle East & Africa,Z4,ICE,906,75419164.2
2019,7,Middle East & Africa,2 Series,EV,3090,211792837.11
2019,7,Middle East & Africa,4 Series,Hybrid,1178,145059957.03
2019,7,Middle East & Africa,1 Series,ICE,1362,73848499.26
2019,7,Latin America,3 Series,ICE,3516,400019617.95
2019,7,Latin America,5 Series,ICE,6722,515510905.23
2019,7,Latin America,7 Series,ICE,3843,140205058.05
2019,7,Latin America,X3,ICE,3994,329023195.85
2019,7,Latin America,X5,EV,1689,89134973.86
2019,7,Latin America,X7,ICE,2305,228760530.96
2019,7,Latin America,i4,Hybrid,5497,642835229.41
2019,7,Latin America,iX,Hybrid,6537,574971681.29
2019,7,Latin America,i7,ICE,6697,247779831.22
2019,7,Latin America,M3,ICE,6153,793487501.25
2019,7,Latin America,M5,EV,5648,827786791.99
2019,7,Latin America,Z4,ICE,2691,346267176.46
2019,7,Latin America,2 Series,ICE,8257,942333618.57
2019,7,Latin America,4 Series,ICE,2061,90765555.1
2019,7,Latin America,1 Series,Hybrid,6392,237544216.7
2019,8,Europe,3 Series,ICE,3639,172484957.05
2019,8,Europe,5 Series,EV,5025,446945958.09
2019,8,Europe,7 Series,EV,777,86847184.87
2019,8,Europe,X3,Hybrid,6405,667439921.75
2019,8,Europe,X5,Hybrid,2021,152436697.09
2019,8,Europe,X7,ICE,8274,553515714.68
2019,8,Europe,i4,Hybrid,3175,293919140.89
2019,8,Europe,iX,Hybrid,2583,110704175.72
2019,8,Europe,i7,EV,6037,361946999.12
2019,8,Europe,M3,ICE,2643,321684961.85
2019,8,Europe,M5,ICE,5924,353140122.14
2019,8,Europe,Z4,ICE,6501,749469633.1
2019,8,Europe,2 Series,ICE,7083,395214272.1
2019,8,Europe,4 Series,ICE,3671,345583774.63
2019,8,Europe,1 Series,ICE,7985,392987933.71
2019,8,North America,3 Series,ICE,1675,128210869.46
2019,8,North America,5 Series,ICE,5787,420907444.16
2019,8,North America,7 Series,ICE,2899,346894509.63
2019,8,North America,X3,Hybrid,7561,746273176.05
2019,8,North America,X5,ICE,7645,1020829061.23
2019,8,North America,X7,EV,7304,826082965.71
2019,8,North America,i4,ICE,6247,294201007.73
2019,8,North America,iX,ICE,6441,313741445.23
2019,8,North America,i7,ICE,6608,308580701.22
2019,8,North America,M3,EV,1711,251771702.59
2019,8,North America,M5,ICE,6142,500531470.88
2019,8,North America,Z4,ICE,4406,295332453.78
2019,8,North America,2 Series,Hybrid,5625,686108466.74
2019,8,North America,4 Series,EV,3766,420541146.3
2019,8,North America,1 Series,EV,4663,242233623.85
2019,8,China,3 Series,ICE,1447,133393843.71
2019,8,China,5 Series,Hybrid,1440,172579407.74
2019,8,China,7 Series,EV,5007,734969234.94
2019,8,China,X3,ICE,5991,418270952.78
2019,8,China,X5,Hybrid,6141,745733077.14
2019,8,China,X7,Hybrid,7202,495207626.58
2019,8,China,i4,ICE,4488,334426909.13
2019,8,China,iX,EV,4455,547323320.76
2019,8,China,i7,EV,8976,710158103.97
2019,8,China,M3,ICE,3663,143361866.44
2019,8,China,M5,ICE,6774,473164751.73
2019,8,China,Z4,Hybrid,4612,327142362.61
2019,8,China,2 Series,ICE,6236,702347127.4
2019,8,China,4 Series,Hybrid,6430,572457200.76
2019,8,China,1 Series,Hybrid,1854,148337157.39
2019,8,Asia Pacific,3 Series,ICE,3863,291918541.12
2019,8,Asia Pacific,5 Series,EV,2838,292039544.79
2019,8,Asia Pacific,7 Series,ICE,3482,419011938.2
2019,8,Asia Pacific,X3,ICE,8405,662027712.59
2019,8,Asia Pacific,X5,ICE,3473,144100546.95
2019,8,Asia Pacific,X7,ICE,2626,270848638.05
2019,8,Asia Pacific,i4,EV,1192,57411725.32
2019,8,Asia Pacific,iX,ICE,4850,426822210.27
2019,8,Asia Pacific,i7,EV,5381,448962939.98
2019,8,Asia Pacific,M3,ICE,4635,687662272.66
2019,8,Asia Pacific,M5,ICE,3647,168631635.92
2019,8,Asia Pacific,Z4,ICE,6728,495424745.07
2019,8,Asia Pacific,2 Series,ICE,7376,399499871.35
2019,8,Asia Pacific,4 Series,ICE,3869,418146365.3
2019,8,Asia Pacific,1 Series,EV,1275,123191663.69
2019,8,Middle East & Africa,3 Series,ICE,870,87830745.35
2019,8,Middle East & Africa,5 Series,EV,6249,284799118.93
2019,8,Middle East & Africa,7 Series,EV,1362,90487149.28
2019,8,Middle East & Africa,X3,Hybrid,5008,296072976.25
2019,8,Middle East & Africa,X5,EV,6637,617463648.04
2019,8,Middle East & Africa,X7,ICE,6243,362149271.33
2019,8,Middle East & Africa,i4,ICE,5869,658674516.29
2019,8,Middle East & Africa,iX,Hybrid,6910,800752492.25
2019,8,Middle East & Africa,i7,EV,5432,602912427.02
2019,8,Middle East & Africa,M3,EV,4199,455010069.85
2019,8,Middle East & Africa,M5,EV,8388,711959312.58
2019,8,Middle East & Africa,Z4,Hybrid,5115,297051185.91
2019,8,Middle East & Africa,2 Series,ICE,2308,262674087.52
2019,8,Middle East & Africa,4 Series,ICE,4119,551622181.6
2019,8,Middle East & Africa,1 Series,EV,5414,446278259.6
2019,8,Latin America,3 Series,EV,5433,619298509.38
2019,8,Latin America,5 Series,ICE,2266,129321393.43
2019,8,Latin America,7 Series,ICE,7153,649628096.23
2019,8,Latin America,X3,EV,4289,168366537.1
2019,8,Latin America,X5,ICE,1453,182804881.93
2019,8,Latin America,X7,ICE,4724,628480567.97
2019,8,Latin America,i4,EV,5038,208384962.08
2019,8,Latin America,iX,EV,3287,442840268.6
2019,8,Latin America,i7,EV,4443,498692487.56
2019,8,Latin America,M3,EV,4399,520344346.34
2019,8,Latin America,M5,ICE,1502,138977928.33
2019,8,Latin America,Z4,ICE,6764,975453806.83
2019,8,Latin America,2 Series,EV,2661,120752482.76
2019,8,Latin America,4 Series,Hybrid,7734,563560182.07
2019,8,Latin America,1 Series,Hybrid,4180,503921078.88
2019,9,Europe,3 Series,EV,2132,117564320.35
2019,9,Europe,5 Series,EV,4151,557203226.84
2019,9,Europe,7 Series,ICE,4881,703360652.92
2019,9,Europe,X3,ICE,4099,259589134.22
2019,9,Europe,X5,ICE,8108,622246606.6
2019,9,Europe,X7,Hybrid,7101,775576351.62
2019,9,Europe,i4,EV,896,99595502.68
2019,9,Europe,iX,EV,7175,805277788.8
2019,9,Europe,i7,ICE,3588,521069507.9
2019,9,Europe,M3,ICE,7836,756289421.69
2019,9,Europe,M5,ICE,4150,579446847.97
2019,9,Europe,Z4,ICE,2541,362542451.46
2019,9,Europe,2 Series,Hybrid,2798,384384689.59
2019,9,Europe,4 Series,EV,5587,717418246.3
2019,9,Europe,1 Series,Hybrid,6270,844199870.4
2019,9,North America,3 Series,EV,4668,385065895.02
2019,9,North America,5 Series,EV,6482,911581892.72
2019,9,North America,7 Series,ICE,1993,185804338.92
2019,9,North America,X3,ICE,6022,590087886.17
2019,9,North America,X5,ICE,5564,228075952.82
2019,9,North America,X7,Hybrid,5792,629743092.56
2019,9,North America,i4,ICE,2306,163905884.84
2019,9,North America,iX,ICE,1729,202396486.25
2019,9,North America,i7,Hybrid,6510,861926925.77
2019,9,North America,M3,Hybrid,8194,712233446.86
2019,9,North America,M5,EV,1542,175878500.36
2019,9,North America,Z4,EV,6869,307084685.16
2019,9,North America,2 Series,ICE,4292,616533236.49
2019,9,North America,4 Series,EV,2095,78859070.07
2019,9,North America,1 Series,Hybrid,5942,827644243.87
2019,9,China,3 Series,EV,2057,273499851.73
2019,9,China,5 Series,ICE,5665,367761289.71
2019,9,China,7 Series,ICE,3306,331370077.74
2019,9,China,X3,ICE,4905,690617822.76
2019,9,China,X5,ICE,6248,379976207.6
2019,9,China,X7,ICE,8573,562503055.67
2019,9,China,i4,Hybrid,3371,449957165.19
2019,9,China,iX,Hybrid,7067,797699602.76
2019,9,China,i7,ICE,4337,166145735.59
2019,9,China,M3,EV,2611,363823912.47
2019,9,China,M5,ICE,6618,296883132.53
2019,9,China,Z4,ICE,7538,864591331.67
2019,9,China,2 Series,Hybrid,6375,533450178.51
2019,9,China,4 Series,Hybrid,1008,42090568.2
2019,9,China,1 Series,ICE,2498,189210244.64
2019,9,Asia Pacific,3 Series,Hybrid,7075,734361564.66
2019,9,Asia Pacific,5 Series,Hybrid,777,72278350.21
2019,9,Asia Pacific,7 Series,ICE,4074,204544944.25
2019,9,Asia Pacific,X3,EV,889,57725917.06
2019,9,Asia Pacific,X5,ICE,3780,189645421.29
2019,9,Asia Pacific,X7,ICE,4941,320901601.38
2019,9,Asia Pacific,i4,ICE,1608,236275855.86
2019,9,Asia Pacific,iX,ICE,4032,272306899.64
2019,9,Asia Pacific,i7,EV,6287,890065938.53
2019,9,Asia Pacific,M3,ICE,4711,335835109.76
2019,9,Asia Pacific,M5,EV,7938,785088770.95
2019,9,Asia Pacific,Z4,EV,6454,265392040.36
2019,9,Asia Pacific,2 Series,ICE,2251,200515627.21
2019,9,Asia Pacific,4 Series,ICE,4416,659963253.35
2019,9,Asia Pacific,1 Series,EV,852,126704444.83
2019,9,Middle East & Africa,3 Series,Hybrid,4410,583316919.68
2019,9,Middle East & Africa,5 Series,EV,1504,87877782.73
2019,9,Middle East & Africa,7 Series,ICE,6902,645370425.36
2019,9,Middle East & Africa,X3,ICE,8491,504582413.12
2019,9,Middle East & Africa,X5,EV,558,56157453.84
2019,9,Middle East & Africa,X7,ICE,1088,100403620.32
2019,9,Middle East & Africa,i4,ICE,2865,324750384.81
2019,9,Middle East & Africa,iX,Hybrid,3736,529959336.91
2019,9,Middle East & Africa,i7,ICE,2948,130662058.52
2019,9,Middle East & Africa,M3,EV,6102,654506774.84
2019,9,Middle East & Africa,M5,ICE,5252,769541994.93
2019,9,Middle East & Africa,Z4,Hybrid,4158,495332976.57
2019,9,Middle East & Africa,2 Series,Hybrid,7455,442135094.14
2019,9,Middle East & Africa,4 Series,ICE,5627,713429895.66
2019,9,Middle East & Africa,1 Series,Hybrid,5856,461803907.84
2019,9,Latin America,3 Series,ICE,1883,232834665.41
2019,9,Latin America,5 Series,ICE,765,41109706.66
2019,9,Latin America,7 Series,Hybrid,3072,444701897.74
2019,9,Latin America,X3,ICE,3054,258738600.48
2019,9,Latin America,X5,EV,3529,368441944.64
2019,9,Latin America,X7,ICE,1466,137738207.31
2019,9,Latin America,i4,ICE,7802,513957775.27
2019,9,Latin America,iX,Hybrid,1383,177389597.92
2019,9,Latin America,i7,Hybrid,4377,199980569.24
2019,9,Latin America,M3,ICE,4696,514095637.78
2019,9,Latin America,M5,Hybrid,4776,522642073.92
2019,9,Latin America,Z4,ICE,4426,616669652.85
2019,9,Latin America,2 Series,ICE,2035,231371569.18
2019,9,Latin America,4 Series,ICE,2655,183142929.87
2019,9,Latin America,1 Series,ICE,1312,123383982.45
2019,10,Europe,3 Series,ICE,3565,395709132.73
2019,10,Europe,5 Series,Hybrid,2566,262605227.11
2019,10,Europe,7 Series,Hybrid,585,64982681.71
2019,10,Europe,X3,ICE,2276,91506016.42
2019,10,Europe,X5,ICE,6140,629527842.89
2019,10,Europe,X7,ICE,6139,785183734.8
2019,10,Europe,i4,ICE,8653,512888080.47
2019,10,Europe,iX,ICE,5272,592794264.48
2019,10,Europe,i7,ICE,576,27888767.97
2019,10,Europe,M3,ICE,4531,369664053.33
2019,10,Europe,M5,Hybrid,7061,642360965.91
2019,10,Europe,Z4,Hybrid,5542,623404957.08
2019,10,Europe,2 Series,Hybrid,4225,190454719.09
2019,10,Europe,4 Series,ICE,1905,70155060.38
2019,10,Europe,1 Series,EV,6768,611343134.25
2019,10,North America,3 Series,ICE,2531,270808906.82
2019,10,North America,5 Series,EV,1889,233325373.24
2019,10,North America,7 Series,ICE,3546,191846159.06
2019,10,North America,X3,ICE,6402,581176033.0
2019,10,North America,X5,ICE,4456,259133859.96
2019,10,North America,X7,Hybrid,7385,542005506.3
2019,10,North America,i4,ICE,8216,1213018438.44
2019,10,North America,iX,EV,6953,827921750.71
2019,10,North America,i7,EV,832,75630139.91
2019,10,North America,M3,Hybrid,6448,896809836.39
2019,10,North America,M5,EV,2649,253656354.01
2019,10,North America,Z4,ICE,3259,214450739.06
2019,10,North America,2 Series,Hybrid,8032,738146519.11
2019,10,North America,4 Series,EV,3421,291354427.02
2019,10,North America,1 Series,ICE,6111,455528910.9
2019,10,China,3 Series,ICE,2451,278855220.28
2019,10,China,5 Series,EV,8560,946309589.54
2019,10,China,7 Series,ICE,3213,256695218.71
2019,10,China,X3,ICE,6529,499007489.17
2019,10,China,X5,ICE,6962,409567414.07
2019,10,China,X7,Hybrid,1314,65497780.28
2019,10,China,i4,ICE,5667,715461483.81
2019,10,China,iX,EV,4458,263399986.04
2019,10,China,i7,ICE,646,41985426.96
2019,10,China,M3,Hybrid,2198,303022014.86
2019,10,China,M5,ICE,1012,48683746.36
2019,10,China,Z4,ICE,4884,315748383.72
2019,10,China,2 Series,ICE,3821,472126247.39
2019,10,China,4 Series,Hybrid,7335,838871617.09
2019,10,China,1 Series,ICE,5512,224881524.02
2019,10,Asia Pacific,3 Series,EV,7236,953586506.03
2019,10,Asia Pacific,5 Series,ICE,1537,161554719.42
2019,10,Asia Pacific,7 Series,EV,1516,60376951.68
2019,10,Asia Pacific,X3,ICE,5237,306989882.86
2019,10,Asia Pacific,X5,ICE,6321,542180991.6
2019,10,Asia Pacific,X7,ICE,7483,394683421.07
2019,10,Asia Pacific,i4,ICE,6714,890198756.26
2019,10,Asia Pacific,iX,ICE,4376,156475130.85
2019,10,Asia Pacific,i7,EV,4346,404515309.34
2019,10,Asia Pacific,M3,ICE,3921,324368606.12
2019,10,Asia Pacific,M5,Hybrid,2348,285642006.33
2019,10,Asia Pacific,Z4,ICE,2206,185998068.39
2019,10,Asia Pacific,2 Series,EV,8073,1073910059.14
2019,10,Asia Pacific,4 Series,EV,4062,348911783.16
2019,10,Asia Pacific,1 Series,Hybrid,7219,1036063131.38
2019,10,Middle East & Africa,3 Series,ICE,3110,385089075.37
2019,10,Middle East & Africa,5 Series,ICE,4159,461317360.56
2019,10,Middle East & Africa,7 Series,Hybrid,8385,1236278465.45
2019,10,Middle East & Africa,X3,EV,7665,726446632.7
2019,10,Middle East & Africa,X5,ICE,4383,506634894.39
2019,10,Middle East & Africa,X7,EV,7133,995492522.73
2019,10,Middle East & Africa,i4,ICE,3237,340519847.92
2019,10,Middle East & Africa,iX,ICE,3899,228443816.4
2019,10,Middle East & Africa,i7,Hybrid,7483,642389651.84
2019,10,Middle East & Africa,M3,ICE,8039,655324457.29
2019,10,Middle East & Africa,M5,ICE,2718,263115586.8
2019,10,Middle East & Africa,Z4,ICE,7104,351581572.55
2019,10,Middle East & Africa,2 Series,EV,2695,252904822.75
2019,10,Middle East & Africa,4 Series,ICE,3676,196309957.81
2019,10,Middle East & Africa,1 Series,ICE,7390,478497849.64
2019,10,Latin America,3 Series,EV,3311,491682806.44
2019,10,Latin America,5 Series,ICE,1132,73435095.7
2019,10,Latin America,7 Series,ICE,1369,150399268.49
2019,10,Latin America,X3,ICE,3121,111106166.79
2019,10,Latin America,X5,ICE,2754,409616214.99
2019,10,Latin America,X7,Hybrid,9166,1022328551.64
2019,10,Latin America,i4,EV,2403,162734961.35
2019,10,Latin America,iX,Hybrid,6748,344800677.65
2019,10,Latin America,i7,ICE,6307,458534041.56
2019,10,Latin America,M3,Hybrid,8134,709655734.42
2019,10,Latin America,M5,ICE,4539,201640190.11
2019,10,Latin America,Z4,ICE,7225,431333990.01
2019,10,Latin America,2 Series,ICE,6333,650066855.99
2019,10,Latin America,4 Series,ICE,4300,439438218.05
2019,10,Latin America,1 Series,Hybrid,4501,648140866.8
2019,11,Europe,3 Series,Hybrid,4451,229670758.11
2019,11,Europe,5 Series,ICE,6497,950664804.41
2019,11,Europe,7 Series,ICE,4473,265937258.83
2019,11,Europe,X3,ICE,6198,615387454.61
2019,11,Europe,X5,EV,1575,129136271.99
2019,11,Europe,X7,ICE,5063,481589584.85
2019,11,Europe,i4,ICE,3558,248614928.04
2019,11,Europe,iX,ICE,6512,814886527.49
2019,11,Europe,i7,ICE,7680,519171567.24
2019,11,Europe,M3,ICE,6799,333611354.39
2019,11,Europe,M5,ICE,6892,622590817.08
2019,11,Europe,Z4,ICE,4878,609043544.23
2019,11,Europe,2 Series,ICE,7294,366692026.78
2019,11,Europe,4 Series,ICE,5874,509521803.15
2019,11,Europe,1 Series,ICE,8420,381183695.91
2019,11,North America,3 Series,Hybrid,5680,350879515.49
2019,11,North America,5 Series,ICE,4456,499522241.12
2019,11,North America,7 Series,ICE,3004,404292321.44
2019,11,North America,X3,Hybrid,5594,692164869.9
2019,11,North America,X5,ICE,5363,532683056.97
2019,11,North America,X7,ICE,5860,715656859.23
2019,11,North America,i4,EV,4520,405539392.78
2019,11,North America,iX,EV,1614,155208430.01
2019,11,North America,i7,EV,3098,195818290.61
2019,11,North America,M3,Hybrid,8267,369820224.19
2019,11,North America,M5,ICE,3156,126786363.74
2019,11,North America,Z4,EV,684,38138759.73
2019,11,North America,2 Series,ICE,4752,306862520.41
2019,11,North America,4 Series,ICE,1381,93653134.13
2019,11,North America,1 Series,ICE,6228,437712155.08
2019,11,China,3 Series,ICE,1711,249000432.97
2019,11,China,5 Series,ICE,5756,459576692.45
2019,11,China,7 Series,ICE,4493,290528357.97
2019,11,China,X3,EV,7288,424849132.95
2019,11,China,X5,Hybrid,5093,476151936.83
2019,11,China,X7,ICE,1399,100180559.05
2019,11,China,i4,Hybrid,1072,87755834.4
2019,11,China,iX,ICE,6948,685897216.78
2019,11,China,i7,Hybrid,1282,126650519.36
2019,11,China,M3,Hybrid,3176,274050559.06
2019,11,China,M5,EV,4373,639812860.19
2019,11,China,Z4,ICE,2110,204283020.57
2019,11,China,2 Series,ICE,8416,335008046.53
2019,11,China,4 Series,EV,7849,864188774.23
2019,11,China,1 Series,ICE,1160,104923647.07
2019,11,Asia Pacific,3 Series,Hybrid,8070,1209796416.33
2019,11,Asia Pacific,5 Series,EV,2388,223726391.14
2019,11,Asia Pacific,7 Series,ICE,6884,296304916.06
2019,11,Asia Pacific,X3,ICE,5766,294410696.4
2019,11,Asia Pacific,X5,Hybrid,3217,190600076.97
2019,11,Asia Pacific,X7,ICE,6967,790347728.47
2019,11,Asia Pacific,i4,ICE,3126,363840519.18
2019,11,Asia Pacific,iX,ICE,7020,521497741.37
2019,11,Asia Pacific,i7,ICE,5348,749319498.74
2019,11,Asia Pacific,M3,ICE,553,19627138.76
2019,11,Asia Pacific,M5,ICE,1947,268600021.22
2019,11,Asia Pacific,Z4,Hybrid,6798,301369687.02
2019,11,Asia Pacific,2 Series,EV,5328,205442164.78
2019,11,Asia Pacific,4 Series,EV,6142,302142135.07
2019,11,Asia Pacific,1 Series,EV,4078,310605193.3
2019,11,Middle East & Africa,3 Series,ICE,7698,1140354643.48
2019,11,Middle East & Africa,5 Series,ICE,4137,356305043.09
2019,11,Middle East & Africa,7 Series,ICE,739,83701911.61
2019,11,Middle East & Africa,X3,Hybrid,1896,200115048.21
2019,11,Middle East & Africa,X5,ICE,6101,901201276.58
2019,11,Middle East & Africa,X7,EV,780,108434330.83
2019,11,Middle East & Africa,i4,Hybrid,1973,292379475.45
2019,11,Middle East & Africa,iX,Hybrid,1620,162723745.71
2019,11,Middle East & Africa,i7,ICE,4759,570907272.89
2019,11,Middle East & Africa,M3,Hybrid,5762,244979910.94
2019,11,Middle East & Africa,M5,ICE,957,136238320.05
2019,11,Middle East & Africa,Z4,EV,8079,1009544257.8
2019,11,Middle East & Africa,2 Series,ICE,5430,795648323.94
2019,11,Middle East & Africa,4 Series,Hybrid,5344,531264874.98
2019,11,Middle East & Africa,1 Series,ICE,4326,620579995.58
2019,11,Latin America,3 Series,ICE,3208,479394681.35
2019,11,Latin America,5 Series,ICE,6347,583867462.68
2019,11,Latin America,7 Series,ICE,988,60093167.18
2019,11,Latin America,X3,ICE,4136,295177328.11
2019,11,Latin America,X5,ICE,2964,298650434.62
2019,11,Latin America,X7,ICE,6264,715963492.41
2019,11,Latin America,i4,EV,2417,176104633.01
2019,11,Latin America,iX,ICE,5166,465953250.56
2019,11,Latin America,i7,EV,6045,861605892.76
2019,11,Latin America,M3,EV,2328,145293528.39
2019,11,Latin America,M5,ICE,1073,101680302.14
2019,11,Latin America,Z4,ICE,1231,130793939.44
2019,11,Latin America,2 Series,Hybrid,5756,284087568.88
2019,11,Latin America,4 Series,EV,775,106453713.02
2019,11,Latin America,1 Series,Hybrid,6415,902579694.53
2019,12,Europe,3 Series,ICE,3186,269731487.45
2019,12,Europe,5 Series,ICE,1012,69742413.72
2019,12,Europe,7 Series,ICE,1381,113625117.62
2019,12,Europe,X3,EV,7561,273857550.5
2019,12,Europe,X5,ICE,7142,759367657.8
2019,12,Europe,X7,ICE,6830,854001691.08
2019,12,Europe,i4,ICE,3399,161183155.89
2019,12,Europe,iX,ICE,5773,726144616.64
2019,12,Europe,i7,ICE,4819,450688641.9
2019,12,Europe,M3,ICE,4920,423768436.64
2019,12,Europe,M5,ICE,6348,315389501.86
2019,12,Europe,Z4,Hybrid,5539,674389689.91
2019,12,Europe,2 Series,ICE,8156,422047215.55
2019,12,Europe,4 Series,ICE,5403,418275673.35
2019,12,Europe,1 Series,ICE,5767,297744697.91
2019,12,North America,3 Series,ICE,8223,1099832447.15
2019,12,North America,5 Series,ICE,2484,269920882.02
2019,12,North America,7 Series,ICE,1052,117617719.61
2019,12,North America,X3,Hybrid,4630,338368386.58
2019,12,North America,X5,Hybrid,3492,290359653.9
2019,12,North America,X7,ICE,4866,679840771.28
2019,12,North America,i4,ICE,573,65734768.64
2019,12,North America,iX,ICE,2159,257951729.09
2019,12,North America,i7,EV,3639,284678451.12
2019,12,North America,M3,ICE,8625,661744256.65
2019,12,North America,M5,ICE,787,40433090.57
2019,12,North America,Z4,ICE,6043,743508146.31
2019,12,North America,2 Series,ICE,705,47708479.17
2019,12,North America,4 Series,ICE,2925,216681109.21
2019,12,North America,1 Series,Hybrid,1861,102818209.96
2019,12,China,3 Series,ICE,1190,134359358.07
2019,12,China,5 Series,ICE,8030,593530039.24
2019,12,China,7 Series,ICE,4076,522099297.45
2019,12,China,X3,Hybrid,5697,853039811.52
2019,12,China,X5,EV,8489,412792325.89
2019,12,China,X7,EV,1772,101080813.71
2019,12,China,i4,ICE,3512,296402681.68
2019,12,China,iX,Hybrid,982,100696710.77
2019,12,China,i7,EV,3278,238255757.48
2019,12,China,M3,ICE,6834,338575024.89
2019,12,China,M5,ICE,6106,360634531.74
2019,12,China,Z4,ICE,4909,518939921.07
2019,12,China,2 Series,ICE,4103,447978792.23
2019,12,China,4 Series,ICE,4793,266418087.8
2019,12,China,1 Series,Hybrid,5276,618873403.76
2019,12,Asia Pacific,3 Series,ICE,2871,311165135.58
2019,12,Asia Pacific,5 Series,EV,5245,315987765.54
2019,12,Asia Pacific,7 Series,ICE,7270,437205284.92
2019,12,Asia Pacific,X3,ICE,3809,543096263.72
2019,12,Asia Pacific,X5,ICE,4586,556908323.17
2019,12,Asia Pacific,X7,ICE,4728,482991940.83
2019,12,Asia Pacific,i4,ICE,5537,481067784.34
2019,12,Asia Pacific,iX,ICE,3971,283757132.72
2019,12,Asia Pacific,i7,ICE,2015,132076924.89
2019,12,Asia Pacific,M3,ICE,7211,951126499.53
2019,12,Asia Pacific,M5,ICE,5272,352110919.48
2019,12,Asia Pacific,Z4,ICE,1340,52799161.46
2019,12,Asia Pacific,2 Series,ICE,2305,146950017.15
2019,12,Asia Pacific,4 Series,Hybrid,7440,495231874.55
2019,12,Asia Pacific,1 Series,Hybrid,1937,235392154.61
2019,12,Middle East & Africa,3 Series,Hybrid,7721,953997112.2
2019,12,Middle East & Africa,5 Series,ICE,3756,305882184.44
2019,12,Middle East & Africa,7 Series,ICE,5866,213331361.05
2019,12,Middle East & Africa,X3,Hybrid,7916,1064928428.43
2019,12,Middle East & Africa,X5,ICE,7162,641431577.34
2019,12,Middle East & Africa,X7,ICE,7325,651228451.01
2019,12,Middle East & Africa,i4,EV,3709,263352374.11
2019,12,Middle East & Africa,iX,ICE,7982,662778221.62
2019,12,Middle East & Africa,i7,ICE,7917,618242640.84
2019,12,Middle East & Africa,M3,Hybrid,1522,182408019.85
2019,12,Middle East & Africa,M5,ICE,6724,498110946.74
2019,12,Middle East & Africa,Z4,ICE,6825,837610285.61
2019,12,Middle East & Africa,2 Series,Hybrid,2918,109928593.22
2019,12,Middle East & Africa,4 Series,Hybrid,1534,221744789.44
2019,12,Middle East & Africa,1 Series,ICE,6393,895541045.22
2019,12,Latin America,3 Series,Hybrid,4383,256333316.96
2019,12,Latin America,5 Series,ICE,4906,439574804.96
2019,12,Latin America,7 Series,ICE,4540,317955397.03
2019,12,Latin America,X3,ICE,6364,246202812.53
2019,12,Latin America,X5,Hybrid,4043,234028466.79
2019,12,Latin America,X7,EV,3570,220624336.34
2019,12,Latin America,i4,Hybrid,1101,85211906.62
2019,12,Latin America,iX,ICE,3645,299797757.89
2019,12,Latin America,i7,ICE,1306,108551478.97
2019,12,Latin America,M3,Hybrid,4336,583432395.65
2019,12,Latin America,M5,ICE,2146,276958579.31
2019,12,Latin America,Z4,Hybrid,1928,275709281.36
2019,12,Latin America,2 Series,Hybrid,5100,447677950.52
2019,12,Latin America,4 Series,ICE,1707,221614692.09
2019,12,Latin America,1 Series,Hybrid,2642,369047220.41
2020,1,Europe,3 Series,EV,4562,180175053.47
2020,1,Europe,5 Series,ICE,6919,605241336.13
2020,1,Europe,7 Series,Hybrid,7390,591018149.1
2020,1,Europe,X3,EV,7330,466558194.47
2020,1,Europe,X5,EV,6893,546177019.63
2020,1,Europe,X7,Hybrid,6847,549529275.23
2020,1,Europe,i4,EV,2944,156509533.73
2020,1,Europe,iX,EV,4991,700607025.1
2020,1,Europe,i7,Hybrid,7704,1074744163.88
2020,1,Europe,M3,ICE,7387,1104071242.68
2020,1,Europe,M5,ICE,1471,183350917.76
2020,1,Europe,Z4,ICE,1860,173347211.9
2020,1,Europe,2 Series,ICE,1232,138842134.38
2020,1,Europe,4 Series,ICE,3824,510174798.21
2020,1,Europe,1 Series,ICE,590,68762408.2
2020,1,North America,3 Series,ICE,6917,627699159.13
2020,1,North America,5 Series,ICE,5626,658590120.12
2020,1,North America,7 Series,ICE,5123,675107358.56
2020,1,North America,X3,ICE,719,39819808.59
2020,1,North America,X5,ICE,6883,302317256.17
2020,1,North America,X7,EV,6121,524420769.64
2020,1,North America,i4,ICE,5972,672626808.13
2020,1,North America,iX,ICE,5861,632993259.33
2020,1,North America,i7,Hybrid,6785,937389384.21
2020,1,North America,M3,ICE,3216,333800266.78
2020,1,North America,M5,ICE,4166,590798638.4
2020,1,North America,Z4,ICE,2429,89495098.56
2020,1,North America,2 Series,ICE,638,36428179.02
2020,1,North America,4 Series,Hybrid,2807,129428997.84
2020,1,North America,1 Series,EV,5823,315667359.12
2020,1,China,3 Series,ICE,1623,117031529.46
2020,1,China,5 Series,Hybrid,5572,542132226.27
2020,1,China,7 Series,EV,1488,70199095.04
2020,1,China,X3,ICE,653,46603059.42
2020,1,China,X5,ICE,4241,469332791.71
2020,1,China,X7,ICE,5839,249576936.85
2020,1,China,i4,ICE,3445,318494531.54
2020,1,China,iX,EV,6912,1029273509.81
2020,1,China,i7,EV,1914,87844226.77
2020,1,China,M3,ICE,6455,729147505.28
2020,1,China,M5,EV,5995,330702606.35
2020,1,China,Z4,EV,6288,835855882.12
2020,1,China,2 Series,Hybrid,3035,424571838.57
2020,1,China,4 Series,ICE,5258,324570713.41
2020,1,China,1 Series,Hybrid,607,64269219.23
2020,1,Asia Pacific,3 Series,EV,3032,255528637.81
2020,1,Asia Pacific,5 Series,ICE,1090,85096536.83
2020,1,Asia Pacific,7 Series,ICE,1816,197643403.24
2020,1,Asia Pacific,X3,ICE,7145,1027278070.97
2020,1,Asia Pacific,X5,EV,3097,221487981.84
2020,1,Asia Pacific,X7,EV,895,131941135.4
2020,1,Asia Pacific,i4,Hybrid,3307,202838656.43
2020,1,Asia Pacific,iX,EV,3315,321624122.7
2020,1,Asia Pacific,i7,EV,7294,927555790.54
2020,1,Asia Pacific,M3,Hybrid,2583,203723485.27
2020,1,Asia Pacific,M5,ICE,4613,195733931.94
2020,1,Asia Pacific,Z4,Hybrid,1963,292646877.36
2020,1,Asia Pacific,2 Series,EV,1463,150912143.91
2020,1,Asia Pacific,4 Series,EV,2175,95675898.97
2020,1,Asia Pacific,1 Series,Hybrid,2987,172399693.58
2020,1,Middle East & Africa,3 Series,ICE,5488,372171915.95
2020,1,Middle East & Africa,5 Series,ICE,5651,758245165.0
2020,1,Middle East & Africa,7 Series,Hybrid,3615,196269536.19
2020,1,Middle East & Africa,X3,ICE,5162,437967342.43
2020,1,Middle East & Africa,X5,ICE,7522,922361701.34
2020,1,Middle East & Africa,X7,ICE,1367,192714516.51
2020,1,Middle East & Africa,i4,Hybrid,1918,105883998.55
2020,1,Middle East & Africa,iX,ICE,3203,250288479.33
2020,1,Middle East & Africa,i7,Hybrid,1121,131391611.46
2020,1,Middle East & Africa,M3,ICE,1911,256246639.04
2020,1,Middle East & Africa,M5,EV,3841,543326631.55
2020,1,Middle East & Africa,Z4,EV,6855,625850382.22
2020,1,Middle East & Africa,2 Series,Hybrid,5060,692081256.17
2020,1,Middle East & Africa,4 Series,EV,1588,158871441.08
2020,1,Middle East & Africa,1 Series,ICE,4958,613285231.87
2020,1,Latin America,3 Series,EV,3633,331298762.95
2020,1,Latin America,5 Series,Hybrid,5878,466203654.49
2020,1,Latin America,7 Series,ICE,2527,98473072.98
2020,1,Latin America,X3,EV,6472,247550434.32
2020,1,Latin America,X5,Hybrid,1725,150729014.03
2020,1,Latin America,X7,Hybrid,2593,263213632.05
2020,1,Latin America,i4,Hybrid,1701,210348724.07
2020,1,Latin America,iX,Hybrid,3827,391917135.44
2020,1,Latin America,i7,EV,5710,775079449.43
2020,1,Latin America,M3,ICE,4019,280346350.09
2020,1,Latin America,M5,EV,7049,721811775.27
2020,1,Latin America,Z4,EV,7949,943387233.59
2020,1,Latin America,2 Series,ICE,6292,797299613.24
2020,1,Latin America,4 Series,EV,3120,442890051.5
2020,1,Latin America,1 Series,ICE,2817,153148598.21
2020,2,Europe,3 Series,Hybrid,1229,141428921.82
2020,2,Europe,5 Series,Hybrid,5957,503719173.0
2020,2,Europe,7 Series,ICE,2312,133569698.22
2020,2,Europe,X3,ICE,1494,192206987.86
2020,2,Europe,X5,ICE,1135,145343040.19
2020,2,Europe,X7,ICE,9402,805600984.19
2020,2,Europe,i4,EV,1659,89759374.21
2020,2,Europe,iX,ICE,3476,147348266.72
2020,2,Europe,i7,ICE,2600,292168573.08
2020,2,Europe,M3,ICE,1009,146153225.52
2020,2,Europe,M5,Hybrid,8541,394054518.64
2020,2,Europe,Z4,Hybrid,582,55178560.96
2020,2,Europe,2 Series,EV,3238,289547319.11
2020,2,Europe,4 Series,ICE,4142,469760373.36
2020,2,Europe,1 Series,ICE,3621,518577786.73
2020,2,North America,3 Series,Hybrid,4007,589670448.5
2020,2,North America,5 Series,EV,6820,597061775.11
2020,2,North America,7 Series,Hybrid,7604,1075047957.2
2020,2,North America,X3,ICE,1793,120379807.39
2020,2,North America,X5,Hybrid,7208,626883932.89
2020,2,North America,X7,Hybrid,8178,674763166.72
2020,2,North America,i4,ICE,6971,895433248.94
2020,2,North America,iX,ICE,4112,602423302.03
2020,2,North America,i7,EV,6436,674349578.9
2020,2,North America,M3,ICE,6446,483826479.73
2020,2,North America,M5,EV,5394,720457701.14
2020,2,North America,Z4,EV,6811,713962993.8
2020,2,North America,2 Series,Hybrid,8280,834356157.51
2020,2,North America,4 Series,EV,4352,401521532.27
2020,2,North America,1 Series,ICE,8283,812610887.49
2020,2,China,3 Series,EV,2249,325724672.75
2020,2,China,5 Series,Hybrid,4940,293133150.51
2020,2,China,7 Series,EV,6730,317178256.6
2020,2,China,X3,EV,722,102402159.83
2020,2,China,X5,EV,6872,808869605.59
2020,2,China,X7,Hybrid,8882,990607526.45
2020,2,China,i4,EV,6529,296421834.69
2020,2,China,iX,Hybrid,7620,771424338.91
2020,2,China,i7,EV,1155,90501396.08
2020,2,China,M3,Hybrid,7492,825624091.56
2020,2,China,M5,EV,7971,492904768.74
2020,2,China,Z4,ICE,2757,124757100.96
2020,2,China,2 Series,EV,2354,113821115.86
2020,2,China,4 Series,ICE,7669,603722372.47
2020,2,China,1 Series,EV,2889,279061076.12
2020,2,Asia Pacific,3 Series,EV,4072,313453364.94
2020,2,Asia Pacific,5 Series,Hybrid,6799,756935521.76
2020,2,Asia Pacific,7 Series,Hybrid,1439,139444407.73
2020,2,Asia Pacific,X3,ICE,1979,136817588.2
2020,2,Asia Pacific,X5,ICE,6475,674491183.6
2020,2,Asia Pacific,X7,ICE,7049,917719168.24
2020,2,Asia Pacific,i4,ICE,3192,475252212.91
2020,2,Asia Pacific,iX,ICE,8500,765021385.1
2020,2,Asia Pacific,i7,EV,4634,677245225.08
2020,2,Asia Pacific,M3,ICE,7350,957019537.87
2020,2,Asia Pacific,M5,ICE,7868,479029405.86
2020,2,Asia Pacific,Z4,EV,8824,1178264851.71
2020,2,Asia Pacific,2 Series,Hybrid,3614,400481021.71
2020,2,Asia Pacific,4 Series,EV,739,54539801.4
2020,2,Asia Pacific,1 Series,Hybrid,3880,310292352.84
2020,2,Middle East & Africa,3 Series,Hybrid,2859,403554526.98
2020,2,Middle East & Africa,5 Series,Hybrid,5229,261730162.47
2020,2,Middle East & Africa,7 Series,EV,6250,257651124.51
2020,2,Middle East & Africa,X3,EV,3191,171755140.44
2020,2,Middle East & Africa,X5,ICE,6664,920832053.08
2020,2,Middle East & Africa,X7,ICE,8184,978492732.68
2020,2,Middle East & Africa,i4,ICE,7651,357485337.68
2020,2,Middle East & Africa,iX,EV,7338,1058842490.58
2020,2,Middle East & Africa,i7,ICE,7249,300674917.15
2020,2,Middle East & Africa,M3,ICE,4310,176857804.02
2020,2,Middle East & Africa,M5,EV,6008,510015908.99
2020,2,Middle East & Africa,Z4,ICE,6747,262520205.07
2020,2,Middle East & Africa,2 Series,ICE,4595,475848459.1
2020,2,Middle East & Africa,4 Series,ICE,6885,788720867.25
2020,2,Middle East & Africa,1 Series,EV,5639,498050489.19
2020,2,Latin America,3 Series,EV,3675,404681737.15
2020,2,Latin America,5 Series,ICE,1431,70170415.47
2020,2,Latin America,7 Series,Hybrid,8600,323773466.94
2020,2,Latin America,X3,Hybrid,5573,639660430.08
2020,2,Latin America,X5,ICE,5272,478075608.86
2020,2,Latin America,X7,Hybrid,4131,204080448.16
2020,2,Latin America,i4,ICE,7633,965199377.07
2020,2,Latin America,iX,ICE,8162,655299250.98
2020,2,Latin America,i7,EV,8119,740329189.66
2020,2,Latin America,M3,Hybrid,5775,745928883.29
2020,2,Latin America,M5,Hybrid,7712,1126363204.04
2020,2,Latin America,Z4,EV,2353,270476943.66
2020,2,Latin America,2 Series,ICE,4871,239410672.28
2020,2,Latin America,4 Series,ICE,2464,111124938.44
2020,2,Latin America,1 Series,ICE,6272,926322781.47
2020,3,Europe,3 Series,Hybrid,4242,232183188.33
2020,3,Europe,5 Series,EV,5478,381098967.96
2020,3,Europe,7 Series,EV,5712,392646508.39
2020,3,Europe,X3,Hybrid,1814,208495122.75
2020,3,Europe,X5,Hybrid,3762,352566701.49
2020,3,Europe,X7,Hybrid,6970,433997790.03
2020,3,Europe,i4,ICE,3507,209541455.11
2020,3,Europe,iX,ICE,4995,381081005.81
2020,3,Europe,i7,ICE,5913,580849305.95
2020,3,Europe,M3,ICE,6992,566399742.72
2020,3,Europe,M5,ICE,2925,418634549.01
2020,3,Europe,Z4,ICE,2063,246028456.35
2020,3,Europe,2 Series,EV,6975,817199169.87
2020,3,Europe,4 Series,Hybrid,6828,713994671.28
2020,3,Europe,1 Series,ICE,1800,226071301.57
2020,3,North America,3 Series,ICE,5467,361174084.97
2020,3,North America,5 Series,Hybrid,6679,284427394.4
2020,3,North America,7 Series,Hybrid,4176,519820793.53
2020,3,North America,X3,ICE,7022,253734937.01
2020,3,North America,X5,ICE,2421,113969334.92
2020,3,North America,X7,EV,2109,286157284.54
2020,3,North America,i4,Hybrid,7655,733581816.59
2020,3,North America,iX,Hybrid,7699,509452116.52
2020,3,North America,i7,ICE,875,125867599.51
2020,3,North America,M3,ICE,3898,440272732.86
2020,3,North America,M5,EV,5562,738118847.2
2020,3,North America,Z4,ICE,1556,177330644.97
2020,3,North America,2 Series,Hybrid,5697,447568149.42
2020,3,North America,4 Series,EV,1124,121962150.51
2020,3,North America,1 Series,ICE,6901,724610823.84
2020,3,China,3 Series,Hybrid,2122,160656965.61
2020,3,China,5 Series,ICE,2885,242896760.32
2020,3,China,7 Series,EV,9319,571328058.94
2020,3,China,X3,Hybrid,1471,120253073.52
2020,3,China,X5,ICE,1387,60777950.85
2020,3,China,X7,ICE,1241,51628485.41
2020,3,China,i4,EV,6091,779403724.46
2020,3,China,iX,ICE,4501,640180665.02
2020,3,China,i7,ICE,4964,743432263.51
2020,3,China,M3,EV,6014,220103560.37
2020,3,China,M5,ICE,8434,987860996.39
2020,3,China,Z4,Hybrid,6863,1024889699.88
2020,3,China,2 Series,Hybrid,8908,1279796851.64
2020,3,China,4 Series,Hybrid,940,137178382.18
2020,3,China,1 Series,Hybrid,8952,1243762602.39
2020,3,Asia Pacific,3 Series,ICE,4143,389747403.99
2020,3,Asia Pacific,5 Series,EV,4273,233329967.73
2020,3,Asia Pacific,7 Series,EV,3935,250750007.76
2020,3,Asia Pacific,X3,Hybrid,8047,550072360.19
2020,3,Asia Pacific,X5,Hybrid,2651,317783211.78
2020,3,Asia Pacific,X7,Hybrid,2752,390364418.42
2020,3,Asia Pacific,i4,EV,5562,217331532.52
2020,3,Asia Pacific,iX,ICE,6585,274015835.58
2020,3,Asia Pacific,i7,ICE,4393,332539845.0
2020,3,Asia Pacific,M3,ICE,8935,725860012.75
2020,3,Asia Pacific,M5,ICE,4341,194240365.82
2020,3,Asia Pacific,Z4,Hybrid,1852,259293978.77
2020,3,Asia Pacific,2 Series,ICE,7666,467633296.37
2020,3,Asia Pacific,4 Series,ICE,3067,422026068.15
2020,3,Asia Pacific,1 Series,Hybrid,2605,222560227.55
2020,3,Middle East & Africa,3 Series,EV,1773,214383137.38
2020,3,Middle East & Africa,5 Series,ICE,9217,532958564.13
2020,3,Middle East & Africa,7 Series,ICE,804,67070816.45
2020,3,Middle East & Africa,X3,ICE,741,42892096.82
2020,3,Middle East & Africa,X5,ICE,7286,354544885.31
2020,3,Middle East & Africa,X7,Hybrid,5333,624744472.31
2020,3,Middle East & Africa,i4,ICE,7870,637357796.05
2020,3,Middle East & Africa,iX,Hybrid,7780,620202759.12
2020,3,Middle East & Africa,i7,ICE,1615,79949301.62
2020,3,Middle East & Africa,M3,ICE,708,44036231.82
2020,3,Middle East & Africa,M5,Hybrid,3496,362412786.13
2020,3,Middle East & Africa,Z4,ICE,4507,409604556.75
2020,3,Middle East & Africa,2 Series,EV,2820,335195311.97
2020,3,Middle East & Africa,4 Series,ICE,3251,436866722.78
2020,3,Middle East & Africa,1 Series,EV,2854,240744251.59
2020,3,Latin America,3 Series,ICE,8107,937425946.38
2020,3,Latin America,5 Series,Hybrid,1957,260888199.55
2020,3,Latin America,7 Series,Hybrid,1715,86117041.66
2020,3,Latin America,X3,ICE,2506,210566254.95
2020,3,Latin America,X5,Hybrid,1479,116457280.33
2020,3,Latin America,X7,Hybrid,6983,430251816.25
2020,3,Latin America,i4,ICE,4196,352939722.35
2020,3,Latin America,iX,ICE,1416,95245729.39
2020,3,Latin America,i7,ICE,3940,543472634.63
2020,3,Latin America,M3,ICE,476,57427872.51
2020,3,Latin America,M5,ICE,4428,463833042.84
2020,3,Latin America,Z4,ICE,3116,239345702.5
2020,3,Latin America,2 Series,ICE,1461,165882778.56
2020,3,Latin America,4 Series,EV,1613,193960978.59
2020,3,Latin America,1 Series,ICE,7612,795774373.06
2020,4,Europe,3 Series,ICE,2740,216913952.28
2020,4,Europe,5 Series,EV,1754,182786163.08
2020,4,Europe,7 Series,ICE,9528,1229131555.72
2020,4,Europe,X3,ICE,5012,218579104.52
2020,4,Europe,X5,Hybrid,3376,302262833.45
2020,4,Europe,X7,EV,5582,223493663.37
2020,4,Europe,i4,ICE,5727,787648427.58
2020,4,Europe,iX,EV,8932,1314250086.26
2020,4,Europe,i7,EV,4669,226466705.43
2020,4,Europe,M3,ICE,4703,668311432.43
2020,4,Europe,M5,Hybrid,665,44240517.3
2020,4,Europe,Z4,EV,2710,271298366.56
2020,4,Europe,2 Series,EV,6102,785152596.34
2020,4,Europe,4 Series,Hybrid,5789,849402128.44
2020,4,Europe,1 Series,ICE,7199,717649145.34
2020,4,North America,3 Series,ICE,5536,310943994.92
2020,4,North America,5 Series,ICE,2529,91092183.39
2020,4,North America,7 Series,EV,5013,583471654.5
2020,4,North America,X3,Hybrid,3539,244480575.09
2020,4,North America,X5,ICE,1447,58235142.38
2020,4,North America,X7,ICE,919,131725131.58
2020,4,North America,i4,ICE,1606,202229851.28
2020,4,North America,iX,Hybrid,3114,184183211.0
2020,4,North America,i7,ICE,6012,628815199.86
2020,4,North America,M3,ICE,1433,195831536.77
2020,4,North America,M5,ICE,1677,176622367.64
2020,4,North America,Z4,ICE,1083,39201288.22
2020,4,North America,2 Series,ICE,7907,437451236.63
2020,4,North America,4 Series,EV,5525,744869024.4
2020,4,North America,1 Series,EV,5077,613116420.15
2020,4,China,3 Series,ICE,5898,631182778.67
2020,4,China,5 Series,Hybrid,2571,155220241.03
2020,4,China,7 Series,ICE,5890,787466221.5
2020,4,China,X3,ICE,4151,491988575.56
2020,4,China,X5,ICE,8471,779633018.75
2020,4,China,X7,ICE,8536,484152453.31
2020,4,China,i4,Hybrid,6372,429696383.28
2020,4,China,iX,ICE,7621,612215457.35
2020,4,China,i7,Hybrid,1039,87312810.24
2020,4,China,M3,ICE,7062,328572874.9
2020,4,China,M5,Hybrid,7454,270995245.1
2020,4,China,Z4,ICE,3412,443746494.98
2020,4,China,2 Series,EV,6994,351102928.52
2020,4,China,4 Series,EV,2618,280516614.24
2020,4,China,1 Series,ICE,701,33107514.02
2020,4,Asia Pacific,3 Series,EV,3879,173666698.25
2020,4,Asia Pacific,5 Series,ICE,7387,636002327.02
2020,4,Asia Pacific,7 Series,ICE,3454,217733316.69
2020,4,Asia Pacific,X3,Hybrid,3009,147903435.9
2020,4,Asia Pacific,X5,EV,1467,68648412.14
2020,4,Asia Pacific,X7,EV,3794,530777567.28
2020,4,Asia Pacific,i4,ICE,4181,316211705.29
2020,4,Asia Pacific,iX,ICE,8742,996396752.63
2020,4,Asia Pacific,i7,Hybrid,7599,414140120.42
2020,4,Asia Pacific,M3,ICE,1622,109336816.23
2020,4,Asia Pacific,M5,ICE,3121,440628256.89
2020,4,Asia Pacific,Z4,EV,7389,387012481.27
2020,4,Asia Pacific,2 Series,ICE,3599,407172256.22
2020,4,Asia Pacific,4 Series,ICE,6778,724210330.28
2020,4,Asia Pacific,1 Series,ICE,7373,1034925528.78
2020,4,Middle East & Africa,3 Series,Hybrid,3137,366402442.14
2020,4,Middle East & Africa,5 Series,ICE,614,90550069.61
2020,4,Middle East & Africa,7 Series,EV,1744,139378650.66
2020,4,Middle East & Africa,X3,Hybrid,8480,1091246447.15
2020,4,Middle East & Africa,X5,ICE,4872,326544613.1
2020,4,Middle East & Africa,X7,ICE,1520,120501041.11
2020,4,Middle East & Africa,i4,ICE,4267,626726802.54
2020,4,Middle East & Africa,iX,Hybrid,5886,748971173.02
2020,4,Middle East & Africa,i7,Hybrid,2627,257903137.41
2020,4,Middle East & Africa,M3,Hybrid,4941,639669186.39
2020,4,Middle East & Africa,M5,ICE,6018,575313480.47
2020,4,Middle East & Africa,Z4,EV,8249,955693925.29
2020,4,Middle East & Africa,2 Series,ICE,518,68799950.66
2020,4,Middle East & Africa,4 Series,ICE,5334,751581784.45
2020,4,Middle East & Africa,1 Series,ICE,3489,462895569.63
2020,4,Latin America,3 Series,EV,1671,86183709.66
2020,4,Latin America,5 Series,EV,8427,499171637.67
2020,4,Latin America,7 Series,ICE,6429,936293704.61
2020,4,Latin America,X3,Hybrid,4130,475173397.67
2020,4,Latin America,X5,ICE,1075,119557137.48
2020,4,Latin America,X7,ICE,8156,433816967.68
2020,4,Latin America,i4,ICE,1580,69302764.39
2020,4,Latin America,iX,Hybrid,7558,929808105.66
2020,4,Latin America,i7,ICE,1901,219251552.58
2020,4,Latin America,M3,ICE,4439,382006881.82
2020,4,Latin America,M5,Hybrid,617,32655985.92
2020,4,Latin America,Z4,EV,847,46552579.7
2020,4,Latin America,2 Series,ICE,4420,500294971.47
2020,4,Latin America,4 Series,EV,5761,372599884.41
2020,4,Latin America,1 Series,Hybrid,3436,287669067.16
2020,5,Europe,3 Series,ICE,1361,200695132.29
2020,5,Europe,5 Series,ICE,2347,97258822.23
2020,5,Europe,7 Series,ICE,8350,829312339.95
2020,5,Europe,X3,EV,8179,735315577.02
2020,5,Europe,X5,Hybrid,4498,242688696.45
2020,5,Europe,X7,EV,6128,404697712.44
2020,5,Europe,i4,ICE,3856,510380416.71
2020,5,Europe,iX,ICE,2751,129966655.13
2020,5,Europe,i7,ICE,681,48043741.62
2020,5,Europe,M3,Hybrid,6924,433709269.37
2020,5,Europe,M5,ICE,5684,567433845.24
2020,5,Europe,Z4,EV,825,37718387.47
2020,5,Europe,2 Series,ICE,3952,574047711.13
2020,5,Europe,4 Series,Hybrid,3554,420985993.51
2020,5,Europe,1 Series,EV,7084,517851674.85
2020,5,North America,3 Series,EV,4441,567834468.38
2020,5,North America,5 Series,ICE,6206,557606610.84
2020,5,North America,7 Series,EV,819,42937588.72
2020,5,North America,X3,ICE,8663,1252445462.06
2020,5,North America,X5,ICE,2656,292785002.61
2020,5,North America,X7,EV,2233,206968486.47
2020,5,North America,i4,EV,6174,876560616.71
2020,5,North America,iX,ICE,6720,459962380.42
2020,5,North America,i7,Hybrid,3795,443892365.68
2020,5,North America,M3,Hybrid,2439,256569463.03
2020,5,North America,M5,ICE,1922,287063232.88
2020,5,North America,Z4,ICE,605,81737079.18
2020,5,North America,2 Series,Hybrid,8188,368658834.59
2020,5,North America,4 Series,ICE,3010,207674771.16
2020,5,North America,1 Series,ICE,5425,245542893.07
2020,5,China,3 Series,ICE,7288,1081586430.49
2020,5,China,5 Series,EV,8053,884087246.66
2020,5,China,7 Series,ICE,1850,168627101.27
2020,5,China,X3,ICE,2991,399463334.89
2020,5,China,X5,EV,1652,155180808.29
2020,5,China,X7,Hybrid,3198,362823023.83
2020,5,China,i4,Hybrid,3165,471564545.68
2020,5,China,iX,ICE,5468,688519205.15
2020,5,China,i7,Hybrid,4749,632100805.33
2020,5,China,M3,ICE,1977,263317335.65
2020,5,China,M5,ICE,8187,374578655.15
2020,5,China,Z4,ICE,6284,811285267.37
2020,5,China,2 Series,ICE,2271,319093532.8
2020,5,China,4 Series,EV,7200,584458949.78
2020,5,China,1 Series,ICE,4061,369242066.99
2020,5,Asia Pacific,3 Series,Hybrid,4243,370314377.33
2020,5,Asia Pacific,5 Series,Hybrid,4234,252130746.35
2020,5,Asia Pacific,7 Series,Hybrid,6304,265877691.48
2020,5,Asia Pacific,X3,EV,7379,659993318.85
2020,5,Asia Pacific,X5,ICE,7129,871455270.5
2020,5,Asia Pacific,X7,ICE,2873,128173142.09
2020,5,Asia Pacific,i4,ICE,3644,493704524.39
2020,5,Asia Pacific,iX,ICE,4282,479622991.73
2020,5,Asia Pacific,i7,ICE,6909,952889332.66
2020,5,Asia Pacific,M3,ICE,6797,393135832.84
2020,5,Asia Pacific,M5,EV,4767,544465320.56
2020,5,Asia Pacific,Z4,ICE,6585,921562512.53
2020,5,Asia Pacific,2 Series,Hybrid,6756,844860250.23
2020,5,Asia Pacific,4 Series,Hybrid,1303,132288738.2
2020,5,Asia Pacific,1 Series,ICE,7281,1041047877.47
2020,5,Middle East & Africa,3 Series,EV,7514,275248936.99
2020,5,Middle East & Africa,5 Series,EV,1844,131637446.09
2020,5,Middle East & Africa,7 Series,EV,6332,600777280.8
2020,5,Middle East & Africa,X3,ICE,5082,678882592.42
2020,5,Middle East & Africa,X5,Hybrid,7000,323444073.87
2020,5,Middle East & Africa,X7,ICE,2151,210367619.72
2020,5,Middle East & Africa,i4,ICE,3573,211245600.56
2020,5,Middle East & Africa,iX,ICE,6692,245279647.95
2020,5,Middle East & Africa,i7,EV,645,45344160.17
2020,5,Middle East & Africa,M3,EV,1733,189979852.73
2020,5,Middle East & Africa,M5,ICE,3998,520705013.03
2020,5,Middle East & Africa,Z4,ICE,6975,987172578.44
2020,5,Middle East & Africa,2 Series,ICE,3495,361426890.79
2020,5,Middle East & Africa,4 Series,Hybrid,3681,408055946.71
2020,5,Middle East & Africa,1 Series,Hybrid,5779,614557909.34
2020,5,Latin America,3 Series,EV,7217,325315808.47
2020,5,Latin America,5 Series,EV,1388,146947480.51
2020,5,Latin America,7 Series,ICE,5273,562839779.95
2020,5,Latin America,X3,Hybrid,6048,615939580.91
2020,5,Latin America,X5,ICE,3407,202257166.7
2020,5,Latin America,X7,EV,5240,301244599.53
2020,5,Latin America,i4,ICE,1572,198514344.97
2020,5,Latin America,iX,ICE,9336,1082425362.99
2020,5,Latin America,i7,EV,681,85092683.97
2020,5,Latin America,M3,Hybrid,3213,210186084.07
2020,5,Latin America,M5,EV,8435,948343620.12
2020,5,Latin America,Z4,ICE,8379,308229537.58
2020,5,Latin America,2 Series,ICE,4217,399268821.06
2020,5,Latin America,4 Series,EV,3194,464099277.39
2020,5,Latin America,1 Series,EV,2720,217618156.48
2020,6,Europe,3 Series,Hybrid,4386,557693669.04
2020,6,Europe,5 Series,Hybrid,1884,150526598.31
2020,6,Europe,7 Series,Hybrid,4567,431521507.76
2020,6,Europe,X3,ICE,1503,74440557.69
2020,6,Europe,X5,ICE,6089,803434620.86
2020,6,Europe,X7,Hybrid,3107,165575492.48
2020,6,Europe,i4,ICE,1209,103131834.13
2020,6,Europe,iX,Hybrid,5230,554806030.04
2020,6,Europe,i7,Hybrid,1261,47802411.42
2020,6,Europe,M3,EV,4723,587648983.94
2020,6,Europe,M5,ICE,7010,484714078.49
2020,6,Europe,Z4,Hybrid,2880,368110657.61
2020,6,Europe,2 Series,ICE,2969,197797615.0
2020,6,Europe,4 Series,EV,5283,783214003.5
2020,6,Europe,1 Series,EV,1503,155602374.81
2020,6,North America,3 Series,ICE,2837,158225689.25
2020,6,North America,5 Series,ICE,7704,1012354340.0
2020,6,North America,7 Series,ICE,5284,436356364.58
2020,6,North America,X3,Hybrid,5360,611274163.57
2020,6,North America,X5,ICE,3436,298420142.07
2020,6,North America,X7,ICE,2749,152701076.18
2020,6,North America,i4,Hybrid,6488,314530590.96
2020,6,North America,iX,ICE,3591,379247573.35
2020,6,North America,i7,Hybrid,1952,125450389.39
2020,6,North America,M3,ICE,5130,193141371.4
2020,6,North America,M5,Hybrid,1739,133837655.3
2020,6,North America,Z4,EV,761,45867393.67
2020,6,North America,2 Series,Hybrid,1551,140181102.07
2020,6,North America,4 Series,EV,3832,421410102.05
2020,6,North America,1 Series,ICE,7688,722329906.09
2020,6,China,3 Series,ICE,2091,120767359.01
2020,6,China,5 Series,EV,6467,518491604.27
2020,6,China,7 Series,Hybrid,7498,405267711.87
2020,6,China,X3,ICE,6904,942593408.48
2020,6,China,X5,ICE,6696,479809239.23
2020,6,China,X7,ICE,3850,385852135.87
2020,6,China,i4,ICE,6682,579205042.43
2020,6,China,iX,EV,4716,387315414.64
2020,6,China,i7,Hybrid,8635,1260638361.03
2020,6,China,M3,ICE,718,91932471.35
2020,6,China,M5,ICE,2098,90955932.71
2020,6,China,Z4,Hybrid,3453,245722672.32
2020,6,China,2 Series,ICE,5728,417112843.99
2020,6,China,4 Series,ICE,7199,444571403.7
2020,6,China,1 Series,ICE,3135,299816262.87
2020,6,Asia Pacific,3 Series,ICE,3179,457207505.85
2020,6,Asia Pacific,5 Series,EV,5713,786430797.89
2020,6,Asia Pacific,7 Series,ICE,7099,912508047.97
2020,6,Asia Pacific,X3,ICE,1060,97885553.05
2020,6,Asia Pacific,X5,EV,3814,332086075.25
2020,6,Asia Pacific,X7,Hybrid,5581,565286034.51
2020,6,Asia Pacific,i4,ICE,6724,680551203.46
2020,6,Asia Pacific,iX,ICE,4347,572886475.83
2020,6,Asia Pacific,i7,ICE,8543,817258180.43
2020,6,Asia Pacific,M3,ICE,601,27609206.21
2020,6,Asia Pacific,M5,EV,6554,468459020.01
2020,6,Asia Pacific,Z4,ICE,1264,89763068.75
2020,6,Asia Pacific,2 Series,Hybrid,3794,562104571.19
2020,6,Asia Pacific,4 Series,Hybrid,7017,343569784.33
2020,6,Asia Pacific,1 Series,ICE,5344,324710263.29
2020,6,Middle East & Africa,3 Series,EV,1573,113458586.11
2020,6,Middle East & Africa,5 Series,Hybrid,4060,183195006.59
2020,6,Middle East & Africa,7 Series,Hybrid,7444,1033459952.09
2020,6,Middle East & Africa,X3,EV,7306,473897001.15
2020,6,Middle East & Africa,X5,EV,1328,92951183.16
2020,6,Middle East & Africa,X7,ICE,6833,877602064.18
2020,6,Middle East & Africa,i4,ICE,2288,233598207.09
2020,6,Middle East & Africa,iX,ICE,3702,450159516.9
2020,6,Middle East & Africa,i7,EV,8257,713236936.36
2020,6,Middle East & Africa,M3,ICE,4832,434694374.22
2020,6,Middle East & Africa,M5,Hybrid,2872,341909953.68
2020,6,Middle East & Africa,Z4,ICE,3086,360472136.67
2020,6,Middle East & Africa,2 Series,ICE,8753,970185053.46
2020,6,Middle East & Africa,4 Series,EV,2488,108580316.44
2020,6,Middle East & Africa,1 Series,Hybrid,2092,125217870.91
2020,6,Latin America,3 Series,EV,2194,162688974.67
2020,6,Latin America,5 Series,EV,7334,980722765.39
2020,6,Latin America,7 Series,EV,3489,385040017.61
2020,6,Latin America,X3,EV,1643,98843299.86
2020,6,Latin America,X5,ICE,5006,470806114.67
2020,6,Latin America,X7,EV,1938,162124956.05
2020,6,Latin America,i4,Hybrid,8411,393108273.36
2020,6,Latin America,iX,ICE,1588,99511516.71
2020,6,Latin America,i7,EV,2052,184203215.2
2020,6,Latin America,M3,Hybrid,3415,483552688.7
2020,6,Latin America,M5,ICE,4008,323232054.32
2020,6,Latin America,Z4,ICE,3058,202891326.76
2020,6,Latin America,2 Series,ICE,6073,860679499.2
2020,6,Latin America,4 Series,ICE,2155,222645234.37
2020,6,Latin America,1 Series,Hybrid,4931,234499742.96
2020,7,Europe,3 Series,ICE,3091,186237921.01
2020,7,Europe,5 Series,ICE,873,54526026.28
2020,7,Europe,7 Series,Hybrid,2750,292394809.3
2020,7,Europe,X3,Hybrid,3887,234336168.52
2020,7,Europe,X5,EV,6230,365427616.46
2020,7,Europe,X7,EV,3752,435881602.36
2020,7,Europe,i4,ICE,503,46714926.62
2020,7,Europe,iX,Hybrid,5073,674936539.36
2020,7,Europe,i7,Hybrid,1940,83395328.83
2020,7,Europe,M3,ICE,8394,1222652817.44
2020,7,Europe,M5,Hybrid,4126,228639117.06
2020,7,Europe,Z4,ICE,1108,135652425.05
2020,7,Europe,2 Series,ICE,4131,421623362.94
2020,7,Europe,4 Series,Hybrid,2708,108848871.73
2020,7,Europe,1 Series,ICE,7448,976181717.38
2020,7,North America,3 Series,Hybrid,2162,268422036.65
2020,7,North America,5 Series,ICE,8153,709725829.04
2020,7,North America,7 Series,EV,5005,455188389.04
2020,7,North America,X3,ICE,719,50064267.5
2020,7,North America,X5,ICE,5511,735993821.09
2020,7,North America,X7,EV,5785,382057634.3
2020,7,North America,i4,Hybrid,5374,792897722.81
2020,7,North America,iX,EV,7247,551332603.13
2020,7,North America,i7,ICE,6027,885537573.13
2020,7,North America,M3,ICE,6311,889058555.56
2020,7,North America,M5,ICE,1687,229215328.68
2020,7,North America,Z4,Hybrid,9468,1406406464.29
2020,7,North America,2 Series,EV,1951,220643724.44
2020,7,North America,4 Series,EV,4098,588905743.49
2020,7,North America,1 Series,ICE,1942,184118960.1
2020,7,China,3 Series,ICE,5333,674428693.71
2020,7,China,5 Series,Hybrid,8164,556515235.82
2020,7,China,7 Series,EV,5541,287689136.79
2020,7,China,X3,Hybrid,5837,623020602.35
2020,7,China,X5,Hybrid,3214,136372901.75
2020,7,China,X7,ICE,3974,268431735.71
2020,7,China,i4,Hybrid,1006,35798890.71
2020,7,China,iX,ICE,6821,435963179.82
2020,7,China,i7,ICE,3286,304708224.12
2020,7,China,M3,EV,4973,223239951.79
2020,7,China,M5,ICE,6433,658101407.89
2020,7,China,Z4,ICE,2153,306344982.82
2020,7,China,2 Series,ICE,6791,567692137.91
2020,7,China,4 Series,EV,1560,219682826.73
2020,7,China,1 Series,Hybrid,2109,238477641.0
2020,7,Asia Pacific,3 Series,ICE,5088,627253428.99
2020,7,Asia Pacific,5 Series,ICE,4286,298400580.2
2020,7,Asia Pacific,7 Series,ICE,6212,546859468.14
2020,7,Asia Pacific,X3,ICE,8240,702399632.11
2020,7,Asia Pacific,X5,ICE,4689,435789775.15
2020,7,Asia Pacific,X7,Hybrid,3670,308947773.62
2020,7,Asia Pacific,i4,ICE,4123,576989951.15
2020,7,Asia Pacific,iX,ICE,7162,873216052.38
2020,7,Asia Pacific,i7,Hybrid,3471,353129398.16
2020,7,Asia Pacific,M3,ICE,6105,610750787.56
2020,7,Asia Pacific,M5,ICE,7914,391605467.91
2020,7,Asia Pacific,Z4,Hybrid,5030,682142194.23
2020,7,Asia Pacific,2 Series,ICE,902,59595236.65
2020,7,Asia Pacific,4 Series,EV,1417,65466664.16
2020,7,Asia Pacific,1 Series,ICE,5053,679103616.14
2020,7,Middle East & Africa,3 Series,ICE,5988,718720439.91
2020,7,Middle East & Africa,5 Series,ICE,2363,235439074.21
2020,7,Middle East & Africa,7 Series,EV,1612,181677699.54
2020,7,Middle East & Africa,X3,EV,3315,390179924.97
2020,7,Middle East & Africa,X5,EV,7634,870994284.2
2020,7,Middle East & Africa,X7,ICE,487,66323747.03
2020,7,Middle East & Africa,i4,Hybrid,2503,223969382.07
2020,7,Middle East & Africa,iX,EV,4330,612673830.23
2020,7,Middle East & Africa,i7,ICE,5465,706794789.9
2020,7,Middle East & Africa,M3,EV,5018,529235446.19
2020,7,Middle East & Africa,M5,ICE,6569,556530116.46
2020,7,Middle East & Africa,Z4,Hybrid,1957,236070613.26
2020,7,Middle East & Africa,2 Series,ICE,5405,528978258.5
2020,7,Middle East & Africa,4 Series,ICE,2923,135926117.22
2020,7,Middle East & Africa,1 Series,Hybrid,3966,317227491.55
2020,7,Latin America,3 Series,Hybrid,1474,189485301.01
2020,7,Latin America,5 Series,ICE,3010,300650974.47
2020,7,Latin America,7 Series,ICE,2801,307545787.68
2020,7,Latin America,X3,Hybrid,3904,543872955.13
2020,7,Latin America,X5,EV,5176,453988358.88
2020,7,Latin America,X7,ICE,1863,248564349.06
2020,7,Latin America,i4,Hybrid,4030,384387040.9
2020,7,Latin America,iX,Hybrid,2173,163984804.63
2020,7,Latin America,i7,Hybrid,3501,468245966.14
2020,7,Latin America,M3,ICE,8030,560790602.41
2020,7,Latin America,M5,ICE,8286,648794748.46
2020,7,Latin America,Z4,ICE,5804,676035532.53
2020,7,Latin America,2 Series,Hybrid,6413,319903055.39
2020,7,Latin America,4 Series,ICE,5437,576374346.19
2020,7,Latin America,1 Series,ICE,814,97094662.92
2020,8,Europe,3 Series,ICE,5722,815023939.1
2020,8,Europe,5 Series,ICE,6721,831726987.02
2020,8,Europe,7 Series,EV,7023,972519375.05
2020,8,Europe,X3,ICE,8164,1199550959.2
2020,8,Europe,X5,EV,1121,53992387.7
2020,8,Europe,X7,EV,1165,90924805.15
2020,8,Europe,i4,Hybrid,894,64308378.85
2020,8,Europe,iX,Hybrid,3485,377427291.18
2020,8,Europe,i7,Hybrid,2115,180439550.38
2020,8,Europe,M3,ICE,2475,210170183.8
2020,8,Europe,M5,Hybrid,6885,701873519.31
2020,8,Europe,Z4,Hybrid,5731,222491787.97
2020,8,Europe,2 Series,ICE,562,46040808.93
2020,8,Europe,4 Series,Hybrid,1124,127542009.47
2020,8,Europe,1 Series,EV,7259,668264839.21
2020,8,North America,3 Series,EV,6094,564290888.39
2020,8,North America,5 Series,ICE,8638,439289434.81
2020,8,North America,7 Series,ICE,4472,605988841.01
2020,8,North America,X3,Hybrid,1794,124317208.88
2020,8,North America,X5,ICE,2257,219294346.53
2020,8,North America,X7,ICE,8761,1235839213.18
2020,8,North America,i4,ICE,6494,878838809.64
2020,8,North America,iX,ICE,2723,275474815.26
2020,8,North America,i7,EV,5947,481173320.96
2020,8,North America,M3,ICE,7441,759122179.91
2020,8,North America,M5,EV,2988,115670241.2
2020,8,North America,Z4,ICE,2207,271338798.96
2020,8,North America,2 Series,ICE,5852,426640379.22
2020,8,North America,4 Series,EV,9515,590843232.56
2020,8,North America,1 Series,ICE,6149,712395134.36
2020,8,China,3 Series,EV,815,35157271.16
2020,8,China,5 Series,ICE,7301,323202501.66
2020,8,China,7 Series,Hybrid,1577,62764934.89
2020,8,China,X3,ICE,4646,349749177.47
2020,8,China,X5,ICE,8178,1199864298.84
2020,8,China,X7,ICE,893,111544267.88
2020,8,China,i4,ICE,6511,738498714.84
2020,8,China,iX,EV,5401,429484013.94
2020,8,China,i7,ICE,1614,135714581.07
2020,8,China,M3,ICE,3945,417381466.33
2020,8,China,M5,EV,3340,284569187.26
2020,8,China,Z4,ICE,2298,83085821.08
2020,8,China,2 Series,ICE,7974,1006444764.13
2020,8,China,4 Series,Hybrid,6604,777819698.88
2020,8,China,1 Series,EV,1067,91157999.59
2020,8,Asia Pacific,3 Series,ICE,3180,350909913.71
2020,8,Asia Pacific,5 Series,ICE,2805,226501351.31
2020,8,Asia Pacific,7 Series,Hybrid,5601,357191835.83
2020,8,Asia Pacific,X3,Hybrid,5198,668170964.08
2020,8,Asia Pacific,X5,EV,7504,878045994.88
2020,8,Asia Pacific,X7,EV,7548,1018464157.85
2020,8,Asia Pacific,i4,ICE,7895,909849359.25
2020,8,Asia Pacific,iX,Hybrid,974,80107500.18
2020,8,Asia Pacific,i7,EV,4545,265468075.7
2020,8,Asia Pacific,M3,ICE,4762,572961438.76
2020,8,Asia Pacific,M5,ICE,4073,511622182.62
2020,8,Asia Pacific,Z4,ICE,2763,303210044.91
2020,8,Asia Pacific,2 Series,ICE,1343,176171246.46
2020,8,Asia Pacific,4 Series,ICE,5558,723237905.88
2020,8,Asia Pacific,1 Series,ICE,3305,261599573.97
2020,8,Middle East & Africa,3 Series,ICE,3798,152329379.82
2020,8,Middle East & Africa,5 Series,ICE,2267,218168310.61
2020,8,Middle East & Africa,7 Series,Hybrid,825,61872955.58
2020,8,Middle East & Africa,X3,ICE,6343,467257755.59
2020,8,Middle East & Africa,X5,EV,3108,320000432.35
2020,8,Middle East & Africa,X7,EV,3779,402372841.54
2020,8,Middle East & Africa,i4,EV,7939,949287396.56
2020,8,Middle East & Africa,iX,ICE,1527,220704125.42
2020,8,Middle East & Africa,i7,EV,3389,484177105.1
2020,8,Middle East & Africa,M3,ICE,5946,733952955.31
2020,8,Middle East & Africa,M5,ICE,3877,578256503.27
2020,8,Middle East & Africa,Z4,ICE,7415,941354465.02
2020,8,Middle East & Africa,2 Series,EV,1475,182463412.56
2020,8,Middle East & Africa,4 Series,ICE,5428,574216903.94
2020,8,Middle East & Africa,1 Series,ICE,5930,652884565.02
2020,8,Latin America,3 Series,EV,581,58315390.46
2020,8,Latin America,5 Series,ICE,3157,271621962.39
2020,8,Latin America,7 Series,ICE,612,89399020.99
2020,8,Latin America,X3,Hybrid,8135,666990701.24
2020,8,Latin America,X5,Hybrid,1165,122543763.73
2020,8,Latin America,X7,ICE,1087,70297159.84
2020,8,Latin America,i4,EV,3126,155145209.37
2020,8,Latin America,iX,Hybrid,2028,223967224.38
2020,8,Latin America,i7,ICE,5519,627569679.79
2020,8,Latin America,M3,EV,5382,530890644.2
2020,8,Latin America,M5,ICE,7798,1147533933.51
2020,8,Latin America,Z4,ICE,8810,666331397.65
2020,8,Latin America,2 Series,Hybrid,5421,257789150.01
2020,8,Latin America,4 Series,Hybrid,1545,96180192.52
2020,8,Latin America,1 Series,ICE,4175,473097932.79
2020,9,Europe,3 Series,ICE,4762,245024616.84
2020,9,Europe,5 Series,ICE,7220,1062324557.75
2020,9,Europe,7 Series,EV,3823,561799935.16
2020,9,Europe,X3,Hybrid,1886,129097365.36
2020,9,Europe,X5,ICE,5009,526142288.39
2020,9,Europe,X7,EV,5361,645115897.24
2020,9,Europe,i4,EV,6549,391040153.22
2020,9,Europe,iX,EV,864,45151420.8
2020,9,Europe,i7,EV,5547,243462354.77
2020,9,Europe,M3,EV,2572,385153119.76
2020,9,Europe,M5,Hybrid,6872,819831324.87
2020,9,Europe,Z4,EV,5640,591166363.81
2020,9,Europe,2 Series,Hybrid,5058,333605513.17
2020,9,Europe,4 Series,EV,3489,253994726.63
2020,9,Europe,1 Series,EV,3462,246507843.85
2020,9,North America,3 Series,EV,6191,738411763.14
2020,9,North America,5 Series,EV,3304,328591290.76
2020,9,North America,7 Series,ICE,3903,408254335.14
2020,9,North America,X3,ICE,3926,511162950.44
2020,9,North America,X5,EV,4921,686802119.72
2020,9,North America,X7,Hybrid,5784,375567148.76
2020,9,North America,i4,ICE,2964,242982261.17
2020,9,North America,iX,Hybrid,1891,203759832.1
2020,9,North America,i7,EV,7744,675415817.9
2020,9,North America,M3,ICE,3964,391550282.18
2020,9,North America,M5,EV,6323,853527615.38
2020,9,North America,Z4,EV,791,117734299.36
2020,9,North America,2 Series,ICE,8275,658964110.17
2020,9,North America,4 Series,ICE,1622,160656163.86
2020,9,North America,1 Series,Hybrid,1520,197360284.04
2020,9,China,3 Series,ICE,6116,913274280.48
2020,9,China,5 Series,ICE,7901,1139645702.86
2020,9,China,7 Series,EV,6034,790469310.13
2020,9,China,X3,ICE,5025,599713451.58
2020,9,China,X5,Hybrid,6420,916207613.75
2020,9,China,X7,ICE,7305,753880031.53
2020,9,China,i4,Hybrid,4399,375839605.25
2020,9,China,iX,Hybrid,5390,667797967.9
2020,9,China,i7,ICE,4687,468114611.99
2020,9,China,M3,EV,5681,805139784.82
2020,9,China,M5,ICE,3739,207581123.01
2020,9,China,Z4,ICE,8698,1187052409.77
2020,9,China,2 Series,EV,4371,442086653.76
2020,9,China,4 Series,Hybrid,1358,73390586.54
2020,9,China,1 Series,ICE,4762,651513762.23
2020,9,Asia Pacific,3 Series,ICE,3219,391587849.52
2020,9,Asia Pacific,5 Series,EV,6039,278018900.35
2020,9,Asia Pacific,7 Series,Hybrid,5397,205869991.65
2020,9,Asia Pacific,X3,EV,8512,1080037290.89
2020,9,Asia Pacific,X5,ICE,8612,667405578.6
2020,9,Asia Pacific,X7,ICE,5478,471956201.84
2020,9,Asia Pacific,i4,ICE,4294,204418922.3
2020,9,Asia Pacific,iX,Hybrid,7167,983464140.01
2020,9,Asia Pacific,i7,Hybrid,1440,214853592.67
2020,9,Asia Pacific,M3,EV,1774,226040817.03
2020,9,Asia Pacific,M5,EV,2666,193600407.28
2020,9,Asia Pacific,Z4,Hybrid,2943,351938657.0
2020,9,Asia Pacific,2 Series,Hybrid,1263,89929567.56
2020,9,Asia Pacific,4 Series,EV,3888,451345960.27
2020,9,Asia Pacific,1 Series,Hybrid,2434,270247017.85
2020,9,Middle East & Africa,3 Series,EV,960,102852269.35
2020,9,Middle East & Africa,5 Series,ICE,5530,793354108.18
2020,9,Middle East & Africa,7 Series,Hybrid,2862,259635845.49
2020,9,Middle East & Africa,X3,ICE,4636,268127192.27
2020,9,Middle East & Africa,X5,EV,5614,680339816.84
2020,9,Middle East & Africa,X7,ICE,1132,119188253.46
2020,9,Middle East & Africa,i4,Hybrid,862,56248507.18
2020,9,Middle East & Africa,iX,ICE,5285,396908437.12
2020,9,Middle East & Africa,i7,Hybrid,2356,310237050.2
2020,9,Middle East & Africa,M3,EV,6422,813190953.88
2020,9,Middle East & Africa,M5,ICE,3743,258165865.31
2020,9,Middle East & Africa,Z4,ICE,9251,1136510430.77
2020,9,Middle East & Africa,2 Series,ICE,4277,475508698.76
2020,9,Middle East & Africa,4 Series,ICE,5241,581596279.72
2020,9,Middle East & Africa,1 Series,ICE,4292,532093853.62
2020,9,Latin America,3 Series,Hybrid,8433,878058810.86
2020,9,Latin America,5 Series,Hybrid,749,69927427.45
2020,9,Latin America,7 Series,EV,7276,725123182.02
2020,9,Latin America,X3,ICE,6181,494532633.01
2020,9,Latin America,X5,ICE,3795,156668366.79
2020,9,Latin America,X7,Hybrid,2366,305522354.2
2020,9,Latin America,i4,ICE,3843,521481754.05
2020,9,Latin America,iX,Hybrid,7695,1108125757.09
2020,9,Latin America,i7,Hybrid,3100,300927046.08
2020,9,Latin America,M3,EV,786,35667942.52
2020,9,Latin America,M5,Hybrid,8257,1016366418.14
2020,9,Latin America,Z4,ICE,980,75108416.61
2020,9,Latin America,2 Series,ICE,2110,169824454.0
2020,9,Latin America,4 Series,Hybrid,3367,470454696.96
2020,9,Latin America,1 Series,ICE,2483,157921111.59
2020,10,Europe,3 Series,ICE,6950,994828888.06
2020,10,Europe,5 Series,ICE,4388,174917941.4
2020,10,Europe,7 Series,ICE,697,86307654.58
2020,10,Europe,X3,ICE,3154,405271721.84
2020,10,Europe,X5,ICE,3666,440508245.24
2020,10,Europe,X7,ICE,1138,105855179.6
2020,10,Europe,i4,Hybrid,6856,251583012.1
2020,10,Europe,iX,EV,6577,302469768.48
2020,10,Europe,i7,Hybrid,3660,383035586.41
2020,10,Europe,M3,ICE,3332,401507952.85
2020,10,Europe,M5,ICE,4219,275884818.23
2020,10,Europe,Z4,Hybrid,4548,383835170.84
2020,10,Europe,2 Series,ICE,4204,380820158.51
2020,10,Europe,4 Series,EV,5267,415971641.12
2020,10,Europe,1 Series,EV,6770,527144910.4
2020,10,North America,3 Series,Hybrid,1478,149952176.62
2020,10,North America,5 Series,ICE,6814,528285924.76
2020,10,North America,7 Series,Hybrid,5898,303945732.22
2020,10,North America,X3,Hybrid,1135,61817101.9
2020,10,North America,X5,EV,4999,223191399.94
2020,10,North America,X7,ICE,7895,932784204.23
2020,10,North America,i4,Hybrid,2278,208990645.81
2020,10,North America,iX,ICE,6771,354261273.18
2020,10,North America,i7,ICE,5693,769774499.49
2020,10,North America,M3,ICE,2559,323432050.79
2020,10,North America,M5,Hybrid,3731,231732498.98
2020,10,North America,Z4,ICE,4831,646122504.02
2020,10,North America,2 Series,EV,1407,118125716.27
2020,10,North America,4 Series,ICE,1784,95695023.32
2020,10,North America,1 Series,EV,1840,248438925.07
2020,10,China,3 Series,ICE,8197,447827028.85
2020,10,China,5 Series,EV,4365,591609098.8
2020,10,China,7 Series,ICE,585,49771876.8
2020,10,China,X3,ICE,8735,830569325.26
2020,10,China,X5,Hybrid,3895,210656215.38
2020,10,China,X7,ICE,6058,639785255.22
2020,10,China,i4,Hybrid,5283,471733092.12
2020,10,China,iX,ICE,3870,455943971.0
2020,10,China,i7,EV,1574,184526889.59
2020,10,China,M3,ICE,3272,171093350.55
2020,10,China,M5,ICE,557,31516485.42
2020,10,China,Z4,Hybrid,5236,240291429.69
2020,10,China,2 Series,Hybrid,5245,394959363.37
2020,10,China,4 Series,Hybrid,2429,88961860.84
2020,10,China,1 Series,ICE,3326,448446952.19
2020,10,Asia Pacific,3 Series,Hybrid,3124,384888410.38
2020,10,Asia Pacific,5 Series,EV,5566,616864588.07
2020,10,Asia Pacific,7 Series,ICE,1679,100556601.14
2020,10,Asia Pacific,X3,ICE,4915,622444030.79
2020,10,Asia Pacific,X5,Hybrid,7079,716397680.29
2020,10,Asia Pacific,X7,EV,5525,706312972.04
2020,10,Asia Pacific,i4,EV,7187,424538042.94
2020,10,Asia Pacific,iX,ICE,2942,133872476.51
2020,10,Asia Pacific,i7,EV,1654,148328007.51
2020,10,Asia Pacific,M3,ICE,1363,55885394.15
2020,10,Asia Pacific,M5,Hybrid,4337,387052285.93
2020,10,Asia Pacific,Z4,ICE,6490,645214321.64
2020,10,Asia Pacific,2 Series,ICE,4176,316641181.37
2020,10,Asia Pacific,4 Series,EV,3372,460540493.43
2020,10,Asia Pacific,1 Series,EV,2257,295361328.62
2020,10,Middle East & Africa,3 Series,Hybrid,7831,671816666.65
2020,10,Middle East & Africa,5 Series,Hybrid,2898,287363027.56
2020,10,Middle East & Africa,7 Series,ICE,3296,443661113.78
2020,10,Middle East & Africa,X3,EV,7705,915173108.68
2020,10,Middle East & Africa,X5,ICE,6065,854374806.19
2020,10,Middle East & Africa,X7,ICE,3506,424146332.92
2020,10,Middle East & Africa,i4,ICE,4278,245609347.84
2020,10,Middle East & Africa,iX,Hybrid,3056,236594768.36
2020,10,Middle East & Africa,i7,ICE,673,26149914.36
2020,10,Middle East & Africa,M3,ICE,4639,693576206.05
2020,10,Middle East & Africa,M5,Hybrid,3068,450017859.8
2020,10,Middle East & Africa,Z4,EV,8671,772959543.97
2020,10,Middle East & Africa,2 Series,Hybrid,4548,406802990.65
2020,10,Middle East & Africa,4 Series,EV,7270,341304962.61
2020,10,Middle East & Africa,1 Series,ICE,6615,348061794.43
2020,10,Latin America,3 Series,EV,9048,402860674.38
2020,10,Latin America,5 Series,EV,1399,151525673.08
2020,10,Latin America,7 Series,ICE,1541,103108293.15
2020,10,Latin America,X3,EV,6535,241256269.05
2020,10,Latin America,X5,EV,8936,1235309908.81
2020,10,Latin America,X7,ICE,6085,469272190.36
2020,10,Latin America,i4,ICE,6245,820202172.22
2020,10,Latin America,iX,Hybrid,1019,124877128.67
2020,10,Latin America,i7,ICE,2563,220394600.19
2020,10,Latin America,M3,ICE,2417,198348504.13
2020,10,Latin America,M5,Hybrid,8739,309105456.18
2020,10,Latin America,Z4,ICE,3255,288454884.35
2020,10,Latin America,2 Series,EV,1325,116925443.57
2020,10,Latin America,4 Series,ICE,1222,54914272.92
2020,10,Latin America,1 Series,ICE,6870,846199165.35
2020,11,Europe,3 Series,EV,2557,224862954.15
2020,11,Europe,5 Series,EV,2577,291980332.2
2020,11,Europe,7 Series,EV,7485,912576757.64
2020,11,Europe,X3,ICE,976,66381472.7
2020,11,Europe,X5,ICE,5254,320417521.26
2020,11,Europe,X7,ICE,7658,1130450940.34
2020,11,Europe,i4,ICE,4139,378043226.19
2020,11,Europe,iX,Hybrid,3899,370989516.44
2020,11,Europe,i7,EV,7228,283511619.74
2020,11,Europe,M3,EV,3573,358735631.56
2020,11,Europe,M5,EV,4192,537642684.18
2020,11,Europe,Z4,EV,2270,332274433.36
2020,11,Europe,2 Series,Hybrid,7695,349638581.11
2020,11,Europe,4 Series,EV,2603,169187920.34
2020,11,Europe,1 Series,EV,5338,301271028.2
2020,11,North America,3 Series,ICE,5449,543992653.81
2020,11,North America,5 Series,Hybrid,7411,857068459.07
2020,11,North America,7 Series,Hybrid,9147,487135444.64
2020,11,North America,X3,ICE,3663,170416987.46
2020,11,North America,X5,EV,2945,288255075.25
2020,11,North America,X7,EV,4803,420220486.93
2020,11,North America,i4,Hybrid,4669,417692421.62
2020,11,North America,iX,ICE,6694,494392063.82
2020,11,North America,i7,Hybrid,2787,395290791.28
2020,11,North America,M3,ICE,9518,451185192.87
2020,11,North America,M5,ICE,3291,266854896.96
2020,11,North America,Z4,ICE,4600,320008283.05
2020,11,North America,2 Series,Hybrid,7536,435755231.76
2020,11,North America,4 Series,EV,6471,720168837.99
2020,11,North America,1 Series,EV,1147,80939726.22
2020,11,China,3 Series,EV,7304,588259008.74
2020,11,China,5 Series,ICE,5743,784148043.47
2020,11,China,7 Series,ICE,1141,152486266.64
2020,11,China,X3,ICE,6453,733977521.48
2020,11,China,X5,EV,3320,177032119.31
2020,11,China,X7,ICE,5684,655704370.39
2020,11,China,i4,EV,6231,550201403.18
2020,11,China,iX,ICE,1343,96173600.3
2020,11,China,i7,EV,4386,606462958.63
2020,11,China,M3,EV,7726,800784219.97
2020,11,China,M5,Hybrid,3596,432057057.48
2020,11,China,Z4,Hybrid,2769,153647389.91
2020,11,China,2 Series,ICE,3577,463838125.84
2020,11,China,4 Series,Hybrid,6986,306587650.82
2020,11,China,1 Series,ICE,4532,268710073.09
2020,11,Asia Pacific,3 Series,ICE,3429,190946262.56
2020,11,Asia Pacific,5 Series,ICE,3188,412675845.74
2020,11,Asia Pacific,7 Series,ICE,3890,314291990.62
2020,11,Asia Pacific,X3,Hybrid,1466,65242357.12
2020,11,Asia Pacific,X5,Hybrid,1498,122108658.31
2020,11,Asia Pacific,X7,EV,1863,188327790.02
2020,11,Asia Pacific,i4,ICE,3943,434475156.63
2020,11,Asia Pacific,iX,Hybrid,4599,321193097.62
2020,11,Asia Pacific,i7,ICE,5493,702111883.78
2020,11,Asia Pacific,M3,EV,4805,429845391.09
2020,11,Asia Pacific,M5,ICE,5963,285283611.0
2020,11,Asia Pacific,Z4,ICE,4328,342341595.87
2020,11,Asia Pacific,2 Series,Hybrid,1613,232341584.61
2020,11,Asia Pacific,4 Series,Hybrid,2584,331982081.09
2020,11,Asia Pacific,1 Series,Hybrid,4482,396422882.81
2020,11,Middle East & Africa,3 Series,ICE,8194,632715884.19
2020,11,Middle East & Africa,5 Series,EV,6371,534882349.37
2020,11,Middle East & Africa,7 Series,Hybrid,7972,776600967.93
2020,11,Middle East & Africa,X3,ICE,3611,311913005.89
2020,11,Middle East & Africa,X5,ICE,877,66724892.25
2020,11,Middle East & Africa,X7,ICE,6871,378948495.36
2020,11,Middle East & Africa,i4,Hybrid,1758,189487441.05
2020,11,Middle East & Africa,iX,ICE,2842,249168231.59
2020,11,Middle East & Africa,i7,Hybrid,8723,1240503292.88
2020,11,Middle East & Africa,M3,EV,5509,241303325.84
2020,11,Middle East & Africa,M5,ICE,1893,223824861.64
2020,11,Middle East & Africa,Z4,EV,1387,204902406.02
2020,11,Middle East & Africa,2 Series,ICE,6600,551700200.95
2020,11,Middle East & Africa,4 Series,ICE,6663,733482861.65
2020,11,Middle East & Africa,1 Series,EV,8853,1292479621.48
2020,11,Latin America,3 Series,EV,5218,364572075.64
2020,11,Latin America,5 Series,Hybrid,8757,1005650122.77
2020,11,Latin America,7 Series,ICE,5569,682106101.92
2020,11,Latin America,X3,ICE,7522,423917724.72
2020,11,Latin America,X5,Hybrid,971,135571832.85
2020,11,Latin America,X7,Hybrid,2545,149698628.48
2020,11,Latin America,i4,EV,5700,374553424.87
2020,11,Latin America,iX,Hybrid,5845,353343248.32
2020,11,Latin America,i7,ICE,3147,331408751.27
2020,11,Latin America,M3,Hybrid,6468,663682313.85
2020,11,Latin America,M5,Hybrid,3488,312853830.05
2020,11,Latin America,Z4,Hybrid,3415,255551710.96
2020,11,Latin America,2 Series,ICE,5082,469485751.9
2020,11,Latin America,4 Series,Hybrid,2141,137890352.71
2020,11,Latin America,1 Series,ICE,8239,362845391.28
2020,12,Europe,3 Series,Hybrid,3177,384484520.92
2020,12,Europe,5 Series,Hybrid,3042,216784722.62
2020,12,Europe,7 Series,Hybrid,724,74041845.32
2020,12,Europe,X3,Hybrid,5431,812042965.93
2020,12,Europe,X5,ICE,3098,283271952.46
2020,12,Europe,X7,ICE,4753,498204709.05
2020,12,Europe,i4,EV,1357,80470228.49
2020,12,Europe,iX,ICE,2822,150408408.16
2020,12,Europe,i7,EV,7973,783411758.97
2020,12,Europe,M3,ICE,2409,250327818.73
2020,12,Europe,M5,ICE,3888,433072564.4
2020,12,Europe,Z4,Hybrid,6587,471261224.67
2020,12,Europe,2 Series,Hybrid,3702,301550431.81
2020,12,Europe,4 Series,EV,3350,290402895.3
2020,12,Europe,1 Series,EV,2052,72607554.88
2020,12,North America,3 Series,EV,7216,395517091.28
2020,12,North America,5 Series,EV,4018,333821421.89
2020,12,North America,7 Series,ICE,2294,243555668.89
2020,12,North America,X3,ICE,6029,266832499.34
2020,12,North America,X5,Hybrid,4670,338002157.68
2020,12,North America,X7,ICE,5770,656059108.71
2020,12,North America,i4,EV,790,107917108.85
2020,12,North America,iX,Hybrid,5440,311160555.28
2020,12,North America,i7,EV,4423,599691449.47
2020,12,North America,M3,ICE,7647,551450276.66
2020,12,North America,M5,ICE,7351,745569724.68
2020,12,North America,Z4,ICE,6776,1008384213.63
2020,12,North America,2 Series,EV,4621,220805654.79
2020,12,North America,4 Series,Hybrid,3828,534086548.57
2020,12,North America,1 Series,ICE,7818,279818581.0
2020,12,China,3 Series,ICE,6357,602473640.92
2020,12,China,5 Series,ICE,3477,288470366.4
2020,12,China,7 Series,ICE,6945,814762453.58
2020,12,China,X3,Hybrid,5579,476613573.13
2020,12,China,X5,EV,1006,81300518.46
2020,12,China,X7,EV,6402,518141935.42
2020,12,China,i4,EV,6360,536069656.53
2020,12,China,iX,ICE,2007,245181439.83
2020,12,China,i7,Hybrid,6729,366257105.49
2020,12,China,M3,ICE,3192,200945647.82
2020,12,China,M5,Hybrid,2557,278288769.96
2020,12,China,Z4,ICE,8988,1092381606.18
2020,12,China,2 Series,EV,3366,289938109.82
2020,12,China,4 Series,EV,6275,418287626.32
2020,12,China,1 Series,ICE,1604,109343877.15
2020,12,Asia Pacific,3 Series,ICE,3888,455235655.3
2020,12,Asia Pacific,5 Series,ICE,6220,671124793.0
2020,12,Asia Pacific,7 Series,ICE,4644,245020914.11
2020,12,Asia Pacific,X3,EV,1512,103750841.03
2020,12,Asia Pacific,X5,ICE,5706,758074637.95
2020,12,Asia Pacific,X7,Hybrid,1895,122859359.01
2020,12,Asia Pacific,i4,Hybrid,7868,743007226.74
2020,12,Asia Pacific,iX,ICE,7723,576016536.85
2020,12,Asia Pacific,i7,ICE,8085,769561048.88
2020,12,Asia Pacific,M3,ICE,5032,680024278.24
2020,12,Asia Pacific,M5,Hybrid,5352,196079878.05
2020,12,Asia Pacific,Z4,EV,3295,193546207.22
2020,12,Asia Pacific,2 Series,ICE,6381,802516281.12
2020,12,Asia Pacific,4 Series,Hybrid,3692,370979244.99
2020,12,Asia Pacific,1 Series,Hybrid,708,93640634.0
2020,12,Middle East & Africa,3 Series,EV,5748,691245594.22
2020,12,Middle East & Africa,5 Series,ICE,807,37417848.08
2020,12,Middle East & Africa,7 Series,ICE,1062,154617069.21
2020,12,Middle East & Africa,X3,EV,5845,856878638.17
2020,12,Middle East & Africa,X5,ICE,5588,352824130.83
2020,12,Middle East & Africa,X7,EV,2269,249233380.83
2020,12,Middle East & Africa,i4,ICE,7041,390103278.79
2020,12,Middle East & Africa,iX,EV,2932,133424493.77
2020,12,Middle East & Africa,i7,ICE,8804,1225571483.94
2020,12,Middle East & Africa,M3,ICE,2825,172812082.59
2020,12,Middle East & Africa,M5,Hybrid,5646,261415880.23
2020,12,Middle East & Africa,Z4,EV,941,101533105.53
2020,12,Middle East & Africa,2 Series,ICE,1543,138475173.42
2020,12,Middle East & Africa,4 Series,ICE,5298,482285029.22
2020,12,Middle East & Africa,1 Series,Hybrid,5575,775335970.72
2020,12,Latin America,3 Series,Hybrid,4799,275471516.15
2020,12,Latin America,5 Series,EV,6399,954137830.38
2020,12,Latin America,7 Series,ICE,4258,390243958.68
2020,12,Latin America,X3,ICE,5004,338430057.65
2020,12,Latin America,X5,Hybrid,3170,201730970.86
2020,12,Latin America,X7,ICE,5509,589358318.18
2020,12,Latin America,i4,ICE,8129,740322261.55
2020,12,Latin America,iX,ICE,5006,269122812.44
2020,12,Latin America,i7,ICE,4571,209696075.28
2020,12,Latin America,M3,EV,3706,359251712.42
2020,12,Latin America,M5,ICE,6621,408233129.26
2020,12,Latin America,Z4,ICE,3079,295571513.95
2020,12,Latin America,2 Series,ICE,3574,211522084.65
2020,12,Latin America,4 Series,Hybrid,3079,379134817.11
2020,12,Latin America,1 Series,EV,7312,813079304.21
2021,1,Europe,3 Series,ICE,5980,658705506.08
2021,1,Europe,5 Series,EV,8181,501521593.74
2021,1,Europe,7 Series,ICE,9169,711890146.06
2021,1,Europe,X3,ICE,6944,838138040.44
2021,1,Europe,X5,Hybrid,4537,556735059.41
2021,1,Europe,X7,ICE,3758,308195812.59
2021,1,Europe,i4,Hybrid,2078,256031603.79
2021,1,Europe,iX,ICE,6461,718051517.95
2021,1,Europe,i7,ICE,7920,570337150.47
2021,1,Europe,M3,EV,3603,432312981.9
2021,1,Europe,M5,EV,6230,831620246.22
2021,1,Europe,Z4,ICE,2536,299571725.85
2021,1,Europe,2 Series,EV,5951,872894553.33
2021,1,Europe,4 Series,ICE,6414,932397702.78
2021,1,Europe,1 Series,EV,2683,281100745.77
2021,1,North America,3 Series,ICE,1312,97625358.43
2021,1,North America,5 Series,Hybrid,5099,243571790.23
2021,1,North America,7 Series,ICE,6590,971204921.9
2021,1,North America,X3,EV,7364,385124321.2
2021,1,North America,X5,ICE,2434,207863691.89
2021,1,North America,X7,ICE,5966,387686789.34
2021,1,North America,i4,Hybrid,3397,173769357.59
2021,1,North America,iX,EV,9202,1074897668.59
2021,1,North America,i7,ICE,8078,1000547894.61
2021,1,North America,M3,EV,2316,205794053.09
2021,1,North America,M5,Hybrid,3323,487535429.2
2021,1,North America,Z4,ICE,6501,244833546.2
2021,1,North America,2 Series,ICE,4244,541947991.41
2021,1,North America,4 Series,EV,8252,1155221850.99
2021,1,North America,1 Series,Hybrid,720,107640189.62
2021,1,China,3 Series,EV,9254,1164762232.69
2021,1,China,5 Series,Hybrid,5573,238065129.24
2021,1,China,7 Series,ICE,1582,197382413.13
2021,1,China,X3,Hybrid,7915,1052068795.14
2021,1,China,X5,Hybrid,5000,745946092.23
2021,1,China,X7,EV,7972,1028722133.24
2021,1,China,i4,Hybrid,9607,1152625838.54
2021,1,China,iX,Hybrid,1124,113693424.35
2021,1,China,i7,Hybrid,8124,1050628018.21
2021,1,China,M3,Hybrid,736,50628398.97
2021,1,China,M5,Hybrid,3604,219488799.38
2021,1,China,Z4,Hybrid,3213,328379188.12
2021,1,China,2 Series,EV,5382,600207179.41
2021,1,China,4 Series,EV,6493,894235481.71
2021,1,China,1 Series,EV,5307,657505883.22
2021,1,Asia Pacific,3 Series,ICE,1987,191434605.51
2021,1,Asia Pacific,5 Series,EV,990,96137681.17
2021,1,Asia Pacific,7 Series,EV,3917,555326927.79
2021,1,Asia Pacific,X3,Hybrid,2283,191298547.88
2021,1,Asia Pacific,X5,ICE,2738,104424830.01
2021,1,Asia Pacific,X7,EV,4129,594665083.29
2021,1,Asia Pacific,i4,ICE,9075,1089816459.16
2021,1,Asia Pacific,iX,ICE,4582,265038180.6
2021,1,Asia Pacific,i7,EV,6478,295901818.39
2021,1,Asia Pacific,M3,ICE,9126,861467578.46
2021,1,Asia Pacific,M5,ICE,2230,203481855.96
2021,1,Asia Pacific,Z4,Hybrid,8424,696999272.82
2021,1,Asia Pacific,2 Series,ICE,1503,114804738.84
2021,1,Asia Pacific,4 Series,ICE,1776,65457548.82
2021,1,Asia Pacific,1 Series,ICE,4294,573728654.62
2021,1,Middle East & Africa,3 Series,ICE,3710,315079621.75
2021,1,Middle East & Africa,5 Series,EV,3077,355823056.67
2021,1,Middle East & Africa,7 Series,Hybrid,7756,691886139.22
2021,1,Middle East & Africa,X3,EV,3269,451753202.98
2021,1,Middle East & Africa,X5,ICE,7774,776829493.95
2021,1,Middle East & Africa,X7,ICE,1796,159895115.95
2021,1,Middle East & Africa,i4,ICE,6518,877516267.31
2021,1,Middle East & Africa,iX,Hybrid,4094,530884664.27
2021,1,Middle East & Africa,i7,ICE,2414,352466985.36
2021,1,Middle East & Africa,M3,EV,8355,643191470.79
2021,1,Middle East & Africa,M5,EV,7072,652171848.82
2021,1,Middle East & Africa,Z4,ICE,6082,801387879.84
2021,1,Middle East & Africa,2 Series,Hybrid,883,64575498.99
2021,1,Middle East & Africa,4 Series,EV,928,47884051.51
2021,1,Middle East & Africa,1 Series,ICE,5327,553093672.8
2021,1,Latin America,3 Series,Hybrid,1795,134798462.94
2021,1,Latin America,5 Series,ICE,4988,239060962.53
2021,1,Latin America,7 Series,Hybrid,4784,462725836.76
2021,1,Latin America,X3,ICE,6598,231477549.91
2021,1,Latin America,X5,Hybrid,9764,485689092.53
2021,1,Latin America,X7,Hybrid,4392,491331609.55
2021,1,Latin America,i4,ICE,5419,720598971.91
2021,1,Latin America,iX,ICE,2581,329403894.12
2021,1,Latin America,i7,ICE,5868,269345641.18
2021,1,Latin America,M3,ICE,8964,571226967.53
2021,1,Latin America,M5,ICE,7567,550816778.45
2021,1,Latin America,Z4,EV,6854,647319184.33
2021,1,Latin America,2 Series,EV,3216,161270552.77
2021,1,Latin America,4 Series,Hybrid,5996,717644376.72
2021,1,Latin America,1 Series,EV,8229,652382377.88
2021,2,Europe,3 Series,ICE,2680,98213957.37
2021,2,Europe,5 Series,Hybrid,8873,475741853.64
2021,2,Europe,7 Series,ICE,5778,772132928.59
2021,2,Europe,X3,ICE,9262,938964613.68
2021,2,Europe,X5,Hybrid,2498,162925888.63
2021,2,Europe,X7,Hybrid,6957,858346110.73
2021,2,Europe,i4,EV,4139,233550238.56
2021,2,Europe,iX,ICE,8531,837092350.07
2021,2,Europe,i7,Hybrid,7326,899456772.77
2021,2,Europe,M3,ICE,7454,811469719.75
2021,2,Europe,M5,EV,1531,225263848.38
2021,2,Europe,Z4,EV,1685,116276870.49
2021,2,Europe,2 Series,EV,3333,328731564.0
2021,2,Europe,4 Series,EV,9589,536988059.98
2021,2,Europe,1 Series,EV,9845,565210980.62
2021,2,North America,3 Series,EV,2786,161164162.67
2021,2,North America,5 Series,EV,5527,289911528.48
2021,2,North America,7 Series,EV,4724,454982467.69
2021,2,North America,X3,Hybrid,7753,744676103.44
2021,2,North America,X5,ICE,1549,167314218.97
2021,2,North America,X7,EV,2877,349201573.93
2021,2,North America,i4,ICE,6028,351146396.59
2021,2,North America,iX,ICE,4006,555271705.13
2021,2,North America,i7,EV,8704,626870326.96
2021,2,North America,M3,EV,2868,183273410.27
2021,2,North America,M5,Hybrid,3151,376065410.64
2021,2,North America,Z4,Hybrid,1034,84987754.16
2021,2,North America,2 Series,ICE,7367,1081408753.99
2021,2,North America,4 Series,EV,2703,144167062.67
2021,2,North America,1 Series,ICE,5493,719296474.44
2021,2,China,3 Series,ICE,2795,226858022.98
2021,2,China,5 Series,EV,6641,348402221.98
2021,2,China,7 Series,Hybrid,6322,459350111.21
2021,2,China,X3,Hybrid,5065,237044047.37
2021,2,China,X5,Hybrid,4531,386953192.74
2021,2,China,X7,EV,5884,513392265.29
2021,2,China,i4,ICE,8301,616418786.53
2021,2,China,iX,ICE,905,124417975.51
2021,2,China,i7,ICE,4743,257888488.16
2021,2,China,M3,EV,9171,1120905723.31
2021,2,China,M5,ICE,1339,159544956.86
2021,2,China,Z4,EV,8183,1104513093.01
2021,2,China,2 Series,Hybrid,8681,735583589.17
2021,2,China,4 Series,ICE,1673,112464764.85
2021,2,China,1 Series,EV,3425,372059543.82
2021,2,Asia Pacific,3 Series,ICE,7280,1077840110.74
2021,2,Asia Pacific,5 Series,ICE,1572,142797504.62
2021,2,Asia Pacific,7 Series,Hybrid,2653,295934923.35
2021,2,Asia Pacific,X3,ICE,8399,765183554.36
2021,2,Asia Pacific,X5,Hybrid,5557,526143319.17
2021,2,Asia Pacific,X7,EV,3570,169206337.21
2021,2,Asia Pacific,i4,EV,7240,732665811.81
2021,2,Asia Pacific,iX,ICE,7039,715965104.63
2021,2,Asia Pacific,i7,EV,5971,479355979.02
2021,2,Asia Pacific,M3,EV,3894,333436150.78
2021,2,Asia Pacific,M5,Hybrid,8533,1221265616.48
2021,2,Asia Pacific,Z4,EV,6736,570247501.49
2021,2,Asia Pacific,2 Series,EV,2586,97690310.03
2021,2,Asia Pacific,4 Series,EV,1384,114036825.42
2021,2,Asia Pacific,1 Series,ICE,5193,333152427.88
2021,2,Middle East & Africa,3 Series,EV,3569,521226354.52
2021,2,Middle East & Africa,5 Series,ICE,6811,597280604.59
2021,2,Middle East & Africa,7 Series,EV,3187,170402811.47
2021,2,Middle East & Africa,X3,Hybrid,8589,618548278.44
2021,2,Middle East & Africa,X5,ICE,4040,221338153.72
2021,2,Middle East & Africa,X7,Hybrid,1314,139134616.06
2021,2,Middle East & Africa,i4,EV,9259,661105810.0
2021,2,Middle East & Africa,iX,ICE,9478,1028713210.59
2021,2,Middle East & Africa,i7,ICE,5313,648212113.51
2021,2,Middle East & Africa,M3,ICE,8880,668826495.46
2021,2,Middle East & Africa,M5,EV,8452,450576101.46
2021,2,Middle East & Africa,Z4,ICE,632,64408628.01
2021,2,Middle East & Africa,2 Series,EV,7250,500709829.39
2021,2,Middle East & Africa,4 Series,Hybrid,2131,245061057.59
2021,2,Middle East & Africa,1 Series,ICE,1468,205799198.77
2021,2,Latin America,3 Series,Hybrid,7847,920666001.26
2021,2,Latin America,5 Series,Hybrid,3787,300319016.19
2021,2,Latin America,7 Series,EV,7931,1086998090.55
2021,2,Latin America,X3,ICE,6520,471012455.34
2021,2,Latin America,X5,ICE,7137,699558247.78
2021,2,Latin America,X7,Hybrid,2681,163042037.18
2021,2,Latin America,i4,EV,2392,145842045.87
2021,2,Latin America,iX,Hybrid,2299,158932652.95
2021,2,Latin America,i7,EV,8680,1140222444.55
2021,2,Latin America,M3,ICE,6366,363546329.14
2021,2,Latin America,M5,ICE,5432,581953721.35
2021,2,Latin America,Z4,EV,4383,509636751.53
2021,2,Latin America,2 Series,EV,8571,725116805.86
2021,2,Latin America,4 Series,ICE,2581,196319970.33
2021,2,Latin America,1 Series,EV,1707,222177158.27
2021,3,Europe,3 Series,EV,7939,395425216.61
2021,3,Europe,5 Series,EV,8763,1020545118.96
2021,3,Europe,7 Series,Hybrid,1646,171958496.39
2021,3,Europe,X3,EV,7530,1109144124.23
2021,3,Europe,X5,EV,2589,261592049.0
2021,3,Europe,X7,ICE,6133,631528728.51
2021,3,Europe,i4,ICE,1858,160854215.7
2021,3,Europe,iX,Hybrid,8420,1134774952.68
2021,3,Europe,i7,ICE,6551,948548367.35
2021,3,Europe,M3,ICE,3215,381596251.38
2021,3,Europe,M5,EV,4968,610577123.67
2021,3,Europe,Z4,ICE,3875,337097286.72
2021,3,Europe,2 Series,Hybrid,6395,394858636.55
2021,3,Europe,4 Series,EV,5844,301473276.06
2021,3,Europe,1 Series,Hybrid,6969,935340280.96
2021,3,North America,3 Series,EV,1104,84136054.29
2021,3,North America,5 Series,ICE,1247,119616950.69
2021,3,North America,7 Series,EV,6685,987206870.54
2021,3,North America,X3,EV,2403,92253738.41
2021,3,North America,X5,EV,6506,294378013.13
2021,3,North America,X7,EV,6139,698713978.99
2021,3,North America,i4,EV,4271,217516020.22
2021,3,North America,iX,ICE,1366,75679486.22
2021,3,North America,i7,Hybrid,2871,161422359.03
2021,3,North America,M3,ICE,2533,277188485.87
2021,3,North America,M5,ICE,5021,478223821.88
2021,3,North America,Z4,ICE,5400,534976727.18
2021,3,North America,2 Series,EV,1308,190724675.34
2021,3,North America,4 Series,Hybrid,574,40306479.15
2021,3,North America,1 Series,EV,5869,785426212.98
2021,3,China,3 Series,EV,2372,218919366.08
2021,3,China,5 Series,Hybrid,3324,377492801.19
2021,3,China,7 Series,ICE,4071,559824493.74
2021,3,China,X3,EV,9259,864261019.07
2021,3,China,X5,EV,4059,160164252.88
2021,3,China,X7,Hybrid,8766,1120545121.74
2021,3,China,i4,ICE,2893,328496348.56
2021,3,China,iX,Hybrid,2320,213973299.99
2021,3,China,i7,Hybrid,6881,982944658.3
2021,3,China,M3,EV,6084,761517273.47
2021,3,China,M5,EV,6793,502067596.17
2021,3,China,Z4,ICE,3096,283093092.45
2021,3,China,2 Series,EV,905,127071237.95
2021,3,China,4 Series,EV,8735,968369985.86
2021,3,China,1 Series,EV,5340,506136079.14
2021,3,Asia Pacific,3 Series,Hybrid,3886,387607594.03
2021,3,Asia Pacific,5 Series,EV,5194,508148907.21
2021,3,Asia Pacific,7 Series,ICE,3157,387695701.73
2021,3,Asia Pacific,X3,ICE,6181,525638203.47
2021,3,Asia Pacific,X5,ICE,776,55851953.88
2021,3,Asia Pacific,X7,Hybrid,3912,583330236.86
2021,3,Asia Pacific,i4,EV,8007,330995664.61
2021,3,Asia Pacific,iX,EV,2558,179875440.58
2021,3,Asia Pacific,i7,Hybrid,8988,493767079.55
2021,3,Asia Pacific,M3,ICE,1008,40752299.08
2021,3,Asia Pacific,M5,ICE,2196,212666837.34
2021,3,Asia Pacific,Z4,EV,7520,901889467.2
2021,3,Asia Pacific,2 Series,Hybrid,2200,249326746.97
2021,3,Asia Pacific,4 Series,ICE,2256,325418738.3
2021,3,Asia Pacific,1 Series,EV,6754,790987793.79
2021,3,Middle East & Africa,3 Series,Hybrid,6017,221384453.32
2021,3,Middle East & Africa,5 Series,EV,2712,131201320.2
2021,3,Middle East & Africa,7 Series,ICE,8241,1059531698.09
2021,3,Middle East & Africa,X3,EV,2468,320977725.01
2021,3,Middle East & Africa,X5,ICE,8029,424989696.56
2021,3,Middle East & Africa,X7,Hybrid,6546,893029218.39
2021,3,Middle East & Africa,i4,Hybrid,6119,848950662.21
2021,3,Middle East & Africa,iX,ICE,8975,1257214956.33
2021,3,Middle East & Africa,i7,ICE,638,52678756.07
2021,3,Middle East & Africa,M3,ICE,8092,1008351522.12
2021,3,Middle East & Africa,M5,ICE,677,54484198.02
2021,3,Middle East & Africa,Z4,EV,4215,481742583.29
2021,3,Middle East & Africa,2 Series,ICE,1443,200223423.42
2021,3,Middle East & Africa,4 Series,Hybrid,2264,122815603.18
2021,3,Middle East & Africa,1 Series,EV,7198,827246070.68
2021,3,Latin America,3 Series,ICE,3003,301989062.5
2021,3,Latin America,5 Series,ICE,1608,220045084.44
2021,3,Latin America,7 Series,ICE,1372,126589267.17
2021,3,Latin America,X3,ICE,879,41818027.59
2021,3,Latin America,X5,ICE,7956,354956330.51
2021,3,Latin America,X7,EV,1096,115915037.02
2021,3,Latin America,i4,Hybrid,1840,227147181.06
2021,3,Latin America,iX,Hybrid,5550,314859734.95
2021,3,Latin America,i7,ICE,3051,111771191.7
2021,3,Latin America,M3,ICE,9463,1334392525.9
2021,3,Latin America,M5,ICE,2658,110278395.58
2021,3,Latin America,Z4,ICE,3241,197383685.79
2021,3,Latin America,2 Series,Hybrid,3795,324359534.74
2021,3,Latin America,4 Series,EV,1306,136073323.57
2021,3,Latin America,1 Series,ICE,1842,268711516.04
2021,4,Europe,3 Series,ICE,6045,571708541.78
2021,4,Europe,5 Series,ICE,6536,929890215.61
2021,4,Europe,7 Series,ICE,2077,236147443.18
2021,4,Europe,X3,ICE,601,77274294.73
2021,4,Europe,X5,EV,1816,222732888.08
2021,4,Europe,X7,ICE,4930,540422667.41
2021,4,Europe,i4,EV,6027,406725295.53
2021,4,Europe,iX,Hybrid,5199,324063758.96
2021,4,Europe,i7,Hybrid,2735,406468616.79
2021,4,Europe,M3,Hybrid,7986,772184610.52
2021,4,Europe,M5,ICE,1776,211455055.97
2021,4,Europe,Z4,EV,4675,637776643.12
2021,4,Europe,2 Series,ICE,737,51209436.16
2021,4,Europe,4 Series,ICE,4568,444340005.59
2021,4,Europe,1 Series,ICE,3823,409242552.41
2021,4,North America,3 Series,ICE,4192,348097169.82
2021,4,North America,5 Series,EV,5193,458565127.07
2021,4,North America,7 Series,ICE,6483,766163446.92
2021,4,North America,X3,ICE,2695,270482214.97
2021,4,North America,X5,EV,7560,802651012.89
2021,4,North America,X7,EV,6131,773051689.66
2021,4,North America,i4,ICE,3116,159704726.09
2021,4,North America,iX,ICE,6460,898183847.65
2021,4,North America,i7,EV,8825,360517633.54
2021,4,North America,M3,ICE,6208,688218371.13
2021,4,North America,M5,EV,4134,355287284.29
2021,4,North America,Z4,EV,4174,228815302.6
2021,4,North America,2 Series,EV,6919,366177028.97
2021,4,North America,4 Series,ICE,8355,437205240.47
2021,4,North America,1 Series,ICE,3090,154542749.12
2021,4,China,3 Series,EV,3563,437501310.86
2021,4,China,5 Series,Hybrid,6959,784709240.72
2021,4,China,7 Series,EV,1173,165181573.45
2021,4,China,X3,EV,3940,279853457.57
2021,4,China,X5,EV,2580,374525718.44
2021,4,China,X7,ICE,1122,156589960.43
2021,4,China,i4,Hybrid,8042,594636648.79
2021,4,China,iX,ICE,2985,297356950.79
2021,4,China,i7,EV,1778,86447522.51
2021,4,China,M3,EV,3923,386481951.26
2021,4,China,M5,Hybrid,3299,458296866.77
2021,4,China,Z4,EV,7443,1038717204.41
2021,4,China,2 Series,ICE,830,65411595.71
2021,4,China,4 Series,ICE,2275,232983131.79
2021,4,China,1 Series,EV,4332,443001100.17
2021,4,Asia Pacific,3 Series,ICE,7634,698917196.41
2021,4,Asia Pacific,5 Series,EV,4097,608809117.09
2021,4,Asia Pacific,7 Series,EV,1088,116158771.1
2021,4,Asia Pacific,X3,EV,1729,246431467.21
2021,4,Asia Pacific,X5,EV,2660,191201696.79
2021,4,Asia Pacific,X7,EV,6907,720562029.11
2021,4,Asia Pacific,i4,EV,728,74901819.46
2021,4,Asia Pacific,iX,EV,4277,244142544.97
2021,4,Asia Pacific,i7,ICE,5912,222859340.11
2021,4,Asia Pacific,M3,ICE,1840,114930911.24
2021,4,Asia Pacific,M5,ICE,5299,391143301.65
2021,4,Asia Pacific,Z4,ICE,7845,869478687.67
2021,4,Asia Pacific,2 Series,ICE,763,112541428.91
2021,4,Asia Pacific,4 Series,Hybrid,7444,519678324.03
2021,4,Asia Pacific,1 Series,ICE,4716,184575105.84
2021,4,Middle East & Africa,3 Series,EV,6720,518658325.35
2021,4,Middle East & Africa,5 Series,Hybrid,7596,883697824.72
2021,4,Middle East & Africa,7 Series,ICE,3955,389662438.53
2021,4,Middle East & Africa,X3,Hybrid,2670,231583879.76
2021,4,Middle East & Africa,X5,EV,8303,594831911.36
2021,4,Middle East & Africa,X7,Hybrid,1395,69443756.18
2021,4,Middle East & Africa,i4,EV,2470,192510944.03
2021,4,Middle East & Africa,iX,ICE,7355,331339173.98
2021,4,Middle East & Africa,i7,ICE,6256,799538184.16
2021,4,Middle East & Africa,M3,EV,5508,561908618.04
2021,4,Middle East & Africa,M5,EV,4954,361907402.31
2021,4,Middle East & Africa,Z4,Hybrid,5554,644136133.06
2021,4,Middle East & Africa,2 Series,ICE,8250,464814099.0
2021,4,Middle East & Africa,4 Series,EV,1213,152878227.83
2021,4,Middle East & Africa,1 Series,ICE,1077,85614617.02
2021,4,Latin America,3 Series,Hybrid,2312,133378058.58
2021,4,Latin America,5 Series,EV,6451,573875814.55
2021,4,Latin America,7 Series,EV,6575,276450014.06
2021,4,Latin America,X3,ICE,547,80426444.33
2021,4,Latin America,X5,ICE,8714,1279766163.46
2021,4,Latin America,X7,EV,7499,424764576.94
2021,4,Latin America,i4,EV,8486,455517543.95
2021,4,Latin America,iX,Hybrid,5667,467031231.93
2021,4,Latin America,i7,Hybrid,2511,325962666.77
2021,4,Latin America,M3,EV,4710,647219697.72
2021,4,Latin America,M5,EV,3355,142369873.93
2021,4,Latin America,Z4,ICE,4118,172735511.62
2021,4,Latin America,2 Series,EV,3998,491393731.84
2021,4,Latin America,4 Series,EV,755,84988559.89
2021,4,Latin America,1 Series,ICE,8488,649927649.46
2021,5,Europe,3 Series,EV,7615,764988658.39
2021,5,Europe,5 Series,EV,3440,414011411.13
2021,5,Europe,7 Series,Hybrid,4868,444180940.35
2021,5,Europe,X3,Hybrid,6780,695162549.91
2021,5,Europe,X5,ICE,3704,504474002.68
2021,5,Europe,X7,ICE,8594,1261700157.58
2021,5,Europe,i4,Hybrid,8724,458522598.69
2021,5,Europe,iX,EV,4008,151563238.81
2021,5,Europe,i7,ICE,3355,453189401.26
2021,5,Europe,M3,ICE,3404,428931699.27
2021,5,Europe,M5,Hybrid,1944,279537358.31
2021,5,Europe,Z4,ICE,689,35992312.83
2021,5,Europe,2 Series,ICE,757,40277228.88
2021,5,Europe,4 Series,EV,8504,520359916.85
2021,5,Europe,1 Series,Hybrid,7197,612013958.72
2021,5,North America,3 Series,EV,5663,237123672.57
2021,5,North America,5 Series,EV,1316,152909688.27
2021,5,North America,7 Series,Hybrid,1725,247509673.38
2021,5,North America,X3,EV,4368,633528265.08
2021,5,North America,X5,Hybrid,3793,431137490.94
2021,5,North America,X7,Hybrid,1722,165153959.75
2021,5,North America,i4,ICE,4312,579408686.43
2021,5,North America,iX,ICE,4330,374172593.87
2021,5,North America,i7,ICE,2776,316887074.25
2021,5,North America,M3,EV,8396,1178041582.9
2021,5,North America,M5,EV,7321,543123713.42
2021,5,North America,Z4,EV,6396,317371294.76
2021,5,North America,2 Series,ICE,6487,906939677.67
2021,5,North America,4 Series,EV,5717,738982582.99
2021,5,North America,1 Series,Hybrid,5379,382166684.02
2021,5,China,3 Series,EV,4357,464956403.95
2021,5,China,5 Series,ICE,5012,694410152.89
2021,5,China,7 Series,EV,6783,588023468.24
2021,5,China,X3,EV,8385,979949719.13
2021,5,China,X5,ICE,6786,429942949.37
2021,5,China,X7,Hybrid,3424,364228137.36
2021,5,China,i4,Hybrid,7277,522518450.48
2021,5,China,iX,EV,6735,390675185.57
2021,5,China,i7,EV,2566,266152003.2
2021,5,China,M3,ICE,6431,879431175.82
2021,5,China,M5,Hybrid,4882,614797924.9
2021,5,China,Z4,Hybrid,8831,611903138.47
2021,5,China,2 Series,ICE,2859,314312802.35
2021,5,China,4 Series,EV,1236,153531772.0
2021,5,China,1 Series,EV,4815,475988759.05
2021,5,Asia Pacific,3 Series,Hybrid,7144,1019762011.89
2021,5,Asia Pacific,5 Series,Hybrid,2505,218269043.48
2021,5,Asia Pacific,7 Series,ICE,1655,61152192.29
2021,5,Asia Pacific,X3,ICE,3604,279001963.85
2021,5,Asia Pacific,X5,ICE,6930,262844540.67
2021,5,Asia Pacific,X7,Hybrid,3432,249026618.5
2021,5,Asia Pacific,i4,EV,909,65685820.35
2021,5,Asia Pacific,iX,EV,1015,42045163.22
2021,5,Asia Pacific,i7,EV,1768,250347216.62
2021,5,Asia Pacific,M3,ICE,1506,215529865.74
2021,5,Asia Pacific,M5,ICE,7203,547891290.61
2021,5,Asia Pacific,Z4,ICE,3961,362955958.88
2021,5,Asia Pacific,2 Series,Hybrid,5253,660926156.98
2021,5,Asia Pacific,4 Series,EV,6072,781174199.86
2021,5,Asia Pacific,1 Series,Hybrid,1731,233505809.45
2021,5,Middle East & Africa,3 Series,ICE,1119,110930639.94
2021,5,Middle East & Africa,5 Series,ICE,8730,786134070.52
2021,5,Middle East & Africa,7 Series,ICE,6980,366816699.83
2021,5,Middle East & Africa,X3,EV,4902,390029618.25
2021,5,Middle East & Africa,X5,Hybrid,3651,449207056.27
2021,5,Middle East & Africa,X7,Hybrid,7088,586304845.15
2021,5,Middle East & Africa,i4,ICE,2453,144766763.31
2021,5,Middle East & Africa,iX,Hybrid,599,26519021.09
2021,5,Middle East & Africa,i7,EV,5788,311860945.16
2021,5,Middle East & Africa,M3,ICE,4756,509763186.05
2021,5,Middle East & Africa,M5,Hybrid,3042,285191018.8
2021,5,Middle East & Africa,Z4,ICE,2573,165886445.91
2021,5,Middle East & Africa,2 Series,ICE,8232,400933640.89
2021,5,Middle East & Africa,4 Series,ICE,812,118787073.18
2021,5,Middle East & Africa,1 Series,EV,7431,418035989.99
2021,5,Latin America,3 Series,ICE,7105,1011074234.06
2021,5,Latin America,5 Series,ICE,7671,927703119.19
2021,5,Latin America,7 Series,EV,6229,642986591.86
2021,5,Latin America,X3,ICE,4240,453694958.1
2021,5,Latin America,X5,Hybrid,9471,567622570.08
2021,5,Latin America,X7,ICE,621,34655340.88
2021,5,Latin America,i4,ICE,5758,458830537.3
2021,5,Latin America,iX,ICE,4258,229951536.91
2021,5,Latin America,i7,Hybrid,5853,739967662.51
2021,5,Latin America,M3,Hybrid,2518,119189738.56
2021,5,Latin America,M5,ICE,872,116476604.22
2021,5,Latin America,Z4,EV,530,41797604.82
2021,5,Latin America,2 Series,Hybrid,1804,139495604.19
2021,5,Latin America,4 Series,Hybrid,4729,368268090.32
2021,5,Latin America,1 Series,ICE,5717,706627053.33
2021,6,Europe,3 Series,EV,3011,263603052.44
2021,6,Europe,5 Series,EV,8782,428889848.3
2021,6,Europe,7 Series,Hybrid,7349,1001179368.65
2021,6,Europe,X3,EV,1880,84413797.69
2021,6,Europe,X5,ICE,9423,1082850041.43
2021,6,Europe,X7,ICE,807,72765878.28
2021,6,Europe,i4,EV,1815,146501314.26
2021,6,Europe,iX,ICE,899,117321199.0
2021,6,Europe,i7,ICE,694,27804330.48
2021,6,Europe,M3,ICE,8388,978365421.01
2021,6,Europe,M5,EV,2614,98828754.48
2021,6,Europe,Z4,ICE,7844,896668411.22
2021,6,Europe,2 Series,EV,5728,571478988.09
2021,6,Europe,4 Series,EV,6376,581367995.2
2021,6,Europe,1 Series,ICE,8886,603798968.22
2021,6,North America,3 Series,ICE,3882,346797095.77
2021,6,North America,5 Series,ICE,7313,866684394.0
2021,6,North America,7 Series,Hybrid,3722,278705559.05
2021,6,North America,X3,ICE,4100,607226281.24
2021,6,North America,X5,EV,2075,251989683.42
2021,6,North America,X7,Hybrid,5398,785729845.21
2021,6,North America,i4,ICE,3180,233006450.52
2021,6,North America,iX,ICE,4776,463316685.57
2021,6,North America,i7,EV,7654,713586867.18
2021,6,North America,M3,EV,5695,423080047.05
2021,6,North America,M5,Hybrid,6718,852209122.6
2021,6,North America,Z4,ICE,8678,1126741392.66
2021,6,North America,2 Series,ICE,7938,379961858.75
2021,6,North America,4 Series,Hybrid,949,96018328.18
2021,6,North America,1 Series,ICE,5857,315930787.88
2021,6,China,3 Series,ICE,7616,695003404.24
2021,6,China,5 Series,ICE,8889,871760509.41
2021,6,China,7 Series,ICE,7150,430381477.02
2021,6,China,X3,ICE,4519,671588096.71
2021,6,China,X5,ICE,6386,836247767.6
2021,6,China,X7,EV,2419,333135261.76
2021,6,China,i4,EV,7069,364766678.86
2021,6,China,iX,ICE,3139,256468181.42
2021,6,China,i7,EV,5736,828440819.13
2021,6,China,M3,ICE,618,30234838.26
2021,6,China,M5,ICE,8051,343838183.91
2021,6,China,Z4,Hybrid,1616,123000455.56
2021,6,China,2 Series,ICE,7143,531899942.02
2021,6,China,4 Series,ICE,3282,337436997.3
2021,6,China,1 Series,Hybrid,6355,718740990.29
2021,6,Asia Pacific,3 Series,EV,4897,188875511.53
2021,6,Asia Pacific,5 Series,EV,9135,1110684136.62
2021,6,Asia Pacific,7 Series,EV,4661,495588507.75
2021,6,Asia Pacific,X3,ICE,6825,260324165.22
2021,6,Asia Pacific,X5,ICE,5381,242065854.21
2021,6,Asia Pacific,X7,ICE,1247,147510177.65
2021,6,Asia Pacific,i4,EV,1405,170203112.71
2021,6,Asia Pacific,iX,ICE,4258,300736414.78
2021,6,Asia Pacific,i7,EV,8291,875342921.19
2021,6,Asia Pacific,M3,ICE,6152,825674801.92
2021,6,Asia Pacific,M5,EV,5127,475469521.99
2021,6,Asia Pacific,Z4,Hybrid,7076,899716109.62
2021,6,Asia Pacific,2 Series,Hybrid,6334,648291374.16
2021,6,Asia Pacific,4 Series,EV,4623,401962833.2
2021,6,Asia Pacific,1 Series,EV,873,63827469.59
2021,6,Middle East & Africa,3 Series,ICE,2228,97662987.12
2021,6,Middle East & Africa,5 Series,Hybrid,2468,306550559.42
2021,6,Middle East & Africa,7 Series,EV,8099,634335993.24
2021,6,Middle East & Africa,X3,ICE,2497,283531380.0
2021,6,Middle East & Africa,X5,EV,2809,359462473.41
2021,6,Middle East & Africa,X7,EV,1451,74013493.68
2021,6,Middle East & Africa,i4,EV,6214,530558707.54
2021,6,Middle East & Africa,iX,ICE,6841,796750834.33
2021,6,Middle East & Africa,i7,EV,4081,192736377.2
2021,6,Middle East & Africa,M3,Hybrid,3064,354613549.05
2021,6,Middle East & Africa,M5,ICE,1273,183434378.27
2021,6,Middle East & Africa,Z4,ICE,4249,267566648.26
2021,6,Middle East & Africa,2 Series,EV,1636,87737799.91
2021,6,Middle East & Africa,4 Series,Hybrid,6116,678167315.83
2021,6,Middle East & Africa,1 Series,Hybrid,5312,226738320.64
2021,6,Latin America,3 Series,EV,2311,111673829.25
2021,6,Latin America,5 Series,ICE,2188,110099513.52
2021,6,Latin America,7 Series,EV,639,59856755.16
2021,6,Latin America,X3,ICE,5611,574234665.18
2021,6,Latin America,X5,ICE,9358,671397736.49
2021,6,Latin America,X7,ICE,5367,304291222.98
2021,6,Latin America,i4,Hybrid,4572,250673921.0
2021,6,Latin America,iX,Hybrid,6382,813354276.64
2021,6,Latin America,i7,ICE,1890,97753258.74
2021,6,Latin America,M3,EV,4960,736791122.11
2021,6,Latin America,M5,Hybrid,2921,241138748.98
2021,6,Latin America,Z4,Hybrid,2858,233598682.68
2021,6,Latin America,2 Series,EV,1047,130636995.92
2021,6,Latin America,4 Series,ICE,7130,555950747.46
2021,6,Latin America,1 Series,Hybrid,9042,1094895583.34
2021,7,Europe,3 Series,ICE,6947,650224873.65
2021,7,Europe,5 Series,ICE,9144,485434746.95
2021,7,Europe,7 Series,Hybrid,3196,139445864.92
2021,7,Europe,X3,Hybrid,3878,173567283.21
2021,7,Europe,X5,EV,2033,80494770.81
2021,7,Europe,X7,ICE,3106,396894958.52
2021,7,Europe,i4,EV,3645,381299895.96
2021,7,Europe,iX,EV,9417,883461462.27
2021,7,Europe,i7,ICE,9330,959119584.93
2021,7,Europe,M3,Hybrid,7010,778222264.91
2021,7,Europe,M5,Hybrid,4652,532718051.88
2021,7,Europe,Z4,EV,5472,588825916.81
2021,7,Europe,2 Series,ICE,3371,457095547.16
2021,7,Europe,4 Series,Hybrid,2517,350286471.05
2021,7,Europe,1 Series,EV,5276,774617985.97
2021,7,North America,3 Series,ICE,3650,300493597.56
2021,7,North America,5 Series,ICE,4650,263471651.39
2021,7,North America,7 Series,Hybrid,7027,868112336.18
2021,7,North America,X3,ICE,7205,842634975.93
2021,7,North America,X5,Hybrid,2629,267898091.74
2021,7,North America,X7,ICE,7637,523272181.44
2021,7,North America,i4,ICE,6516,850303890.91
2021,7,North America,iX,ICE,7039,549920760.72
2021,7,North America,i7,ICE,6700,672289921.89
2021,7,North America,M3,Hybrid,1776,76875542.14
2021,7,North America,M5,ICE,4350,644429750.01
2021,7,North America,Z4,ICE,2484,159729270.75
2021,7,North America,2 Series,Hybrid,5736,383540744.85
2021,7,North America,4 Series,Hybrid,2236,330662873.83
2021,7,North America,1 Series,Hybrid,5180,465072509.85
2021,7,China,3 Series,ICE,1495,73457435.91
2021,7,China,5 Series,EV,929,40023361.69
2021,7,China,7 Series,ICE,5130,641994482.97
2021,7,China,X3,EV,6718,265984424.46
2021,7,China,X5,Hybrid,963,71093164.67
2021,7,China,X7,Hybrid,2923,183208469.9
2021,7,China,i4,ICE,6213,408036378.79
2021,7,China,iX,Hybrid,7689,289411788.33
2021,7,China,i7,Hybrid,6987,891937261.03
2021,7,China,M3,EV,2450,90663881.17
2021,7,China,M5,ICE,6174,910957259.44
2021,7,China,Z4,ICE,4516,285917848.38
2021,7,China,2 Series,ICE,2749,148580410.3
2021,7,China,4 Series,ICE,2429,85900034.17
2021,7,China,1 Series,EV,4649,483344342.45
2021,7,Asia Pacific,3 Series,ICE,2337,309506330.11
2021,7,Asia Pacific,5 Series,ICE,4563,547577817.22
2021,7,Asia Pacific,7 Series,ICE,6619,249192494.61
2021,7,Asia Pacific,X3,EV,2691,246293183.24
2021,7,Asia Pacific,X5,EV,5140,192145113.3
2021,7,Asia Pacific,X7,Hybrid,4491,470448878.58
2021,7,Asia Pacific,i4,ICE,6219,816231755.0
2021,7,Asia Pacific,iX,EV,2266,133286243.99
2021,7,Asia Pacific,i7,ICE,4017,470862236.64
2021,7,Asia Pacific,M3,EV,4149,369331523.95
2021,7,Asia Pacific,M5,ICE,5335,614708328.85
2021,7,Asia Pacific,Z4,Hybrid,6888,693900556.92
2021,7,Asia Pacific,2 Series,ICE,745,88118992.04
2021,7,Asia Pacific,4 Series,EV,1356,101762994.11
2021,7,Asia Pacific,1 Series,ICE,10111,910303808.52
2021,7,Middle East & Africa,3 Series,ICE,8584,810969332.8
2021,7,Middle East & Africa,5 Series,Hybrid,2573,379783990.95
2021,7,Middle East & Africa,7 Series,ICE,6990,813055991.06
2021,7,Middle East & Africa,X3,ICE,6530,266146366.01
2021,7,Middle East & Africa,X5,ICE,2864,196792809.57
2021,7,Middle East & Africa,X7,EV,3424,193087262.97
2021,7,Middle East & Africa,i4,ICE,2100,129483475.9
2021,7,Middle East & Africa,iX,ICE,1058,132309867.64
2021,7,Middle East & Africa,i7,EV,9518,525712945.41
2021,7,Middle East & Africa,M3,Hybrid,4913,305432369.5
2021,7,Middle East & Africa,M5,EV,2416,105966868.44
2021,7,Middle East & Africa,Z4,EV,3285,182494950.95
2021,7,Middle East & Africa,2 Series,ICE,4872,377224431.57
2021,7,Middle East & Africa,4 Series,ICE,6087,384998807.78
2021,7,Middle East & Africa,1 Series,ICE,7668,508532608.35
2021,7,Latin America,3 Series,EV,5161,214376370.01
2021,7,Latin America,5 Series,ICE,995,131690009.29
2021,7,Latin America,7 Series,ICE,6696,676258621.95
2021,7,Latin America,X3,ICE,2780,324353876.19
2021,7,Latin America,X5,EV,2123,258515726.34
2021,7,Latin America,X7,ICE,3629,246874653.58
2021,7,Latin America,i4,Hybrid,5294,425780251.18
2021,7,Latin America,iX,Hybrid,4709,417506177.59
2021,7,Latin America,i7,Hybrid,5119,535623869.76
2021,7,Latin America,M3,EV,7245,463060036.13
2021,7,Latin America,M5,EV,2092,193444249.18
2021,7,Latin America,Z4,EV,2176,325077379.17
2021,7,Latin America,2 Series,EV,1664,137159352.43
2021,7,Latin America,4 Series,ICE,3478,316604020.41
2021,7,Latin America,1 Series,EV,2492,270188054.31
2021,8,Europe,3 Series,ICE,8703,1064002345.11
2021,8,Europe,5 Series,ICE,7426,468703534.67
2021,8,Europe,7 Series,ICE,2928,187643206.65
2021,8,Europe,X3,ICE,7033,959822312.32
2021,8,Europe,X5,Hybrid,4913,310585566.96
2021,8,Europe,X7,ICE,7160,493847252.39
2021,8,Europe,i4,ICE,5356,733827438.62
2021,8,Europe,iX,EV,1309,99220961.95
2021,8,Europe,i7,Hybrid,4329,640069091.96
2021,8,Europe,M3,EV,1134,64921635.76
2021,8,Europe,M5,EV,1809,84389513.26
2021,8,Europe,Z4,EV,5359,202777076.4
2021,8,Europe,2 Series,ICE,5156,446309782.66
2021,8,Europe,4 Series,ICE,6117,651484094.76
2021,8,Europe,1 Series,ICE,1109,113502195.17
2021,8,North America,3 Series,EV,7493,920279466.15
2021,8,North America,5 Series,ICE,7809,945886926.58
2021,8,North America,7 Series,Hybrid,2194,172144253.88
2021,8,North America,X3,Hybrid,4880,527276871.86
2021,8,North America,X5,ICE,8391,383609704.03
2021,8,North America,X7,ICE,3864,154797803.54
2021,8,North America,i4,ICE,1634,164166200.67
2021,8,North America,iX,ICE,8971,754414644.65
2021,8,North America,i7,Hybrid,2158,91965868.35
2021,8,North America,M3,EV,3178,398859331.51
2021,8,North America,M5,ICE,10109,1428952692.83
2021,8,North America,Z4,Hybrid,1352,173521526.75
2021,8,North America,2 Series,ICE,8168,1084859797.48
2021,8,North America,4 Series,EV,2988,292858112.09
2021,8,North America,1 Series,EV,7034,784067828.43
2021,8,China,3 Series,Hybrid,7012,823242959.69
2021,8,China,5 Series,Hybrid,3375,420201178.56
2021,8,China,7 Series,ICE,7007,634767886.33
2021,8,China,X3,ICE,4948,726700546.54
2021,8,China,X5,EV,1155,80317991.4
2021,8,China,X7,EV,1670,165040454.63
2021,8,China,i4,EV,2830,180001787.52
2021,8,China,iX,EV,1541,143578083.67
2021,8,China,i7,ICE,4136,302298214.95
2021,8,China,M3,ICE,2117,305010028.55
2021,8,China,M5,Hybrid,7287,1000288294.35
2021,8,China,Z4,Hybrid,7891,652077783.61
2021,8,China,2 Series,EV,4046,196619563.43
2021,8,China,4 Series,ICE,9775,1385128099.78
2021,8,China,1 Series,ICE,2459,326276735.5
2021,8,Asia Pacific,3 Series,ICE,6663,490748592.32
2021,8,Asia Pacific,5 Series,Hybrid,5806,258547061.75
2021,8,Asia Pacific,7 Series,ICE,8364,437063484.38
2021,8,Asia Pacific,X3,Hybrid,7825,1146807934.05
2021,8,Asia Pacific,X5,EV,5898,241264448.8
2021,8,Asia Pacific,X7,Hybrid,774,114649231.71
2021,8,Asia Pacific,i4,ICE,7617,879749819.14
2021,8,Asia Pacific,iX,Hybrid,1194,164391315.29
2021,8,Asia Pacific,i7,ICE,1039,46204086.85
2021,8,Asia Pacific,M3,ICE,609,34779099.12
2021,8,Asia Pacific,M5,ICE,4505,411718303.34
2021,8,Asia Pacific,Z4,ICE,3333,318301705.72
2021,8,Asia Pacific,2 Series,EV,2862,252338834.33
2021,8,Asia Pacific,4 Series,EV,2080,240226300.24
2021,8,Asia Pacific,1 Series,ICE,5671,383502269.8
2021,8,Middle East & Africa,3 Series,ICE,3828,439892739.37
2021,8,Middle East & Africa,5 Series,EV,4316,303137960.04
2021,8,Middle East & Africa,7 Series,Hybrid,7820,999404402.1
2021,8,Middle East & Africa,X3,ICE,7906,573660227.99
2021,8,Middle East & Africa,X5,ICE,2028,79561948.11
2021,8,Middle East & Africa,X7,ICE,7709,365272207.87
2021,8,Middle East & Africa,i4,Hybrid,2044,137938634.89
2021,8,Middle East & Africa,iX,ICE,3569,419870205.43
2021,8,Middle East & Africa,i7,Hybrid,1878,210056130.06
2021,8,Middle East & Africa,M3,EV,7422,1059899918.52
2021,8,Middle East & Africa,M5,ICE,5106,392570078.09
2021,8,Middle East & Africa,Z4,ICE,3292,127099655.75
2021,8,Middle East & Africa,2 Series,EV,2787,357961340.87
2021,8,Middle East & Africa,4 Series,Hybrid,4526,607371349.94
2021,8,Middle East & Africa,1 Series,Hybrid,7670,1121125192.05
2021,8,Latin America,3 Series,Hybrid,3870,469911355.19
2021,8,Latin America,5 Series,EV,1951,244009166.79
2021,8,Latin America,7 Series,EV,3898,528899780.47
2021,8,Latin America,X3,ICE,1042,65232001.43
2021,8,Latin America,X5,Hybrid,3448,406485426.25
2021,8,Latin America,X7,ICE,6628,506933739.1
2021,8,Latin America,i4,ICE,5990,211535593.82
2021,8,Latin America,iX,Hybrid,9143,532095365.34
2021,8,Latin America,i7,ICE,7090,848692344.06
2021,8,Latin America,M3,Hybrid,5270,504889944.19
2021,8,Latin America,M5,Hybrid,5674,700834670.63
2021,8,Latin America,Z4,EV,909,106986871.95
2021,8,Latin America,2 Series,Hybrid,6234,545413795.27
2021,8,Latin America,4 Series,ICE,705,75512489.57
2021,8,Latin America,1 Series,EV,5347,443711110.07
2021,9,Europe,3 Series,Hybrid,8925,549411417.02
2021,9,Europe,5 Series,ICE,5536,362278929.12
2021,9,Europe,7 Series,EV,7342,450720875.0
2021,9,Europe,X3,EV,2809,99699211.15
2021,9,Europe,X5,ICE,2907,251931498.67
2021,9,Europe,X7,ICE,3958,173171037.1
2021,9,Europe,i4,EV,5930,580266996.8
2021,9,Europe,iX,ICE,5672,676478231.25
2021,9,Europe,i7,EV,7385,768248050.35
2021,9,Europe,M3,ICE,5430,602991657.47
2021,9,Europe,M5,ICE,1777,251351945.72
2021,9,Europe,Z4,ICE,6886,672640140.73
2021,9,Europe,2 Series,ICE,6716,488985951.86
2021,9,Europe,4 Series,ICE,4325,215972810.31
2021,9,Europe,1 Series,EV,2669,183137204.23
2021,9,North America,3 Series,ICE,2266,132494680.24
2021,9,North America,5 Series,ICE,1558,106270445.37
2021,9,North America,7 Series,EV,6994,299957437.81
2021,9,North America,X3,EV,7702,1099590078.12
2021,9,North America,X5,EV,1251,158075171.49
2021,9,North America,X7,EV,1973,171450806.09
2021,9,North America,i4,ICE,8269,797777135.96
2021,9,North America,iX,Hybrid,5198,348289729.85
2021,9,North America,i7,ICE,6946,384015390.52
2021,9,North America,M3,EV,6226,737228460.94
2021,9,North America,M5,EV,6760,853319066.38
2021,9,North America,Z4,ICE,1038,77166618.78
2021,9,North America,2 Series,Hybrid,6949,625753217.6
2021,9,North America,4 Series,EV,6100,452136814.31
2021,9,North America,1 Series,ICE,7367,941772448.83
2021,9,China,3 Series,EV,3923,223087373.53
2021,9,China,5 Series,Hybrid,7833,902328617.74
2021,9,China,7 Series,EV,6850,757322008.33
2021,9,China,X3,EV,5173,453429571.11
2021,9,China,X5,ICE,3625,144369004.33
2021,9,China,X7,Hybrid,604,22329247.57
2021,9,China,i4,Hybrid,4135,342321654.29
2021,9,China,iX,EV,3785,169571426.24
2021,9,China,i7,EV,6048,744535364.95
2021,9,China,M3,Hybrid,4895,732074676.83
2021,9,China,M5,EV,3310,424492174.72
2021,9,China,Z4,EV,6099,432337924.56
2021,9,China,2 Series,EV,2849,134632452.83
2021,9,China,4 Series,EV,7487,379933357.98
2021,9,China,1 Series,ICE,4582,308262432.65
2021,9,Asia Pacific,3 Series,EV,1400,107569423.26
2021,9,Asia Pacific,5 Series,Hybrid,6942,261117825.72
2021,9,Asia Pacific,7 Series,EV,3264,149177101.38
2021,9,Asia Pacific,X3,ICE,5524,734308289.42
2021,9,Asia Pacific,X5,ICE,1614,199038253.52
2021,9,Asia Pacific,X7,ICE,1550,92094340.84
2021,9,Asia Pacific,i4,EV,2359,167067163.93
2021,9,Asia Pacific,iX,EV,7567,1012570891.47
2021,9,Asia Pacific,i7,EV,6247,843873171.31
2021,9,Asia Pacific,M3,Hybrid,8999,622890953.93
2021,9,Asia Pacific,M5,EV,8322,589760188.27
2021,9,Asia Pacific,Z4,EV,1472,97064477.55
2021,9,Asia Pacific,2 Series,ICE,1061,152402088.64
2021,9,Asia Pacific,4 Series,ICE,8684,772534358.92
2021,9,Asia Pacific,1 Series,ICE,4949,263597591.67
2021,9,Middle East & Africa,3 Series,EV,9462,420406320.85
2021,9,Middle East & Africa,5 Series,ICE,7238,836569549.56
2021,9,Middle East & Africa,7 Series,ICE,6974,419263324.66
2021,9,Middle East & Africa,X3,EV,2248,291228845.39
2021,9,Middle East & Africa,X5,EV,3108,110669497.27
2021,9,Middle East & Africa,X7,Hybrid,3129,372141033.19
2021,9,Middle East & Africa,i4,EV,5143,215120071.96
2021,9,Middle East & Africa,iX,ICE,6478,841349154.46
2021,9,Middle East & Africa,i7,ICE,1762,181377751.13
2021,9,Middle East & Africa,M3,EV,3001,317758656.78
2021,9,Middle East & Africa,M5,EV,6894,755298544.21
2021,9,Middle East & Africa,Z4,Hybrid,1569,89407845.72
2021,9,Middle East & Africa,2 Series,ICE,1771,227859191.54
2021,9,Middle East & Africa,4 Series,Hybrid,6264,731465082.02
2021,9,Middle East & Africa,1 Series,ICE,3039,361926774.57
2021,9,Latin America,3 Series,EV,2001,133673089.42
2021,9,Latin America,5 Series,ICE,609,71546658.61
2021,9,Latin America,7 Series,EV,669,49677299.78
2021,9,Latin America,X3,Hybrid,2023,253570326.14
2021,9,Latin America,X5,EV,3995,313820567.53
2021,9,Latin America,X7,Hybrid,3036,176628797.04
2021,9,Latin America,i4,Hybrid,2383,134925649.9
2021,9,Latin America,iX,Hybrid,6178,563588383.82
2021,9,Latin America,i7,ICE,941,79823844.28
2021,9,Latin America,M3,ICE,8534,357174498.42
2021,9,Latin America,M5,Hybrid,2957,141042678.14
2021,9,Latin America,Z4,ICE,2972,249670328.72
2021,9,Latin America,2 Series,ICE,8314,353419231.21
2021,9,Latin America,4 Series,Hybrid,3470,300760352.84
2021,9,Latin America,1 Series,EV,3368,491065987.01
2021,10,Europe,3 Series,ICE,4595,638947396.12
2021,10,Europe,5 Series,ICE,2815,223023694.47
2021,10,Europe,7 Series,EV,5635,802464963.58
2021,10,Europe,X3,ICE,6928,445493163.57
2021,10,Europe,X5,ICE,8827,1120482200.75
2021,10,Europe,X7,EV,658,95457853.14
2021,10,Europe,i4,ICE,8293,1062471525.57
2021,10,Europe,iX,EV,7465,996000963.74
2021,10,Europe,i7,Hybrid,6034,646631942.15
2021,10,Europe,M3,EV,534,19891796.17
2021,10,Europe,M5,EV,7731,775530412.16
2021,10,Europe,Z4,ICE,2138,254959018.21
2021,10,Europe,2 Series,EV,4160,530517383.33
2021,10,Europe,4 Series,Hybrid,6162,812272702.2
2021,10,Europe,1 Series,Hybrid,5514,433902031.45
2021,10,North America,3 Series,Hybrid,8130,327373920.7
2021,10,North America,5 Series,ICE,5223,502640045.51
2021,10,North America,7 Series,Hybrid,5065,186845864.59
2021,10,North America,X3,ICE,6353,391344861.89
2021,10,North America,X5,EV,2418,233392087.22
2021,10,North America,X7,EV,1573,231595363.07
2021,10,North America,i4,Hybrid,1669,99591533.47
2021,10,North America,iX,ICE,836,117536080.17
2021,10,North America,i7,ICE,3252,446587989.35
2021,10,North America,M3,EV,1356,84372480.97
2021,10,North America,M5,ICE,7417,769937993.98
2021,10,North America,Z4,EV,7018,629805380.95
2021,10,North America,2 Series,ICE,2180,250754323.86
2021,10,North America,4 Series,ICE,8262,1231943101.53
2021,10,North America,1 Series,EV,8307,375490283.44
2021,10,China,3 Series,Hybrid,5492,461971427.54
2021,10,China,5 Series,ICE,4093,405096444.38
2021,10,China,7 Series,ICE,6548,701479000.23
2021,10,China,X3,ICE,2830,366672099.48
2021,10,China,X5,ICE,1035,59536767.04
2021,10,China,X7,ICE,1678,70554267.49
2021,10,China,i4,Hybrid,5624,273077630.27
2021,10,China,iX,EV,2345,286108243.6
2021,10,China,i7,EV,8629,454764607.65
2021,10,China,M3,ICE,8021,629487328.95
2021,10,China,M5,ICE,889,101088686.91
2021,10,China,Z4,EV,1382,73406930.31
2021,10,China,2 Series,ICE,3909,239874102.54
2021,10,China,4 Series,EV,3173,371488701.45
2021,10,China,1 Series,EV,6084,865059740.93
2021,10,Asia Pacific,3 Series,EV,6702,917735978.09
2021,10,Asia Pacific,5 Series,ICE,6065,607948119.85
2021,10,Asia Pacific,7 Series,EV,4066,533537890.88
2021,10,Asia Pacific,X3,Hybrid,3234,192833449.92
2021,10,Asia Pacific,X5,EV,8327,479393797.53
2021,10,Asia Pacific,X7,ICE,7719,1093268758.86
2021,10,Asia Pacific,i4,EV,1745,86516364.71
2021,10,Asia Pacific,iX,ICE,7714,1112356491.91
2021,10,Asia Pacific,i7,ICE,4817,528474790.29
2021,10,Asia Pacific,M3,EV,7265,687012979.76
2021,10,Asia Pacific,M5,Hybrid,2900,181701050.75
2021,10,Asia Pacific,Z4,ICE,8676,1186082222.36
2021,10,Asia Pacific,2 Series,ICE,4999,476823242.55
2021,10,Asia Pacific,4 Series,ICE,2822,142964480.0
2021,10,Asia Pacific,1 Series,ICE,4471,587304588.69
2021,10,Middle East & Africa,3 Series,ICE,7223,781302371.6
2021,10,Middle East & Africa,5 Series,Hybrid,6194,517472013.4
2021,10,Middle East & Africa,7 Series,Hybrid,1377,99160355.33
2021,10,Middle East & Africa,X3,ICE,3503,258638298.8
2021,10,Middle East & Africa,X5,ICE,715,88774392.4
2021,10,Middle East & Africa,X7,EV,9179,353299268.13
2021,10,Middle East & Africa,i4,ICE,7996,865643022.64
2021,10,Middle East & Africa,iX,ICE,6301,911157335.47
2021,10,Middle East & Africa,i7,ICE,8567,937812248.7
2021,10,Middle East & Africa,M3,ICE,6769,707767580.99
2021,10,Middle East & Africa,M5,EV,3610,405404929.13
2021,10,Middle East & Africa,Z4,EV,5385,654497602.53
2021,10,Middle East & Africa,2 Series,ICE,1355,70478313.49
2021,10,Middle East & Africa,4 Series,Hybrid,5479,501224428.59
2021,10,Middle East & Africa,1 Series,EV,1144,148492410.02
2021,10,Latin America,3 Series,ICE,6746,479796216.64
2021,10,Latin America,5 Series,Hybrid,5121,194694815.94
2021,10,Latin America,7 Series,Hybrid,610,83488362.91
2021,10,Latin America,X3,ICE,6129,469289410.39
2021,10,Latin America,X5,Hybrid,4914,385444011.68
2021,10,Latin America,X7,ICE,3940,259969344.93
2021,10,Latin America,i4,ICE,3387,137629931.54
2021,10,Latin America,iX,ICE,2283,178444840.95
2021,10,Latin America,i7,ICE,6235,555061278.5
2021,10,Latin America,M3,ICE,2698,360029068.63
2021,10,Latin America,M5,Hybrid,5988,897333043.51
2021,10,Latin America,Z4,EV,7984,1141222242.1
2021,10,Latin America,2 Series,EV,2028,85139198.02
2021,10,Latin America,4 Series,EV,1846,118280121.55
2021,10,Latin America,1 Series,Hybrid,8857,849105600.19
2021,11,Europe,3 Series,ICE,6692,974672973.01
2021,11,Europe,5 Series,Hybrid,6252,577193584.83
2021,11,Europe,7 Series,EV,4857,571138811.73
2021,11,Europe,X3,ICE,5743,377871800.39
2021,11,Europe,X5,ICE,1048,84897960.37
2021,11,Europe,X7,EV,6584,663096691.64
2021,11,Europe,i4,Hybrid,6887,476735174.41
2021,11,Europe,iX,ICE,8443,991663943.07
2021,11,Europe,i7,ICE,7880,666271649.7
2021,11,Europe,M3,ICE,7188,633449743.31
2021,11,Europe,M5,ICE,3908,578204094.98
2021,11,Europe,Z4,ICE,4269,332860206.38
2021,11,Europe,2 Series,ICE,7522,612118592.29
2021,11,Europe,4 Series,ICE,6522,635888212.02
2021,11,Europe,1 Series,ICE,2603,363937896.32
2021,11,North America,3 Series,ICE,1325,93265278.12
2021,11,North America,5 Series,EV,8002,809855070.1
2021,11,North America,7 Series,EV,5773,216987319.58
2021,11,North America,X3,ICE,1504,148821382.24
2021,11,North America,X5,Hybrid,2390,159352813.0
2021,11,North America,X7,EV,1774,231776003.68
2021,11,North America,i4,ICE,6579,449444793.35
2021,11,North America,iX,Hybrid,7916,463351862.69
2021,11,North America,i7,ICE,8236,472316691.18
2021,11,North America,M3,Hybrid,5651,658460037.94
2021,11,North America,M5,ICE,2808,358536724.93
2021,11,North America,Z4,ICE,7275,694866624.44
2021,11,North America,2 Series,EV,6999,283865360.78
2021,11,North America,4 Series,EV,2841,305550866.84
2021,11,North America,1 Series,ICE,2298,250627341.37
2021,11,China,3 Series,EV,1013,135036502.33
2021,11,China,5 Series,EV,1478,155730422.17
2021,11,China,7 Series,Hybrid,8447,1258717244.92
2021,11,China,X3,ICE,5647,703475221.19
2021,11,China,X5,EV,5935,215008867.74
2021,11,China,X7,ICE,7060,905296925.14
2021,11,China,i4,Hybrid,3899,186690677.9
2021,11,China,iX,ICE,6077,221864116.38
2021,11,China,i7,EV,3595,416396049.61
2021,11,China,M3,ICE,3435,355688384.64
2021,11,China,M5,EV,8688,307151403.46
2021,11,China,Z4,Hybrid,2446,257124502.99
2021,11,China,2 Series,ICE,7659,542189826.37
2021,11,China,4 Series,ICE,1857,201518250.47
2021,11,China,1 Series,Hybrid,1574,95970038.18
2021,11,Asia Pacific,3 Series,ICE,4731,179935338.67
2021,11,Asia Pacific,5 Series,ICE,3944,507667097.54
2021,11,Asia Pacific,7 Series,ICE,2610,243181654.48
2021,11,Asia Pacific,X3,ICE,4416,326054868.98
2021,11,Asia Pacific,X5,ICE,3237,372167485.83
2021,11,Asia Pacific,X7,EV,2934,283577198.95
2021,11,Asia Pacific,i4,EV,1037,111482648.83
2021,11,Asia Pacific,iX,EV,3398,484531416.33
2021,11,Asia Pacific,i7,Hybrid,8324,788482694.0
2021,11,Asia Pacific,M3,ICE,6671,832109037.69
2021,11,Asia Pacific,M5,ICE,1058,143470455.51
2021,11,Asia Pacific,Z4,ICE,7988,638383546.38
2021,11,Asia Pacific,2 Series,EV,1487,182476701.59
2021,11,Asia Pacific,4 Series,ICE,6761,485733866.81
2021,11,Asia Pacific,1 Series,EV,1655,204017449.31
2021,11,Middle East & Africa,3 Series,ICE,3541,456791596.1
2021,11,Middle East & Africa,5 Series,Hybrid,2203,104662268.51
2021,11,Middle East & Africa,7 Series,Hybrid,4910,488828057.15
2021,11,Middle East & Africa,X3,EV,5773,550262706.55
2021,11,Middle East & Africa,X5,ICE,8360,403957585.33
2021,11,Middle East & Africa,X7,ICE,4898,468729471.42
2021,11,Middle East & Africa,i4,Hybrid,2241,139623157.47
2021,11,Middle East & Africa,iX,EV,9054,1247445287.56
2021,11,Middle East & Africa,i7,ICE,906,98926675.75
2021,11,Middle East & Africa,M3,Hybrid,1494,166891693.71
2021,11,Middle East & Africa,M5,Hybrid,6031,781373581.51
2021,11,Middle East & Africa,Z4,Hybrid,5863,248922997.17
2021,11,Middle East & Africa,2 Series,ICE,5329,196181422.2
2021,11,Middle East & Africa,4 Series,EV,2965,160240814.77
2021,11,Middle East & Africa,1 Series,EV,7175,1028880356.9
2021,11,Latin America,3 Series,Hybrid,6411,501499320.37
2021,11,Latin America,5 Series,EV,3569,388311381.94
2021,11,Latin America,7 Series,EV,7859,888083651.53
2021,11,Latin America,X3,EV,4223,401414849.81
2021,11,Latin America,X5,ICE,7470,591410108.53
2021,11,Latin America,X7,EV,2568,256836170.86
2021,11,Latin America,i4,ICE,7646,539832287.77
2021,11,Latin America,iX,Hybrid,7732,426336456.84
2021,11,Latin America,i7,ICE,2461,314550014.31
2021,11,Latin America,M3,ICE,6979,1022058185.51
2021,11,Latin America,M5,ICE,6399,264271277.07
2021,11,Latin America,Z4,Hybrid,871,77860796.29
2021,11,Latin America,2 Series,ICE,1620,134518191.51
2021,11,Latin America,4 Series,EV,6348,769166872.64
2021,11,Latin America,1 Series,ICE,6681,699995584.9
2021,12,Europe,3 Series,ICE,6820,522461087.86
2021,12,Europe,5 Series,ICE,4816,665390902.12
2021,12,Europe,7 Series,EV,8932,605059612.84
2021,12,Europe,X3,ICE,4180,572816803.12
2021,12,Europe,X5,ICE,2068,207049817.15
2021,12,Europe,X7,Hybrid,845,112073827.9
2021,12,Europe,i4,ICE,6398,624557076.27
2021,12,Europe,iX,ICE,6208,776708317.79
2021,12,Europe,i7,ICE,3863,415236094.26
2021,12,Europe,M3,EV,2215,200284384.21
2021,12,Europe,M5,Hybrid,7321,999045556.49
2021,12,Europe,Z4,EV,8026,808405261.48
2021,12,Europe,2 Series,EV,6687,882552944.94
2021,12,Europe,4 Series,EV,4263,267158338.67
2021,12,Europe,1 Series,EV,3729,247115860.76
2021,12,North America,3 Series,EV,7342,1066870368.45
2021,12,North America,5 Series,Hybrid,2262,252863051.04
2021,12,North America,7 Series,Hybrid,5890,805763104.36
2021,12,North America,X3,ICE,955,141015121.42
2021,12,North America,X5,ICE,2138,239148620.6
2021,12,North America,X7,EV,3946,511726553.53
2021,12,North America,i4,ICE,1128,46742536.68
2021,12,North America,iX,Hybrid,1222,128006178.67
2021,12,North America,i7,EV,3089,252976652.44
2021,12,North America,M3,ICE,6372,861887393.48
2021,12,North America,M5,EV,6296,324366983.47
2021,12,North America,Z4,EV,2677,176853256.68
2021,12,North America,2 Series,EV,4531,305265294.27
2021,12,North America,4 Series,ICE,7957,1088717195.36
2021,12,North America,1 Series,EV,8295,930783973.17
2021,12,China,3 Series,Hybrid,3241,411110170.69
2021,12,China,5 Series,EV,5380,699349929.9
2021,12,China,7 Series,EV,1125,112526389.8
2021,12,China,X3,EV,1257,82091873.38
2021,12,China,X5,ICE,5618,366416599.83
2021,12,China,X7,EV,2190,135107684.55
2021,12,China,i4,EV,3310,470087094.45
2021,12,China,iX,ICE,3796,370636971.23
2021,12,China,i7,ICE,605,90479413.31
2021,12,China,M3,EV,6057,631966936.23
2021,12,China,M5,ICE,1472,122939157.33
2021,12,China,Z4,EV,6375,566027877.05
2021,12,China,2 Series,Hybrid,3600,204820300.16
2021,12,China,4 Series,Hybrid,9131,631168854.07
2021,12,China,1 Series,ICE,1071,58262144.62
2021,12,Asia Pacific,3 Series,Hybrid,901,72523906.75
2021,12,Asia Pacific,5 Series,Hybrid,7184,478957674.59
2021,12,Asia Pacific,7 Series,EV,2694,305595520.1
2021,12,Asia Pacific,X3,EV,4181,198398906.82
2021,12,Asia Pacific,X5,ICE,5119,473306350.13
2021,12,Asia Pacific,X7,Hybrid,8204,300361195.71
2021,12,Asia Pacific,i4,ICE,1547,213239433.92
2021,12,Asia Pacific,iX,Hybrid,7456,799660080.22
2021,12,Asia Pacific,i7,ICE,4023,393467033.84
2021,12,Asia Pacific,M3,EV,5452,621416844.98
2021,12,Asia Pacific,M5,Hybrid,7364,957528978.94
2021,12,Asia Pacific,Z4,EV,5129,247337451.67
2021,12,Asia Pacific,2 Series,Hybrid,5815,416474880.66
2021,12,Asia Pacific,4 Series,ICE,2711,235068033.72
2021,12,Asia Pacific,1 Series,EV,5470,561716121.91
2021,12,Middle East & Africa,3 Series,EV,4375,619574914.08
2021,12,Middle East & Africa,5 Series,ICE,5213,423847261.43
2021,12,Middle East & Africa,7 Series,EV,3015,285224722.93
2021,12,Middle East & Africa,X3,EV,9112,701486640.28
2021,12,Middle East & Africa,X5,ICE,4992,552987363.69
2021,12,Middle East & Africa,X7,ICE,2704,196600861.69
2021,12,Middle East & Africa,i4,ICE,4368,484187741.61
2021,12,Middle East & Africa,iX,ICE,3671,317311944.31
2021,12,Middle East & Africa,i7,ICE,2914,152370610.94
2021,12,Middle East & Africa,M3,ICE,7007,385628099.48
2021,12,Middle East & Africa,M5,EV,1747,141091215.66
2021,12,Middle East & Africa,Z4,Hybrid,6743,668336070.12
2021,12,Middle East & Africa,2 Series,Hybrid,6392,539775787.06
2021,12,Middle East & Africa,4 Series,Hybrid,3452,465429465.81
2021,12,Middle East & Africa,1 Series,EV,1904,74914090.41
2021,12,Latin America,3 Series,ICE,975,111692320.22
2021,12,Latin America,5 Series,ICE,8376,1232327991.82
2021,12,Latin America,7 Series,Hybrid,6442,943382880.46
2021,12,Latin America,X3,Hybrid,3632,268179290.25
2021,12,Latin America,X5,EV,5333,227143060.05
2021,12,Latin America,X7,ICE,3692,360910074.11
2021,12,Latin America,i4,Hybrid,8531,333706615.58
2021,12,Latin America,iX,Hybrid,1346,74823957.06
2021,12,Latin America,i7,EV,4185,376332629.56
2021,12,Latin America,M3,Hybrid,6032,858950777.72
2021,12,Latin America,M5,Hybrid,4353,634690115.74
2021,12,Latin America,Z4,ICE,6597,580942949.09
2021,12,Latin America,2 Series,Hybrid,4920,257023083.83
2021,12,Latin America,4 Series,Hybrid,8805,811653697.64
2021,12,Latin America,1 Series,EV,8977,644668640.08
2022,1,Europe,3 Series,Hybrid,5947,234256441.62
2022,1,Europe,5 Series,EV,3773,132339038.9
2022,1,Europe,7 Series,EV,7291,454305032.08
2022,1,Europe,X3,ICE,3449,383910131.65
2022,1,Europe,X5,EV,8751,689648868.99
2022,1,Europe,X7,EV,7014,276395903.88
2022,1,Europe,i4,EV,2051,199569603.33
2022,1,Europe,iX,EV,4184,275546025.17
2022,1,Europe,i7,ICE,5401,557725708.18
2022,1,Europe,M3,ICE,4265,449145244.29
2022,1,Europe,M5,ICE,3024,152126128.15
2022,1,Europe,Z4,Hybrid,6596,829753949.63
2022,1,Europe,2 Series,EV,2946,169027628.72
2022,1,Europe,4 Series,EV,6696,496316881.3
2022,1,Europe,1 Series,ICE,1400,196475537.55
2022,1,North America,3 Series,ICE,7488,1114055888.53
2022,1,North America,5 Series,Hybrid,10331,823833210.21
2022,1,North America,7 Series,EV,2156,221527462.62
2022,1,North America,X3,EV,2582,270884903.48
2022,1,North America,X5,EV,1440,214580688.16
2022,1,North America,X7,Hybrid,6221,481888702.03
2022,1,North America,i4,ICE,6698,436894971.08
2022,1,North America,iX,Hybrid,8789,323415224.35
2022,1,North America,i7,ICE,5582,379799538.34
2022,1,North America,M3,ICE,600,64340814.81
2022,1,North America,M5,ICE,7711,1000870729.57
2022,1,North America,Z4,ICE,7639,690107218.53
2022,1,North America,2 Series,Hybrid,945,123603940.73
2022,1,North America,4 Series,ICE,2653,104354196.3
2022,1,North America,1 Series,EV,2506,113130448.75
2022,1,China,3 Series,ICE,1529,111147759.98
2022,1,China,5 Series,ICE,6872,730003252.61
2022,1,China,7 Series,ICE,4537,600134725.51
2022,1,China,X3,Hybrid,3061,264600764.7
2022,1,China,X5,ICE,819,53695080.39
2022,1,China,X7,EV,7882,1003173596.3
2022,1,China,i4,ICE,8490,331509894.64
2022,1,China,iX,ICE,4769,457153447.28
2022,1,China,i7,EV,7365,658299071.5
2022,1,China,M3,ICE,8193,1000717210.39
2022,1,China,M5,ICE,3626,479142365.39
2022,1,China,Z4,Hybrid,9320,757271108.1
2022,1,China,2 Series,EV,3778,528854558.4
2022,1,China,4 Series,EV,4015,290334063.74
2022,1,China,1 Series,EV,5273,641952681.82
2022,1,Asia Pacific,3 Series,Hybrid,3066,166400508.46
2022,1,Asia Pacific,5 Series,Hybrid,3799,562490204.65
2022,1,Asia Pacific,7 Series,EV,3271,242206635.78
2022,1,Asia Pacific,X3,Hybrid,4345,310635509.5
2022,1,Asia Pacific,X5,EV,6059,561872784.15
2022,1,Asia Pacific,X7,ICE,7099,1038427205.87
2022,1,Asia Pacific,i4,EV,5231,198362191.08
2022,1,Asia Pacific,iX,EV,702,28031293.38
2022,1,Asia Pacific,i7,EV,4267,437060714.12
2022,1,Asia Pacific,M3,EV,1420,71113185.86
2022,1,Asia Pacific,M5,EV,10111,488455918.36
2022,1,Asia Pacific,Z4,ICE,3194,113835808.82
2022,1,Asia Pacific,2 Series,ICE,905,97597962.69
2022,1,Asia Pacific,4 Series,Hybrid,6969,324354534.89
2022,1,Asia Pacific,1 Series,ICE,8711,922882411.64
2022,1,Middle East & Africa,3 Series,Hybrid,7298,667200541.45
2022,1,Middle East & Africa,5 Series,Hybrid,9086,1296709482.7
2022,1,Middle East & Africa,7 Series,Hybrid,9445,809647501.94
2022,1,Middle East & Africa,X3,EV,6540,790643573.85
2022,1,Middle East & Africa,X5,ICE,8652,1037859941.54
2022,1,Middle East & Africa,X7,ICE,3860,556673231.23
2022,1,Middle East & Africa,i4,ICE,2864,157177751.68
2022,1,Middle East & Africa,iX,Hybrid,7487,377183570.49
2022,1,Middle East & Africa,i7,EV,1641,84461367.34
2022,1,Middle East & Africa,M3,EV,668,71320892.89
2022,1,Middle East & Africa,M5,ICE,6629,300511547.55
2022,1,Middle East & Africa,Z4,ICE,3064,179106300.51
2022,1,Middle East & Africa,2 Series,Hybrid,3383,182620433.15
2022,1,Middle East & Africa,4 Series,Hybrid,5802,646882909.69
2022,1,Middle East & Africa,1 Series,ICE,2534,228589990.36
2022,1,Latin America,3 Series,ICE,8616,858453003.9
2022,1,Latin America,5 Series,ICE,1810,242928859.42
2022,1,Latin America,7 Series,EV,3331,151150510.16
2022,1,Latin America,X3,EV,9085,791857025.63
2022,1,Latin America,X5,EV,5450,254835153.43
2022,1,Latin America,X7,ICE,8110,693783734.49
2022,1,Latin America,i4,ICE,4611,403804519.52
2022,1,Latin America,iX,ICE,5144,610875192.69
2022,1,Latin America,i7,EV,6953,392198363.49
2022,1,Latin America,M3,EV,818,44861201.11
2022,1,Latin America,M5,Hybrid,6597,393321894.71
2022,1,Latin America,Z4,Hybrid,2466,294126206.42
2022,1,Latin America,2 Series,EV,7450,325317141.77
2022,1,Latin America,4 Series,ICE,5912,367680838.09
2022,1,Latin America,1 Series,ICE,6547,955059487.73
2022,2,Europe,3 Series,EV,9599,560259537.2
2022,2,Europe,5 Series,Hybrid,3295,161613170.39
2022,2,Europe,7 Series,EV,5285,721340293.48
2022,2,Europe,X3,ICE,8031,509330516.56
2022,2,Europe,X5,ICE,3508,225206824.44
2022,2,Europe,X7,EV,7939,931097450.65
2022,2,Europe,i4,ICE,8943,1161337442.92
2022,2,Europe,iX,EV,4138,416572332.12
2022,2,Europe,i7,Hybrid,1875,118774266.31
2022,2,Europe,M3,EV,5370,750330233.18
2022,2,Europe,M5,EV,2609,359961155.4
2022,2,Europe,Z4,ICE,6796,977043884.68
2022,2,Europe,2 Series,Hybrid,1655,212529949.87
2022,2,Europe,4 Series,EV,1372,105500401.44
2022,2,Europe,1 Series,EV,8181,801882310.22
2022,2,North America,3 Series,ICE,7916,969825793.29
2022,2,North America,5 Series,Hybrid,9226,1261700921.71
2022,2,North America,7 Series,Hybrid,5893,503336121.43
2022,2,North America,X3,EV,7612,883521664.99
2022,2,North America,X5,Hybrid,5265,327648970.21
2022,2,North America,X7,Hybrid,1247,175942912.84
2022,2,North America,i4,EV,8888,517543327.78
2022,2,North America,iX,ICE,3214,255843651.13
2022,2,North America,i7,ICE,6574,663928090.88
2022,2,North America,M3,ICE,1163,157307264.97
2022,2,North America,M5,EV,9388,1298661470.14
2022,2,North America,Z4,EV,854,93030355.06
2022,2,North America,2 Series,ICE,8373,1014531309.18
2022,2,North America,4 Series,EV,1383,124423538.18
2022,2,North America,1 Series,EV,7585,314923084.42
2022,2,China,3 Series,EV,8059,667222395.28
2022,2,China,5 Series,Hybrid,2703,249985611.16
2022,2,China,7 Series,Hybrid,1520,61663197.7
2022,2,China,X3,ICE,1820,96644772.38
2022,2,China,X5,EV,8095,665108060.0
2022,2,China,X7,EV,1685,176371125.45
2022,2,China,i4,EV,1286,101590060.34
2022,2,China,iX,ICE,8493,415392892.57
2022,2,China,i7,EV,4368,325145085.69
2022,2,China,M3,EV,5984,851082043.47
2022,2,China,M5,ICE,6914,412214481.72
2022,2,China,Z4,ICE,2365,174515753.27
2022,2,China,2 Series,Hybrid,6285,690231586.15
2022,2,China,4 Series,EV,3690,173125207.11
2022,2,China,1 Series,EV,2986,135449597.6
2022,2,Asia Pacific,3 Series,ICE,6164,659024461.9
2022,2,Asia Pacific,5 Series,ICE,4134,418730372.76
2022,2,Asia Pacific,7 Series,ICE,1690,114872664.2
2022,2,Asia Pacific,X3,ICE,9277,531295625.32
2022,2,Asia Pacific,X5,EV,4128,543076778.64
2022,2,Asia Pacific,X7,ICE,8097,284545981.77
2022,2,Asia Pacific,i4,EV,7698,797230407.26
2022,2,Asia Pacific,iX,ICE,7334,951232774.9
2022,2,Asia Pacific,i7,EV,3087,150166461.52
2022,2,Asia Pacific,M3,ICE,5126,503449689.45
2022,2,Asia Pacific,M5,Hybrid,4047,571688549.27
2022,2,Asia Pacific,Z4,ICE,784,34197402.78
2022,2,Asia Pacific,2 Series,EV,1810,269439314.98
2022,2,Asia Pacific,4 Series,EV,4145,437873168.3
2022,2,Asia Pacific,1 Series,Hybrid,5869,246119630.82
2022,2,Middle East & Africa,3 Series,Hybrid,1146,135202744.9
2022,2,Middle East & Africa,5 Series,ICE,5062,190198297.8
2022,2,Middle East & Africa,7 Series,ICE,1947,187049123.32
2022,2,Middle East & Africa,X3,EV,1531,99548855.38
2022,2,Middle East & Africa,X5,EV,9272,998126111.74
2022,2,Middle East & Africa,X7,ICE,7637,517997977.82
2022,2,Middle East & Africa,i4,ICE,1543,118450677.46
2022,2,Middle East & Africa,iX,EV,5384,664210277.61
2022,2,Middle East & Africa,i7,Hybrid,5068,357039701.48
2022,2,Middle East & Africa,M3,ICE,4898,609868286.74
2022,2,Middle East & Africa,M5,ICE,3224,176789613.57
2022,2,Middle East & Africa,Z4,ICE,5590,283629912.57
2022,2,Middle East & Africa,2 Series,EV,4882,232941830.62
2022,2,Middle East & Africa,4 Series,Hybrid,7109,889435924.58
2022,2,Middle East & Africa,1 Series,ICE,2236,312634852.08
2022,2,Latin America,3 Series,EV,5434,470978168.87
2022,2,Latin America,5 Series,ICE,1430,119744777.95
2022,2,Latin America,7 Series,ICE,707,90791992.07
2022,2,Latin America,X3,EV,4343,448049713.0
2022,2,Latin America,X5,EV,1804,209254860.48
2022,2,Latin America,X7,Hybrid,2442,200213440.39
2022,2,Latin America,i4,ICE,1080,66265274.23
2022,2,Latin America,iX,ICE,1117,76054753.71
2022,2,Latin America,i7,EV,3191,184892510.85
2022,2,Latin America,M3,Hybrid,1752,66314718.53
2022,2,Latin America,M5,Hybrid,2215,296436820.95
2022,2,Latin America,Z4,EV,4733,399421492.19
2022,2,Latin America,2 Series,ICE,796,79237544.65
2022,2,Latin America,4 Series,ICE,7502,932915372.31
2022,2,Latin America,1 Series,Hybrid,2239,315111183.07
2022,3,Europe,3 Series,Hybrid,3257,447212800.98
2022,3,Europe,5 Series,Hybrid,1776,181670461.59
2022,3,Europe,7 Series,Hybrid,7680,1022831665.69
2022,3,Europe,X3,ICE,1266,102980489.93
2022,3,Europe,X5,Hybrid,3955,423526432.07
2022,3,Europe,X7,ICE,1317,53755223.51
2022,3,Europe,i4,Hybrid,6855,960398392.09
2022,3,Europe,iX,ICE,8005,819231131.83
2022,3,Europe,i7,Hybrid,5174,606464292.89
2022,3,Europe,M3,EV,9201,1058946559.15
2022,3,Europe,M5,Hybrid,3341,500183700.12
2022,3,Europe,Z4,ICE,7352,473358477.98
2022,3,Europe,2 Series,Hybrid,1014,70196501.6
2022,3,Europe,4 Series,EV,8381,1172889365.97
2022,3,Europe,1 Series,EV,6318,685322200.92
2022,3,North America,3 Series,EV,2443,208844728.17
2022,3,North America,5 Series,ICE,4381,433729215.14
2022,3,North America,7 Series,ICE,4956,718010340.25
2022,3,North America,X3,ICE,4901,199210848.25
2022,3,North America,X5,Hybrid,2906,379393971.16
2022,3,North America,X7,EV,4343,520079964.6
2022,3,North America,i4,EV,7107,485032682.58
2022,3,North America,iX,Hybrid,1875,161808408.18
2022,3,North America,i7,ICE,7952,519846712.85
2022,3,North America,M3,EV,9728,1079195757.5
2022,3,North America,M5,ICE,4436,390302818.92
2022,3,North America,Z4,EV,7871,356065339.32
2022,3,North America,2 Series,ICE,2171,240580108.98
2022,3,North America,4 Series,EV,7082,325304416.24
2022,3,North America,1 Series,EV,6426,815500340.54
2022,3,China,3 Series,ICE,7452,788042219.67
2022,3,China,5 Series,Hybrid,5908,736754387.2
2022,3,China,7 Series,Hybrid,2174,96966033.73
2022,3,China,X3,Hybrid,839,81225862.69
2022,3,China,X5,EV,3701,345839990.79
2022,3,China,X7,EV,7707,754215411.0
2022,3,China,i4,Hybrid,2896,147399664.09
2022,3,China,iX,EV,5429,741578357.75
2022,3,China,i7,Hybrid,8425,848187526.04
2022,3,China,M3,Hybrid,5220,742483934.78
2022,3,China,M5,Hybrid,1259,81636805.8
2022,3,China,Z4,ICE,4850,541537243.01
2022,3,China,2 Series,EV,2491,196113289.55
2022,3,China,4 Series,ICE,6083,747783787.86
2022,3,China,1 Series,EV,2084,192694350.43
2022,3,Asia Pacific,3 Series,EV,3386,352105727.24
2022,3,Asia Pacific,5 Series,Hybrid,9179,810379876.85
2022,3,Asia Pacific,7 Series,EV,6773,759129753.14
2022,3,Asia Pacific,X3,EV,7136,468981227.85
2022,3,Asia Pacific,X5,Hybrid,2910,188407705.1
2022,3,Asia Pacific,X7,EV,8256,395765350.23
2022,3,Asia Pacific,i4,Hybrid,5822,633827069.98
2022,3,Asia Pacific,iX,ICE,3427,438570980.91
2022,3,Asia Pacific,i7,Hybrid,2592,203211469.52
2022,3,Asia Pacific,M3,ICE,5057,676546860.33
2022,3,Asia Pacific,M5,EV,6496,446130569.35
2022,3,Asia Pacific,Z4,ICE,7024,812896430.57
2022,3,Asia Pacific,2 Series,ICE,6170,603930832.88
2022,3,Asia Pacific,4 Series,EV,6275,411320853.22
2022,3,Asia Pacific,1 Series,Hybrid,1793,65150005.99
2022,3,Middle East & Africa,3 Series,Hybrid,1505,80333638.46
2022,3,Middle East & Africa,5 Series,EV,6500,844576054.15
2022,3,Middle East & Africa,7 Series,Hybrid,5805,203404181.27
2022,3,Middle East & Africa,X3,EV,8662,568059118.07
2022,3,Middle East & Africa,X5,Hybrid,7203,760775298.99
2022,3,Middle East & Africa,X7,EV,2122,170707854.89
2022,3,Middle East & Africa,i4,ICE,7788,811691707.41
2022,3,Middle East & Africa,iX,ICE,813,34383515.83
2022,3,Middle East & Africa,i7,ICE,2954,141758954.2
2022,3,Middle East & Africa,M3,EV,6980,775030097.18
2022,3,Middle East & Africa,M5,EV,7204,1079422747.31
2022,3,Middle East & Africa,Z4,EV,7195,444324518.76
2022,3,Middle East & Africa,2 Series,Hybrid,4907,364584392.66
2022,3,Middle East & Africa,4 Series,EV,1102,79277900.87
2022,3,Middle East & Africa,1 Series,Hybrid,4195,547266111.05
2022,3,Latin America,3 Series,ICE,2075,300785878.88
2022,3,Latin America,5 Series,EV,4802,236860921.79
2022,3,Latin America,7 Series,ICE,3740,506395324.16
2022,3,Latin America,X3,EV,2791,279742553.85
2022,3,Latin America,X5,Hybrid,1170,140562150.26
2022,3,Latin America,X7,EV,6819,643137597.18
2022,3,Latin America,i4,EV,6290,764838453.32
2022,3,Latin America,iX,EV,5835,813215826.97
2022,3,Latin America,i7,ICE,4343,427275586.66
2022,3,Latin America,M3,ICE,1316,108669278.44
2022,3,Latin America,M5,EV,1689,222220856.1
2022,3,Latin America,Z4,EV,4469,643206486.86
2022,3,Latin America,2 Series,Hybrid,6709,711165845.4
2022,3,Latin America,4 Series,EV,8108,652857539.84
2022,3,Latin America,1 Series,EV,4532,422713988.65
2022,4,Europe,3 Series,Hybrid,7846,356083059.25
2022,4,Europe,5 Series,ICE,3440,438295967.38
2022,4,Europe,7 Series,ICE,1810,213713727.71
2022,4,Europe,X3,EV,1236,154277878.33
2022,4,Europe,X5,EV,3069,242056141.16
2022,4,Europe,X7,EV,3525,315717666.75
2022,4,Europe,i4,Hybrid,6649,869292004.75
2022,4,Europe,iX,Hybrid,8021,644983552.99
2022,4,Europe,i7,Hybrid,2873,334922882.36
2022,4,Europe,M3,ICE,5582,405700831.41
2022,4,Europe,M5,Hybrid,4164,169276795.63
2022,4,Europe,Z4,Hybrid,6895,881210368.58
2022,4,Europe,2 Series,ICE,5700,230281170.32
2022,4,Europe,4 Series,EV,4338,288506260.77
2022,4,Europe,1 Series,EV,8894,756118265.06
2022,4,North America,3 Series,Hybrid,1007,85713280.95
2022,4,North America,5 Series,ICE,9003,636830261.46
2022,4,North America,7 Series,Hybrid,4029,346316912.55
2022,4,North America,X3,Hybrid,873,109115777.83
2022,4,North America,X5,ICE,4043,230908120.03
2022,4,North America,X7,Hybrid,5587,279620525.27
2022,4,North America,i4,EV,3835,312591636.08
2022,4,North America,iX,Hybrid,1989,111776660.77
2022,4,North America,i7,Hybrid,6842,324761344.22
2022,4,North America,M3,EV,6493,398175065.4
2022,4,North America,M5,ICE,7983,670029145.41
2022,4,North America,Z4,EV,1561,107432574.21
2022,4,North America,2 Series,EV,8062,1176232956.33
2022,4,North America,4 Series,Hybrid,6773,549575788.63
2022,4,North America,1 Series,EV,5689,217269300.57
2022,4,China,3 Series,ICE,3424,159182412.46
2022,4,China,5 Series,Hybrid,8680,1258623513.67
2022,4,China,7 Series,Hybrid,5690,849163953.79
2022,4,China,X3,ICE,10311,378688085.78
2022,4,China,X5,Hybrid,6169,557295375.7
2022,4,China,X7,Hybrid,5322,721562948.16
2022,4,China,i4,ICE,6855,522433026.07
2022,4,China,iX,EV,7960,1012672083.39
2022,4,China,i7,Hybrid,7230,471822971.67
2022,4,China,M3,ICE,8134,422452269.67
2022,4,China,M5,ICE,1896,181651242.04
2022,4,China,Z4,ICE,8574,637453641.75
2022,4,China,2 Series,Hybrid,7362,584358652.34
2022,4,China,4 Series,EV,1025,77173026.14
2022,4,China,1 Series,EV,2108,137955143.67
2022,4,Asia Pacific,3 Series,Hybrid,3183,357295409.04
2022,4,Asia Pacific,5 Series,EV,2792,379836926.56
2022,4,Asia Pacific,7 Series,Hybrid,8688,572198599.34
2022,4,Asia Pacific,X3,ICE,4362,480144725.14
2022,4,Asia Pacific,X5,ICE,4809,248860121.53
2022,4,Asia Pacific,X7,ICE,7963,406857746.85
2022,4,Asia Pacific,i4,ICE,8276,561349374.17
2022,4,Asia Pacific,iX,Hybrid,8332,1227906090.84
2022,4,Asia Pacific,i7,EV,6869,1017149676.0
2022,4,Asia Pacific,M3,Hybrid,9789,1202853589.31
2022,4,Asia Pacific,M5,ICE,3495,395038435.12
2022,4,Asia Pacific,Z4,ICE,1926,259576902.34
2022,4,Asia Pacific,2 Series,Hybrid,4385,566802866.53
2022,4,Asia Pacific,4 Series,EV,4157,458647220.89
2022,4,Asia Pacific,1 Series,ICE,7660,958759220.96
2022,4,Middle East & Africa,3 Series,EV,7435,541486595.51
2022,4,Middle East & Africa,5 Series,EV,868,129634016.37
2022,4,Middle East & Africa,7 Series,EV,3875,359792787.46
2022,4,Middle East & Africa,X3,ICE,7172,524042040.19
2022,4,Middle East & Africa,X5,ICE,3043,406701284.65
2022,4,Middle East & Africa,X7,EV,8345,391724739.31
2022,4,Middle East & Africa,i4,ICE,8633,772909236.99
2022,4,Middle East & Africa,iX,ICE,8151,683650737.76
2022,4,Middle East & Africa,i7,EV,3024,424662809.6
2022,4,Middle East & Africa,M3,EV,2877,118391508.46
2022,4,Middle East & Africa,M5,Hybrid,8441,646476377.44
2022,4,Middle East & Africa,Z4,ICE,6501,564213288.13
2022,4,Middle East & Africa,2 Series,EV,1397,159142953.02
2022,4,Middle East & Africa,4 Series,EV,8664,622571957.79
2022,4,Middle East & Africa,1 Series,EV,1591,139207301.25
2022,4,Latin America,3 Series,Hybrid,6427,623224053.4
2022,4,Latin America,5 Series,Hybrid,6605,554438693.65
2022,4,Latin America,7 Series,Hybrid,5859,801229441.66
2022,4,Latin America,X3,EV,5557,829209327.96
2022,4,Latin America,X5,ICE,6398,840145056.69
2022,4,Latin America,X7,ICE,8447,429242612.8
2022,4,Latin America,i4,Hybrid,999,133978394.89
2022,4,Latin America,iX,EV,6081,479510741.68
2022,4,Latin America,i7,ICE,2826,165121866.75
2022,4,Latin America,M3,Hybrid,2795,150131787.38
2022,4,Latin America,M5,ICE,6429,336616047.97
2022,4,Latin America,Z4,ICE,6995,647012705.35
2022,4,Latin America,2 Series,Hybrid,7602,1036759281.46
2022,4,Latin America,4 Series,ICE,2227,209758130.19
2022,4,Latin America,1 Series,ICE,6162,365964135.18
2022,5,Europe,3 Series,ICE,1086,39871214.63
2022,5,Europe,5 Series,ICE,7864,332242500.07
2022,5,Europe,7 Series,Hybrid,4878,235025201.02
2022,5,Europe,X3,EV,5882,609608407.21
2022,5,Europe,X5,EV,8576,1005189400.06
2022,5,Europe,X7,ICE,5161,356001890.12
2022,5,Europe,i4,Hybrid,7293,307012398.91
2022,5,Europe,iX,EV,9235,1309374873.26
2022,5,Europe,i7,EV,7437,764581258.52
2022,5,Europe,M3,EV,8014,668616985.18
2022,5,Europe,M5,EV,8829,449387804.48
2022,5,Europe,Z4,ICE,4885,501692837.55
2022,5,Europe,2 Series,EV,7245,256616017.31
2022,5,Europe,4 Series,EV,731,88767987.21
2022,5,Europe,1 Series,EV,591,76115918.84
2022,5,North America,3 Series,EV,7807,666065998.39
2022,5,North America,5 Series,ICE,845,34052552.16
2022,5,North America,7 Series,Hybrid,9499,793540827.44
2022,5,North America,X3,ICE,776,62230193.55
2022,5,North America,X5,Hybrid,7879,357581099.16
2022,5,North America,X7,EV,3057,107552441.79
2022,5,North America,i4,Hybrid,3279,346339874.64
2022,5,North America,iX,EV,5829,618693455.27
2022,5,North America,i7,ICE,5619,696169610.15
2022,5,North America,M3,EV,4567,266095070.76
2022,5,North America,M5,Hybrid,4207,421788880.58
2022,5,North America,Z4,EV,2033,178493402.27
2022,5,North America,2 Series,ICE,2832,280859231.75
2022,5,North America,4 Series,Hybrid,6729,601135340.84
2022,5,North America,1 Series,EV,7105,887292062.32
2022,5,China,3 Series,ICE,840,86525560.1
2022,5,China,5 Series,ICE,5324,534930044.05
2022,5,China,7 Series,EV,841,52332039.19
2022,5,China,X3,ICE,1272,173418940.8
2022,5,China,X5,EV,3938,574121453.87
2022,5,China,X7,Hybrid,6396,361238254.34
2022,5,China,i4,ICE,1345,47978976.43
2022,5,China,iX,EV,9274,1321269541.65
2022,5,China,i7,EV,7948,584938275.65
2022,5,China,M3,ICE,1680,147076587.03
2022,5,China,M5,EV,7401,674615517.56
2022,5,China,Z4,Hybrid,2507,115587188.56
2022,5,China,2 Series,EV,8831,455989957.3
2022,5,China,4 Series,ICE,7528,1077226831.58
2022,5,China,1 Series,Hybrid,2064,215405711.2
2022,5,Asia Pacific,3 Series,Hybrid,5570,482735727.57
2022,5,Asia Pacific,5 Series,EV,10105,1380809278.18
2022,5,Asia Pacific,7 Series,EV,3815,191388593.75
2022,5,Asia Pacific,X3,EV,4054,315715657.25
2022,5,Asia Pacific,X5,EV,963,120030981.25
2022,5,Asia Pacific,X7,ICE,8781,434903448.78
2022,5,Asia Pacific,i4,EV,5754,671406992.8
2022,5,Asia Pacific,iX,ICE,6677,719070170.62
2022,5,Asia Pacific,i7,ICE,8020,658851065.93
2022,5,Asia Pacific,M3,EV,4525,588871249.18
2022,5,Asia Pacific,M5,ICE,8726,483655236.98
2022,5,Asia Pacific,Z4,ICE,6070,831916435.89
2022,5,Asia Pacific,2 Series,EV,2825,127775687.33
2022,5,Asia Pacific,4 Series,Hybrid,10007,560575580.75
2022,5,Asia Pacific,1 Series,EV,7303,331266185.65
2022,5,Middle East & Africa,3 Series,EV,1231,175301102.56
2022,5,Middle East & Africa,5 Series,EV,8705,310928710.56
2022,5,Middle East & Africa,7 Series,ICE,7742,771743468.53
2022,5,Middle East & Africa,X3,EV,1019,102971487.59
2022,5,Middle East & Africa,X5,EV,5848,516609475.48
2022,5,Middle East & Africa,X7,EV,8674,617789060.72
2022,5,Middle East & Africa,i4,Hybrid,8437,1017036816.01
2022,5,Middle East & Africa,iX,ICE,9124,781632324.17
2022,5,Middle East & Africa,i7,EV,1727,66964813.65
2022,5,Middle East & Africa,M3,ICE,4780,541362839.49
2022,5,Middle East & Africa,M5,ICE,4850,560543707.29
2022,5,Middle East & Africa,Z4,EV,1539,155454831.63
2022,5,Middle East & Africa,2 Series,ICE,7011,481649322.64
2022,5,Middle East & Africa,4 Series,EV,2064,196118890.02
2022,5,Middle East & Africa,1 Series,Hybrid,5967,802552662.16
2022,5,Latin America,3 Series,Hybrid,1874,125723441.09
2022,5,Latin America,5 Series,Hybrid,1639,195468422.62
2022,5,Latin America,7 Series,EV,8579,1213542260.4
2022,5,Latin America,X3,EV,2698,346039357.91
2022,5,Latin America,X5,ICE,9787,1213062501.4
2022,5,Latin America,X7,ICE,3298,248855292.91
2022,5,Latin America,i4,Hybrid,6223,707737260.4
2022,5,Latin America,iX,ICE,8583,1258648226.82
2022,5,Latin America,i7,EV,7228,465800233.14
2022,5,Latin America,M3,EV,7847,1060962015.12
2022,5,Latin America,M5,ICE,4977,667590309.43
2022,5,Latin America,Z4,EV,4154,350455102.99
2022,5,Latin America,2 Series,ICE,5365,630607448.92
2022,5,Latin America,4 Series,ICE,3808,353720092.19
2022,5,Latin America,1 Series,Hybrid,2153,131769893.49
2022,6,Europe,3 Series,EV,9021,1321039088.17
2022,6,Europe,5 Series,ICE,8405,340022399.58
2022,6,Europe,7 Series,ICE,5206,737202804.5
2022,6,Europe,X3,EV,4162,442360593.63
2022,6,Europe,X5,ICE,4521,241138442.94
2022,6,Europe,X7,Hybrid,8139,840902445.44
2022,6,Europe,i4,Hybrid,4136,299130126.08
2022,6,Europe,iX,ICE,6895,820651760.68
2022,6,Europe,i7,EV,5634,348522987.35
2022,6,Europe,M3,EV,1516,141539360.69
2022,6,Europe,M5,Hybrid,7081,263385653.15
2022,6,Europe,Z4,ICE,3561,306945022.06
2022,6,Europe,2 Series,Hybrid,7477,406314089.08
2022,6,Europe,4 Series,ICE,7625,1073053929.78
2022,6,Europe,1 Series,ICE,3286,146434511.46
2022,6,North America,3 Series,ICE,645,72039444.42
2022,6,North America,5 Series,ICE,8701,1098909491.05
2022,6,North America,7 Series,Hybrid,9923,359373379.39
2022,6,North America,X3,EV,8427,1185526191.24
2022,6,North America,X5,ICE,1565,210061688.76
2022,6,North America,X7,EV,10094,1475343354.0
2022,6,North America,i4,EV,7263,621841886.89
2022,6,North America,iX,EV,3347,225888187.18
2022,6,North America,i7,EV,4714,405113420.22
2022,6,North America,M3,ICE,1789,175922426.68
2022,6,North America,M5,EV,7770,874266503.12
2022,6,North America,Z4,EV,8615,1045555622.62
2022,6,North America,2 Series,ICE,755,51417196.49
2022,6,North America,4 Series,EV,2954,365938729.88
2022,6,North America,1 Series,ICE,7869,382665623.24
2022,6,China,3 Series,ICE,1978,269013916.0
2022,6,China,5 Series,Hybrid,5548,814529359.84
2022,6,China,7 Series,ICE,1277,136752671.52
2022,6,China,X3,EV,3023,222895568.65
2022,6,China,X5,EV,8292,810343878.0
2022,6,China,X7,ICE,7196,561194303.78
2022,6,China,i4,Hybrid,1740,138523261.66
2022,6,China,iX,ICE,4986,500995103.02
2022,6,China,i7,Hybrid,5867,590731746.52
2022,6,China,M3,EV,9989,417148915.35
2022,6,China,M5,Hybrid,7277,474593659.1
2022,6,China,Z4,EV,8481,763993312.68
2022,6,China,2 Series,ICE,6360,873372983.19
2022,6,China,4 Series,ICE,2464,168124248.1
2022,6,China,1 Series,Hybrid,4530,169235307.08
2022,6,Asia Pacific,3 Series,Hybrid,4778,633216960.66
2022,6,Asia Pacific,5 Series,ICE,3226,172520714.93
2022,6,Asia Pacific,7 Series,ICE,608,36139158.47
2022,6,Asia Pacific,X3,Hybrid,2715,217155865.46
2022,6,Asia Pacific,X5,ICE,4992,280218825.77
2022,6,Asia Pacific,X7,ICE,2453,247405776.7
2022,6,Asia Pacific,i4,EV,2857,201096390.34
2022,6,Asia Pacific,iX,EV,1086,136355244.74
2022,6,Asia Pacific,i7,Hybrid,7374,615742324.66
2022,6,Asia Pacific,M3,EV,3701,400739739.84
2022,6,Asia Pacific,M5,EV,6487,607833364.24
2022,6,Asia Pacific,Z4,ICE,2220,107480300.12
2022,6,Asia Pacific,2 Series,Hybrid,4451,225440142.91
2022,6,Asia Pacific,4 Series,EV,3588,263606231.78
2022,6,Asia Pacific,1 Series,EV,9142,1112922082.05
2022,6,Middle East & Africa,3 Series,EV,6307,614607647.67
2022,6,Middle East & Africa,5 Series,ICE,6509,293481610.3
2022,6,Middle East & Africa,7 Series,Hybrid,6655,471465223.5
2022,6,Middle East & Africa,X3,Hybrid,3098,194030775.01
2022,6,Middle East & Africa,X5,EV,8219,295672031.93
2022,6,Middle East & Africa,X7,EV,4762,451799447.59
2022,6,Middle East & Africa,i4,ICE,5590,767740299.96
2022,6,Middle East & Africa,iX,EV,1547,133298077.15
2022,6,Middle East & Africa,i7,ICE,4191,255440292.33
2022,6,Middle East & Africa,M3,EV,585,49500737.08
2022,6,Middle East & Africa,M5,EV,1577,165457828.09
2022,6,Middle East & Africa,Z4,EV,1174,164001182.68
2022,6,Middle East & Africa,2 Series,EV,5646,515004379.01
2022,6,Middle East & Africa,4 Series,ICE,4126,350212848.92
2022,6,Middle East & Africa,1 Series,EV,5272,509201460.39
2022,6,Latin America,3 Series,ICE,5182,532099393.65
2022,6,Latin America,5 Series,ICE,7630,1120643942.09
2022,6,Latin America,7 Series,ICE,6393,632532955.18
2022,6,Latin America,X3,ICE,1126,139522164.04
2022,6,Latin America,X5,EV,5174,662034105.55
2022,6,Latin America,X7,Hybrid,2337,344930184.91
2022,6,Latin America,i4,Hybrid,2053,209235012.11
2022,6,Latin America,iX,EV,8235,602352095.9
2022,6,Latin America,i7,EV,7793,358766851.4
2022,6,Latin America,M3,Hybrid,2302,206785868.42
2022,6,Latin America,M5,ICE,2297,242861394.77
2022,6,Latin America,Z4,Hybrid,7241,1068981369.66
2022,6,Latin America,2 Series,ICE,1822,82351231.49
2022,6,Latin America,4 Series,ICE,3357,399756128.49
2022,6,Latin America,1 Series,EV,8810,419498875.44
2022,7,Europe,3 Series,Hybrid,4079,476068742.38
2022,7,Europe,5 Series,EV,6302,675195142.86
2022,7,Europe,7 Series,ICE,954,140760492.37
2022,7,Europe,X3,ICE,7741,465907681.07
2022,7,Europe,X5,ICE,7275,555119998.78
2022,7,Europe,X7,EV,7887,497081443.13
2022,7,Europe,i4,EV,1073,131249323.87
2022,7,Europe,iX,Hybrid,4357,176062038.19
2022,7,Europe,i7,ICE,2136,316558481.56
2022,7,Europe,M3,ICE,7935,488344093.91
2022,7,Europe,M5,EV,4870,393284743.99
2022,7,Europe,Z4,Hybrid,6448,323574853.38
2022,7,Europe,2 Series,ICE,828,123311439.9
2022,7,Europe,4 Series,ICE,7767,884394022.5
2022,7,Europe,1 Series,EV,4779,642759965.1
2022,7,North America,3 Series,ICE,2135,309394517.09
2022,7,North America,5 Series,ICE,7061,448467205.24
2022,7,North America,7 Series,EV,6197,264557960.93
2022,7,North America,X3,Hybrid,1928,85474765.46
2022,7,North America,X5,EV,1669,61100574.61
2022,7,North America,X7,ICE,4501,348314639.61
2022,7,North America,i4,EV,9617,771518691.77
2022,7,North America,iX,EV,9814,775933526.78
2022,7,North America,i7,EV,1814,170328566.11
2022,7,North America,M3,Hybrid,3559,362446975.99
2022,7,North America,M5,EV,7513,829759122.47
2022,7,North America,Z4,Hybrid,4548,261873499.3
2022,7,North America,2 Series,ICE,7262,441840187.93
2022,7,North America,4 Series,Hybrid,626,65429280.26
2022,7,North America,1 Series,ICE,2154,117238945.76
2022,7,China,3 Series,ICE,9735,439757790.11
2022,7,China,5 Series,EV,2788,229334191.37
2022,7,China,7 Series,ICE,8977,1285474166.37
2022,7,China,X3,Hybrid,3407,178527282.54
2022,7,China,X5,EV,8687,1189447490.64
2022,7,China,X7,ICE,7549,1120481449.28
2022,7,China,i4,EV,5779,616151707.36
2022,7,China,iX,Hybrid,6208,439405430.62
2022,7,China,i7,EV,1440,144939984.8
2022,7,China,M3,Hybrid,2469,182622250.98
2022,7,China,M5,ICE,1958,285234885.63
2022,7,China,Z4,ICE,5567,314345020.32
2022,7,China,2 Series,Hybrid,1086,67465333.56
2022,7,China,4 Series,ICE,2792,108872548.8
2022,7,China,1 Series,EV,1173,153618649.58
2022,7,Asia Pacific,3 Series,EV,5605,214216280.46
2022,7,Asia Pacific,5 Series,EV,3011,267057680.49
2022,7,Asia Pacific,7 Series,EV,7252,477796163.37
2022,7,Asia Pacific,X3,ICE,4764,556874582.88
2022,7,Asia Pacific,X5,EV,3307,474274274.08
2022,7,Asia Pacific,X7,EV,4203,321347300.19
2022,7,Asia Pacific,i4,ICE,4169,621096551.06
2022,7,Asia Pacific,iX,ICE,4728,488801594.35
2022,7,Asia Pacific,i7,Hybrid,7316,431581814.43
2022,7,Asia Pacific,M3,ICE,1219,82694926.12
2022,7,Asia Pacific,M5,ICE,7970,803845835.11
2022,7,Asia Pacific,Z4,EV,7151,502216104.39
2022,7,Asia Pacific,2 Series,ICE,3515,284351584.06
2022,7,Asia Pacific,4 Series,ICE,8970,907830438.42
2022,7,Asia Pacific,1 Series,Hybrid,8483,406987129.01
2022,7,Middle East & Africa,3 Series,EV,699,103309614.94
2022,7,Middle East & Africa,5 Series,ICE,4368,448495982.66
2022,7,Middle East & Africa,7 Series,ICE,2236,318203809.2
2022,7,Middle East & Africa,X3,ICE,7736,849617746.85
2022,7,Middle East & Africa,X5,Hybrid,3156,167591535.67
2022,7,Middle East & Africa,X7,Hybrid,1598,114136370.15
2022,7,Middle East & Africa,i4,ICE,7999,696493693.55
2022,7,Middle East & Africa,iX,Hybrid,7307,445658529.01
2022,7,Middle East & Africa,i7,EV,7783,299245318.09
2022,7,Middle East & Africa,M3,EV,6789,971620419.11
2022,7,Middle East & Africa,M5,EV,1966,95996701.4
2022,7,Middle East & Africa,Z4,Hybrid,5716,802282199.81
2022,7,Middle East & Africa,2 Series,Hybrid,3283,251858734.22
2022,7,Middle East & Africa,4 Series,EV,3434,189780326.41
2022,7,Middle East & Africa,1 Series,EV,5796,376001489.38
2022,7,Latin America,3 Series,EV,7442,686720681.84
2022,7,Latin America,5 Series,ICE,2512,135180954.32
2022,7,Latin America,7 Series,EV,8713,997835525.08
2022,7,Latin America,X3,Hybrid,4195,542585141.5
2022,7,Latin America,X5,ICE,4759,238837750.29
2022,7,Latin America,X7,Hybrid,6738,381738234.68
2022,7,Latin America,i4,Hybrid,1545,65081150.0
2022,7,Latin America,iX,EV,8094,615691482.6
2022,7,Latin America,i7,ICE,5285,223192989.15
2022,7,Latin America,M3,EV,3887,368104961.97
2022,7,Latin America,M5,EV,811,42559700.42
2022,7,Latin America,Z4,EV,2407,102434570.96
2022,7,Latin America,2 Series,ICE,5189,745746212.92
2022,7,Latin America,4 Series,ICE,852,52032963.93
2022,7,Latin America,1 Series,Hybrid,7314,1028526855.91
2022,8,Europe,3 Series,EV,6051,694804214.74
2022,8,Europe,5 Series,Hybrid,2368,136924486.84
2022,8,Europe,7 Series,ICE,6234,726613467.36
2022,8,Europe,X3,Hybrid,3933,463689969.69
2022,8,Europe,X5,Hybrid,2397,257879508.06
2022,8,Europe,X7,Hybrid,2800,329561951.13
2022,8,Europe,i4,EV,4258,570051644.81
2022,8,Europe,iX,EV,8589,467518467.74
2022,8,Europe,i7,EV,8547,522106615.68
2022,8,Europe,M3,EV,9123,957105128.71
2022,8,Europe,M5,ICE,4402,503971058.17
2022,8,Europe,Z4,EV,8694,1086000147.02
2022,8,Europe,2 Series,ICE,2678,120556530.66
2022,8,Europe,4 Series,ICE,902,41075613.41
2022,8,Europe,1 Series,ICE,4361,246637743.96
2022,8,North America,3 Series,Hybrid,9025,1109321347.24
2022,8,North America,5 Series,EV,9238,728234247.11
2022,8,North America,7 Series,ICE,4739,381911073.62
2022,8,North America,X3,ICE,9618,1421114001.61
2022,8,North America,X5,ICE,6155,662855348.17
2022,8,North America,X7,ICE,1603,146986187.79
2022,8,North America,i4,EV,6458,751432982.05
2022,8,North America,iX,ICE,8200,666592587.04
2022,8,North America,i7,ICE,5099,255295584.92
2022,8,North America,M3,ICE,2968,439217212.05
2022,8,North America,M5,ICE,2342,218886132.87
2022,8,North America,Z4,EV,7962,511016887.42
2022,8,North America,2 Series,ICE,6651,889088378.84
2022,8,North America,4 Series,Hybrid,8000,1191547418.17
2022,8,North America,1 Series,EV,2135,310024942.41
2022,8,China,3 Series,Hybrid,3820,523986354.83
2022,8,China,5 Series,EV,3504,387017911.97
2022,8,China,7 Series,EV,3129,338165570.37
2022,8,China,X3,EV,9473,404183981.96
2022,8,China,X5,EV,4983,401800571.13
2022,8,China,X7,EV,2873,178632214.7
2022,8,China,i4,Hybrid,3324,329981484.92
2022,8,China,iX,ICE,1807,130565272.44
2022,8,China,i7,ICE,6092,756007214.41
2022,8,China,M3,ICE,6075,760727807.22
2022,8,China,M5,EV,2807,330695306.47
2022,8,China,Z4,EV,3769,448538214.65
2022,8,China,2 Series,EV,970,61996688.39
2022,8,China,4 Series,ICE,2487,275719133.6
2022,8,China,1 Series,Hybrid,5221,343446959.4
2022,8,Asia Pacific,3 Series,ICE,8713,647858643.07
2022,8,Asia Pacific,5 Series,Hybrid,753,84419135.62
2022,8,Asia Pacific,7 Series,Hybrid,4250,252130380.93
2022,8,Asia Pacific,X3,ICE,5774,736520802.43
2022,8,Asia Pacific,X5,ICE,7152,363072022.56
2022,8,Asia Pacific,X7,ICE,5289,590603090.71
2022,8,Asia Pacific,i4,ICE,9163,421963554.61
2022,8,Asia Pacific,iX,EV,1302,56543952.28
2022,8,Asia Pacific,i7,ICE,3082,260273647.95
2022,8,Asia Pacific,M3,EV,4371,437759548.54
2022,8,Asia Pacific,M5,Hybrid,940,89460064.95
2022,8,Asia Pacific,Z4,ICE,2106,290033227.13
2022,8,Asia Pacific,2 Series,ICE,8376,1035327978.49
2022,8,Asia Pacific,4 Series,ICE,6581,809026509.29
2022,8,Asia Pacific,1 Series,Hybrid,3994,582488929.5
2022,8,Middle East & Africa,3 Series,Hybrid,5290,440873935.57
2022,8,Middle East & Africa,5 Series,ICE,7384,1057248733.95
2022,8,Middle East & Africa,7 Series,EV,10114,1159988996.41
2022,8,Middle East & Africa,X3,ICE,5639,696674711.54
2022,8,Middle East & Africa,X5,ICE,2082,195576483.69
2022,8,Middle East & Africa,X7,EV,6288,351462952.11
2022,8,Middle East & Africa,i4,ICE,924,94618296.18
2022,8,Middle East & Africa,iX,ICE,859,78103153.13
2022,8,Middle East & Africa,i7,Hybrid,3319,290249546.56
2022,8,Middle East & Africa,M3,EV,4484,182692919.71
2022,8,Middle East & Africa,M5,ICE,5857,411217572.86
2022,8,Middle East & Africa,Z4,Hybrid,7694,624022446.68
2022,8,Middle East & Africa,2 Series,Hybrid,6135,433091684.73
2022,8,Middle East & Africa,4 Series,EV,4941,392071048.07
2022,8,Middle East & Africa,1 Series,ICE,8048,519475301.71
2022,8,Latin America,3 Series,ICE,778,58813207.53
2022,8,Latin America,5 Series,EV,4655,478158252.1
2022,8,Latin America,7 Series,Hybrid,3221,341080549.54
2022,8,Latin America,X3,EV,4253,580594764.4
2022,8,Latin America,X5,Hybrid,3608,415041680.76
2022,8,Latin America,X7,ICE,2240,173959741.68
2022,8,Latin America,i4,Hybrid,601,45208978.35
2022,8,Latin America,iX,ICE,2089,235134564.5
2022,8,Latin America,i7,Hybrid,3165,421364101.3
2022,8,Latin America,M3,EV,5737,569988034.98
2022,8,Latin America,M5,Hybrid,3875,291005945.08
2022,8,Latin America,Z4,ICE,6711,465285488.93
2022,8,Latin America,2 Series,ICE,3364,482199138.21
2022,8,Latin America,4 Series,ICE,2549,164667323.49
2022,8,Latin America,1 Series,ICE,8642,423033774.31
2022,9,Europe,3 Series,Hybrid,6459,785368360.44
2022,9,Europe,5 Series,ICE,8122,525696856.16
2022,9,Europe,7 Series,Hybrid,3055,416413350.8
2022,9,Europe,X3,EV,2701,330313675.89
2022,9,Europe,X5,EV,7342,380330111.69
2022,9,Europe,X7,ICE,3698,183993716.08
2022,9,Europe,i4,EV,8294,1232966340.13
2022,9,Europe,iX,EV,5853,798751517.96
2022,9,Europe,i7,Hybrid,2816,149627407.1
2022,9,Europe,M3,EV,9687,835382195.64
2022,9,Europe,M5,ICE,2004,180469774.2
2022,9,Europe,Z4,ICE,3495,464614647.37
2022,9,Europe,2 Series,ICE,3418,427941926.69
2022,9,Europe,4 Series,Hybrid,5464,274128027.33
2022,9,Europe,1 Series,EV,872,34823088.46
2022,9,North America,3 Series,ICE,5114,403354818.12
2022,9,North America,5 Series,ICE,7669,768096026.92
2022,9,North America,7 Series,EV,2120,287437623.88
2022,9,North America,X3,ICE,7184,857708314.77
2022,9,North America,X5,Hybrid,8496,645419791.31
2022,9,North America,X7,EV,3956,403394435.89
2022,9,North America,i4,EV,8493,299517835.52
2022,9,North America,iX,EV,7343,741432771.31
2022,9,North America,i7,ICE,1156,88384366.45
2022,9,North America,M3,ICE,3197,257688139.23
2022,9,North America,M5,ICE,1176,114465456.62
2022,9,North America,Z4,Hybrid,8303,1140654621.79
2022,9,North America,2 Series,ICE,4056,454823933.86
2022,9,North America,4 Series,ICE,8164,576812298.27
2022,9,North America,1 Series,ICE,3023,333868213.05
2022,9,China,3 Series,ICE,2901,339804707.76
2022,9,China,5 Series,Hybrid,8005,1017552121.79
2022,9,China,7 Series,Hybrid,8474,323896164.41
2022,9,China,X3,Hybrid,10302,1131977446.33
2022,9,China,X5,EV,8259,1106217690.53
2022,9,China,X7,Hybrid,6841,359795030.06
2022,9,China,i4,EV,1485,218015929.84
2022,9,China,iX,Hybrid,2926,191073755.83
2022,9,China,i7,EV,3189,228433652.03
2022,9,China,M3,ICE,6109,800231630.97
2022,9,China,M5,EV,1945,193128234.3
2022,9,China,Z4,EV,4461,249079994.12
2022,9,China,2 Series,EV,8237,1161930834.64
2022,9,China,4 Series,ICE,2253,336399648.95
2022,9,China,1 Series,EV,2445,90141764.32
2022,9,Asia Pacific,3 Series,ICE,6797,406362162.82
2022,9,Asia Pacific,5 Series,EV,2420,139599840.92
2022,9,Asia Pacific,7 Series,Hybrid,4236,485486566.38
2022,9,Asia Pacific,X3,EV,4984,383758090.36
2022,9,Asia Pacific,X5,EV,5173,265526789.7
2022,9,Asia Pacific,X7,Hybrid,6123,787359822.37
2022,9,Asia Pacific,i4,ICE,6809,455994040.92
2022,9,Asia Pacific,iX,Hybrid,991,137653690.15
2022,9,Asia Pacific,i7,EV,7720,953435321.01
2022,9,Asia Pacific,M3,EV,2049,122797091.53
2022,9,Asia Pacific,M5,EV,7337,363998964.86
2022,9,Asia Pacific,Z4,ICE,1367,173539030.97
2022,9,Asia Pacific,2 Series,EV,9208,1138254780.08
2022,9,Asia Pacific,4 Series,ICE,6754,363309529.12
2022,9,Asia Pacific,1 Series,EV,2971,231528504.27
2022,9,Middle East & Africa,3 Series,Hybrid,9442,1325407151.49
2022,9,Middle East & Africa,5 Series,ICE,9079,1079578816.23
2022,9,Middle East & Africa,7 Series,EV,9398,1022993051.32
2022,9,Middle East & Africa,X3,EV,3935,325034134.96
2022,9,Middle East & Africa,X5,EV,8711,1168672419.81
2022,9,Middle East & Africa,X7,EV,1023,111076479.11
2022,9,Middle East & Africa,i4,ICE,9833,518394863.32
2022,9,Middle East & Africa,iX,EV,5960,555267951.39
2022,9,Middle East & Africa,i7,EV,2084,216447737.53
2022,9,Middle East & Africa,M3,EV,6585,490403670.13
2022,9,Middle East & Africa,M5,Hybrid,5332,342810718.31
2022,9,Middle East & Africa,Z4,Hybrid,6912,438577626.87
2022,9,Middle East & Africa,2 Series,ICE,2333,288086800.09
2022,9,Middle East & Africa,4 Series,ICE,2106,94183853.65
2022,9,Middle East & Africa,1 Series,EV,1725,252007285.61
2022,9,Latin America,3 Series,ICE,6915,789426100.59
2022,9,Latin America,5 Series,Hybrid,7862,880584159.69
2022,9,Latin America,7 Series,EV,8116,1082119597.16
2022,9,Latin America,X3,EV,4905,192011970.23
2022,9,Latin America,X5,EV,2791,210832152.45
2022,9,Latin America,X7,Hybrid,6661,765090230.94
2022,9,Latin America,i4,ICE,3823,528342372.74
2022,9,Latin America,iX,ICE,1417,72751716.23
2022,9,Latin America,i7,Hybrid,4538,289179212.99
2022,9,Latin America,M3,Hybrid,2106,161071943.16
2022,9,Latin America,M5,ICE,1755,96975982.92
2022,9,Latin America,Z4,EV,7660,788802286.2
2022,9,Latin America,2 Series,EV,9682,1350723593.88
2022,9,Latin America,4 Series,EV,623,80299844.85
2022,9,Latin America,1 Series,ICE,3156,271176589.36
2022,10,Europe,3 Series,EV,717,94408142.72
2022,10,Europe,5 Series,Hybrid,6403,467535961.56
2022,10,Europe,7 Series,ICE,838,30324961.96
2022,10,Europe,X3,Hybrid,6847,639242675.42
2022,10,Europe,X5,ICE,6836,485496190.73
2022,10,Europe,X7,EV,4834,516030057.23
2022,10,Europe,i4,EV,4272,472749140.39
2022,10,Europe,iX,ICE,9144,652892817.19
2022,10,Europe,i7,ICE,2308,212961319.33
2022,10,Europe,M3,ICE,2005,152880575.01
2022,10,Europe,M5,ICE,4061,328645598.62
2022,10,Europe,Z4,Hybrid,2080,104810037.47
2022,10,Europe,2 Series,EV,6372,338555893.78
2022,10,Europe,4 Series,Hybrid,1503,212324246.16
2022,10,Europe,1 Series,EV,7700,306727758.41
2022,10,North America,3 Series,Hybrid,3819,441591403.87
2022,10,North America,5 Series,Hybrid,4409,493204551.25
2022,10,North America,7 Series,EV,6557,852848244.65
2022,10,North America,X3,EV,7360,409854992.18
2022,10,North America,X5,Hybrid,1246,80752049.67
2022,10,North America,X7,Hybrid,7014,519448985.33
2022,10,North America,i4,ICE,6699,738837046.84
2022,10,North America,iX,EV,850,85848395.4
2022,10,North America,i7,EV,2855,151483162.04
2022,10,North America,M3,EV,1259,66049155.78
2022,10,North America,M5,EV,2384,185458553.86
2022,10,North America,Z4,ICE,7609,364890076.63
2022,10,North America,2 Series,Hybrid,2234,217805136.54
2022,10,North America,4 Series,Hybrid,4164,149779710.59
2022,10,North America,1 Series,EV,1634,106449455.89
2022,10,China,3 Series,Hybrid,4069,285413457.43
2022,10,China,5 Series,ICE,8915,355679324.45
2022,10,China,7 Series,Hybrid,6659,934191923.72
2022,10,China,X3,Hybrid,6686,422043552.99
2022,10,China,X5,ICE,3953,574658336.04
2022,10,China,X7,EV,3632,293897865.61
2022,10,China,i4,ICE,6906,587456177.67
2022,10,China,iX,ICE,3533,169075961.59
2022,10,China,i7,ICE,5100,283510290.0
2022,10,China,M3,ICE,705,29860868.79
2022,10,China,M5,ICE,5984,358741929.9
2022,10,China,Z4,EV,3449,492624133.67
2022,10,China,2 Series,EV,6401,739328625.83
2022,10,China,4 Series,ICE,5529,477423914.41
2022,10,China,1 Series,EV,4541,469162807.37
2022,10,Asia Pacific,3 Series,EV,6345,292514232.01
2022,10,Asia Pacific,5 Series,ICE,6653,795472084.57
2022,10,Asia Pacific,7 Series,ICE,2921,244074550.04
2022,10,Asia Pacific,X3,ICE,7570,879758850.52
2022,10,Asia Pacific,X5,ICE,4323,523167343.59
2022,10,Asia Pacific,X7,Hybrid,2444,138534441.5
2022,10,Asia Pacific,i4,ICE,3760,272838037.86
2022,10,Asia Pacific,iX,ICE,3190,441501146.98
2022,10,Asia Pacific,i7,Hybrid,664,65478589.44
2022,10,Asia Pacific,M3,ICE,4953,524193876.95
2022,10,Asia Pacific,M5,EV,6354,268021205.94
2022,10,Asia Pacific,Z4,Hybrid,5942,320045754.75
2022,10,Asia Pacific,2 Series,Hybrid,5253,702044410.54
2022,10,Asia Pacific,4 Series,ICE,6608,388438390.24
2022,10,Asia Pacific,1 Series,EV,7018,788929303.61
2022,10,Middle East & Africa,3 Series,EV,2330,211144602.96
2022,10,Middle East & Africa,5 Series,EV,1373,148318283.63
2022,10,Middle East & Africa,7 Series,EV,6345,769362286.05
2022,10,Middle East & Africa,X3,EV,2202,103597071.2
2022,10,Middle East & Africa,X5,Hybrid,3893,184901611.0
2022,10,Middle East & Africa,X7,EV,2171,202275916.11
2022,10,Middle East & Africa,i4,ICE,8484,890896244.62
2022,10,Middle East & Africa,iX,ICE,6232,742077448.81
2022,10,Middle East & Africa,i7,ICE,8372,1002755538.56
2022,10,Middle East & Africa,M3,EV,1189,86104034.54
2022,10,Middle East & Africa,M5,EV,8439,314565898.64
2022,10,Middle East & Africa,Z4,EV,5152,236588964.59
2022,10,Middle East & Africa,2 Series,ICE,8018,622011729.76
2022,10,Middle East & Africa,4 Series,Hybrid,661,94158275.47
2022,10,Middle East & Africa,1 Series,Hybrid,9063,594860151.33
2022,10,Latin America,3 Series,EV,5857,613640009.87
2022,10,Latin America,5 Series,EV,1671,155176274.33
2022,10,Latin America,7 Series,ICE,6088,810442545.02
2022,10,Latin America,X3,EV,6006,451912487.14
2022,10,Latin America,X5,Hybrid,7901,1176677849.07
2022,10,Latin America,X7,EV,2116,165767640.47
2022,10,Latin America,i4,EV,8171,647260081.02
2022,10,Latin America,iX,ICE,8511,1109704977.89
2022,10,Latin America,i7,ICE,4468,473274713.26
2022,10,Latin America,M3,Hybrid,10105,752764780.86
2022,10,Latin America,M5,ICE,3313,355324473.46
2022,10,Latin America,Z4,ICE,5098,698213716.84
2022,10,Latin America,2 Series,Hybrid,5570,366692392.31
2022,10,Latin America,4 Series,Hybrid,8085,676317579.79
2022,10,Latin America,1 Series,EV,3080,262894530.47
2022,11,Europe,3 Series,EV,4541,160944085.43
2022,11,Europe,5 Series,EV,4679,529509804.63
2022,11,Europe,7 Series,ICE,4112,546155618.12
2022,11,Europe,X3,ICE,2848,266406983.66
2022,11,Europe,X5,EV,8208,572597731.19
2022,11,Europe,X7,Hybrid,2726,239093610.02
2022,11,Europe,i4,EV,3550,423528333.0
2022,11,Europe,iX,Hybrid,5072,399645063.84
2022,11,Europe,i7,EV,4961,339093341.0
2022,11,Europe,M3,ICE,5782,627931673.02
2022,11,Europe,M5,EV,7773,1134531897.19
2022,11,Europe,Z4,ICE,10148,546602086.36
2022,11,Europe,2 Series,ICE,4349,352376410.82
2022,11,Europe,4 Series,Hybrid,8109,1067020636.74
2022,11,Europe,1 Series,ICE,6147,468619403.33
2022,11,North America,3 Series,ICE,2337,317562964.19
2022,11,North America,5 Series,Hybrid,2616,333585145.37
2022,11,North America,7 Series,ICE,3628,352636400.56
2022,11,North America,X3,ICE,6615,430767622.25
2022,11,North America,X5,EV,1608,133205617.98
2022,11,North America,X7,EV,652,94810648.1
2022,11,North America,i4,EV,8107,284334095.96
2022,11,North America,iX,ICE,4076,498795663.63
2022,11,North America,i7,Hybrid,6830,850565459.29
2022,11,North America,M3,ICE,2197,321525914.37
2022,11,North America,M5,ICE,3011,195780676.97
2022,11,North America,Z4,Hybrid,8289,806160497.25
2022,11,North America,2 Series,EV,3316,333226350.76
2022,11,North America,4 Series,Hybrid,5688,795811563.45
2022,11,North America,1 Series,EV,5583,461497591.63
2022,11,China,3 Series,EV,801,86161719.59
2022,11,China,5 Series,ICE,4531,222610988.9
2022,11,China,7 Series,ICE,3215,470762253.26
2022,11,China,X3,ICE,6942,557028758.99
2022,11,China,X5,ICE,4289,425648940.61
2022,11,China,X7,EV,9258,499524547.13
2022,11,China,i4,EV,3783,470921676.09
2022,11,China,iX,ICE,8857,918435474.14
2022,11,China,i7,EV,1790,150233042.5
2022,11,China,M3,ICE,7987,838903901.17
2022,11,China,M5,ICE,2920,319635971.12
2022,11,China,Z4,ICE,7128,658441537.64
2022,11,China,2 Series,Hybrid,4057,276630503.68
2022,11,China,4 Series,EV,4221,439363726.08
2022,11,China,1 Series,ICE,1629,210214033.52
2022,11,Asia Pacific,3 Series,Hybrid,3096,404028682.56
2022,11,Asia Pacific,5 Series,EV,3167,237478406.06
2022,11,Asia Pacific,7 Series,ICE,7861,1088270111.55
2022,11,Asia Pacific,X3,ICE,7126,354080015.69
2022,11,Asia Pacific,X5,ICE,1608,68852611.05
2022,11,Asia Pacific,X7,EV,4723,588306836.19
2022,11,Asia Pacific,i4,ICE,4975,417620648.64
2022,11,Asia Pacific,iX,ICE,6763,428326414.54
2022,11,Asia Pacific,i7,ICE,3828,275391391.04
2022,11,Asia Pacific,M3,ICE,2349,164680148.66
2022,11,Asia Pacific,M5,EV,3509,469539269.54
2022,11,Asia Pacific,Z4,ICE,1885,137010376.39
2022,11,Asia Pacific,2 Series,Hybrid,1359,56119904.55
2022,11,Asia Pacific,4 Series,EV,6117,247272476.14
2022,11,Asia Pacific,1 Series,ICE,1369,119407495.66
2022,11,Middle East & Africa,3 Series,ICE,2957,320663839.67
2022,11,Middle East & Africa,5 Series,ICE,1820,246595766.3
2022,11,Middle East & Africa,7 Series,EV,9209,441069873.19
2022,11,Middle East & Africa,X3,EV,4473,455202942.65
2022,11,Middle East & Africa,X5,EV,5943,385671634.56
2022,11,Middle East & Africa,X7,EV,5825,427191254.94
2022,11,Middle East & Africa,i4,Hybrid,4970,285536977.31
2022,11,Middle East & Africa,iX,Hybrid,4089,513432259.68
2022,11,Middle East & Africa,i7,EV,3097,294010748.0
2022,11,Middle East & Africa,M3,Hybrid,2267,89104378.75
2022,11,Middle East & Africa,M5,Hybrid,6233,800253511.75
2022,11,Middle East & Africa,Z4,Hybrid,4229,381416416.79
2022,11,Middle East & Africa,2 Series,Hybrid,633,62545447.34
2022,11,Middle East & Africa,4 Series,ICE,6280,350907664.88
2022,11,Middle East & Africa,1 Series,Hybrid,3402,444468601.64
2022,11,Latin America,3 Series,ICE,3909,353774491.52
2022,11,Latin America,5 Series,EV,4810,451498667.92
2022,11,Latin America,7 Series,EV,3887,349877072.15
2022,11,Latin America,X3,ICE,8569,386261123.1
2022,11,Latin America,X5,Hybrid,7393,396984190.26
2022,11,Latin America,X7,EV,6864,1019288534.4
2022,11,Latin America,i4,ICE,8087,829572455.93
2022,11,Latin America,iX,Hybrid,8734,1103057731.63
2022,11,Latin America,i7,ICE,8812,926167716.86
2022,11,Latin America,M3,Hybrid,7104,278811315.32
2022,11,Latin America,M5,ICE,6325,570289921.74
2022,11,Latin America,Z4,Hybrid,6219,813171168.75
2022,11,Latin America,2 Series,EV,3482,403881533.59
2022,11,Latin America,4 Series,Hybrid,4660,318783976.58
2022,11,Latin America,1 Series,ICE,6402,427958114.14
2022,12,Europe,3 Series,EV,7991,848756997.7
2022,12,Europe,5 Series,EV,8932,1056500823.64
2022,12,Europe,7 Series,Hybrid,4338,606220083.64
2022,12,Europe,X3,Hybrid,8745,636533182.92
2022,12,Europe,X5,EV,4147,205434572.45
2022,12,Europe,X7,Hybrid,1780,72809734.22
2022,12,Europe,i4,ICE,5073,447527321.91
2022,12,Europe,iX,Hybrid,7558,999611709.9
2022,12,Europe,i7,EV,7587,726939847.79
2022,12,Europe,M3,ICE,7031,611437694.74
2022,12,Europe,M5,ICE,794,96328451.34
2022,12,Europe,Z4,Hybrid,3413,437723380.39
2022,12,Europe,2 Series,EV,9028,757694907.94
2022,12,Europe,4 Series,EV,2110,168779195.71
2022,12,Europe,1 Series,Hybrid,1255,75335576.13
2022,12,North America,3 Series,ICE,5602,680521619.32
2022,12,North America,5 Series,EV,1781,180743109.16
2022,12,North America,7 Series,Hybrid,5705,252020842.54
2022,12,North America,X3,EV,3852,527968278.92
2022,12,North America,X5,ICE,8380,1176935687.03
2022,12,North America,X7,EV,7562,1000310154.84
2022,12,North America,i4,EV,4770,192728601.45
2022,12,North America,iX,ICE,6455,912287356.79
2022,12,North America,i7,Hybrid,2903,226352467.32
2022,12,North America,M3,EV,6493,604031744.76
2022,12,North America,M5,EV,8194,1192524053.84
2022,12,North America,Z4,ICE,8897,511072773.61
2022,12,North America,2 Series,EV,818,40063067.67
2022,12,North America,4 Series,Hybrid,8236,298143626.47
2022,12,North America,1 Series,EV,5094,514255111.96
2022,12,China,3 Series,Hybrid,1927,137283619.88
2022,12,China,5 Series,ICE,7312,738558018.59
2022,12,China,7 Series,EV,4008,507910297.67
2022,12,China,X3,EV,6674,451107756.25
2022,12,China,X5,ICE,1771,207530861.73
2022,12,China,X7,ICE,1371,195033813.31
2022,12,China,i4,EV,5619,441643199.07
2022,12,China,iX,Hybrid,9129,547363796.76
2022,12,China,i7,ICE,7618,764544329.26
2022,12,China,M3,ICE,3101,130058014.04
2022,12,China,M5,ICE,3795,558526050.72
2022,12,China,Z4,EV,9621,436696913.18
2022,12,China,2 Series,EV,3310,209607999.35
2022,12,China,4 Series,EV,8500,664623164.51
2022,12,China,1 Series,Hybrid,5491,411124875.25
2022,12,Asia Pacific,3 Series,EV,1493,94509025.05
2022,12,Asia Pacific,5 Series,EV,5650,284832045.88
2022,12,Asia Pacific,7 Series,Hybrid,2838,158634943.41
2022,12,Asia Pacific,X3,ICE,2108,176038624.83
2022,12,Asia Pacific,X5,EV,4076,303491924.76
2022,12,Asia Pacific,X7,ICE,2274,178365200.78
2022,12,Asia Pacific,i4,ICE,1332,151235453.18
2022,12,Asia Pacific,iX,ICE,8141,1220378538.64
2022,12,Asia Pacific,i7,Hybrid,3778,221182393.07
2022,12,Asia Pacific,M3,Hybrid,8645,600442845.16
2022,12,Asia Pacific,M5,EV,1108,161528089.8
2022,12,Asia Pacific,Z4,ICE,7047,247635653.47
2022,12,Asia Pacific,2 Series,Hybrid,2281,117269953.18
2022,12,Asia Pacific,4 Series,Hybrid,4157,555290948.17
2022,12,Asia Pacific,1 Series,EV,3187,359460786.85
2022,12,Middle East & Africa,3 Series,Hybrid,5974,367045095.04
2022,12,Middle East & Africa,5 Series,ICE,2873,290645935.75
2022,12,Middle East & Africa,7 Series,Hybrid,984,79945250.26
2022,12,Middle East & Africa,X3,EV,9702,1299395769.68
2022,12,Middle East & Africa,X5,EV,7933,797360087.93
2022,12,Middle East & Africa,X7,ICE,6065,406326227.68
2022,12,Middle East & Africa,i4,EV,5232,707284822.42
2022,12,Middle East & Africa,iX,EV,3518,409125332.68
2022,12,Middle East & Africa,i7,EV,7518,910361458.36
2022,12,Middle East & Africa,M3,Hybrid,8597,749262650.37
2022,12,Middle East & Africa,M5,EV,810,67921818.93
2022,12,Middle East & Africa,Z4,Hybrid,6641,834881024.7
2022,12,Middle East & Africa,2 Series,EV,9288,614528897.08
2022,12,Middle East & Africa,4 Series,EV,7440,521415218.87
2022,12,Middle East & Africa,1 Series,ICE,5728,794082801.58
2022,12,Latin America,3 Series,Hybrid,2563,220332289.42
2022,12,Latin America,5 Series,EV,5054,312914310.5
2022,12,Latin America,7 Series,Hybrid,7759,283989676.17
2022,12,Latin America,X3,ICE,2946,308092468.02
2022,12,Latin America,X5,EV,1839,138195813.26
2022,12,Latin America,X7,Hybrid,7272,1065146798.4
2022,12,Latin America,i4,ICE,1745,131046523.26
2022,12,Latin America,iX,EV,1059,45324468.08
2022,12,Latin America,i7,EV,9613,1325252485.42
2022,12,Latin America,M3,EV,7755,672933753.45
2022,12,Latin America,M5,ICE,3339,142317351.08
2022,12,Latin America,Z4,ICE,7127,734294745.25
2022,12,Latin America,2 Series,EV,1552,82798453.1
2022,12,Latin America,4 Series,Hybrid,7461,733762527.31
2022,12,Latin America,1 Series,ICE,6455,683290464.31
2023,1,Europe,3 Series,ICE,7559,389914493.98
2023,1,Europe,5 Series,ICE,4566,543225353.36
2023,1,Europe,7 Series,EV,2211,327318234.37
2023,1,Europe,X3,EV,6099,342051485.53
2023,1,Europe,X5,Hybrid,5943,750285065.97
2023,1,Europe,X7,ICE,693,95189439.51
2023,1,Europe,i4,EV,2481,115274850.53
2023,1,Europe,iX,Hybrid,5960,340483917.75
2023,1,Europe,i7,Hybrid,4356,343559842.78
2023,1,Europe,M3,ICE,654,52925586.87
2023,1,Europe,M5,EV,2017,286305511.55
2023,1,Europe,Z4,EV,933,116284241.67
2023,1,Europe,2 Series,ICE,10089,1190156913.19
2023,1,Europe,4 Series,ICE,3828,555902775.26
2023,1,Europe,1 Series,EV,669,60020371.27
2023,1,North America,3 Series,Hybrid,1067,67210784.6
2023,1,North America,5 Series,Hybrid,8576,312314677.08
2023,1,North America,7 Series,EV,2803,126946895.67
2023,1,North America,X3,EV,975,53372958.08
2023,1,North America,X5,ICE,2632,207342632.23
2023,1,North America,X7,ICE,5568,243269306.57
2023,1,North America,i4,Hybrid,1843,69793393.3
2023,1,North America,iX,EV,4051,472523631.1
2023,1,North America,i7,ICE,4942,740614374.15
2023,1,North America,M3,ICE,2269,338473878.18
2023,1,North America,M5,ICE,7714,497831181.95
2023,1,North America,Z4,ICE,1264,65273555.81
2023,1,North America,2 Series,ICE,3379,423894282.15
2023,1,North America,4 Series,EV,2320,105970504.7
2023,1,North America,1 Series,Hybrid,1936,115554981.82
2023,1,China,3 Series,EV,7186,1040175179.61
2023,1,China,5 Series,EV,7541,769817101.51
2023,1,China,7 Series,Hybrid,8575,1131004395.57
2023,1,China,X3,EV,4419,260491541.98
2023,1,China,X5,ICE,7122,507924809.6
2023,1,China,X7,ICE,1868,82329901.26
2023,1,China,i4,Hybrid,8211,813521303.94
2023,1,China,iX,EV,6592,949393938.88
2023,1,China,i7,EV,4216,317620332.09
2023,1,China,M3,Hybrid,1704,172311603.88
2023,1,China,M5,ICE,5998,790436059.61
2023,1,China,Z4,ICE,4874,397374259.69
2023,1,China,2 Series,EV,3604,458675244.52
2023,1,China,4 Series,EV,3092,260393974.19
2023,1,China,1 Series,EV,5896,292404435.54
2023,1,Asia Pacific,3 Series,Hybrid,1297,120002314.31
2023,1,Asia Pacific,5 Series,ICE,4777,448009809.3
2023,1,Asia Pacific,7 Series,ICE,9009,1326921978.34
2023,1,Asia Pacific,X3,EV,1706,155979588.36
2023,1,Asia Pacific,X5,EV,5604,477887096.97
2023,1,Asia Pacific,X7,ICE,4648,550794778.7
2023,1,Asia Pacific,i4,Hybrid,9282,1330802854.78
2023,1,Asia Pacific,iX,ICE,7335,784204158.35
2023,1,Asia Pacific,i7,EV,7958,489441201.1
2023,1,Asia Pacific,M3,Hybrid,5522,478428552.22
2023,1,Asia Pacific,M5,EV,5080,308661642.24
2023,1,Asia Pacific,Z4,EV,4421,374214429.68
2023,1,Asia Pacific,2 Series,ICE,7906,336642046.06
2023,1,Asia Pacific,4 Series,ICE,8356,951971602.35
2023,1,Asia Pacific,1 Series,EV,8008,1111559835.79
2023,1,Middle East & Africa,3 Series,ICE,2818,99271120.07
2023,1,Middle East & Africa,5 Series,ICE,6020,382852040.43
2023,1,Middle East & Africa,7 Series,ICE,8562,746137704.91
2023,1,Middle East & Africa,X3,EV,5798,547088652.13
2023,1,Middle East & Africa,X5,EV,8389,380423098.48
2023,1,Middle East & Africa,X7,ICE,4934,185821373.9
2023,1,Middle East & Africa,i4,EV,8046,806913241.17
2023,1,Middle East & Africa,iX,EV,2264,115394557.53
2023,1,Middle East & Africa,i7,Hybrid,5397,550098998.47
2023,1,Middle East & Africa,M3,Hybrid,8360,734681642.71
2023,1,Middle East & Africa,M5,EV,1010,98277400.95
2023,1,Middle East & Africa,Z4,EV,3589,473404177.99
2023,1,Middle East & Africa,2 Series,ICE,9824,962511454.31
2023,1,Middle East & Africa,4 Series,Hybrid,3048,120921788.9
2023,1,Middle East & Africa,1 Series,ICE,6976,1024290936.08
2023,1,Latin America,3 Series,Hybrid,6811,578762232.96
2023,1,Latin America,5 Series,EV,8351,1207601446.37
2023,1,Latin America,7 Series,ICE,1553,69564679.26
2023,1,Latin America,X3,ICE,6629,513606321.19
2023,1,Latin America,X5,ICE,5031,507794313.6
2023,1,Latin America,X7,EV,2320,131655233.98
2023,1,Latin America,i4,ICE,9301,398711200.07
2023,1,Latin America,iX,ICE,7568,624211580.07
2023,1,Latin America,i7,ICE,3643,368295375.61
2023,1,Latin America,M3,EV,3454,400547144.34
2023,1,Latin America,M5,EV,4774,560243767.53
2023,1,Latin America,Z4,ICE,5466,745245242.21
2023,1,Latin America,2 Series,EV,7790,962446456.96
2023,1,Latin America,4 Series,EV,7382,1039937840.01
2023,1,Latin America,1 Series,EV,5570,785820539.59
2023,2,Europe,3 Series,ICE,557,76547694.2
2023,2,Europe,5 Series,ICE,5594,766562018.38
2023,2,Europe,7 Series,Hybrid,7047,356814031.04
2023,2,Europe,X3,ICE,9233,1354093188.05
2023,2,Europe,X5,Hybrid,2414,146194147.06
2023,2,Europe,X7,EV,675,30393117.65
2023,2,Europe,i4,EV,8306,423948717.75
2023,2,Europe,iX,EV,1673,190656992.61
2023,2,Europe,i7,EV,6228,670306354.93
2023,2,Europe,M3,Hybrid,5407,603092682.52
2023,2,Europe,M5,EV,1889,79329895.58
2023,2,Europe,Z4,EV,2446,205571899.18
2023,2,Europe,2 Series,ICE,1303,81912885.64
2023,2,Europe,4 Series,ICE,1280,151285405.03
2023,2,Europe,1 Series,EV,2152,299061599.65
2023,2,North America,3 Series,EV,6641,500382485.75
2023,2,North America,5 Series,ICE,7748,1114533901.87
2023,2,North America,7 Series,EV,712,60077898.18
2023,2,North America,X3,EV,3125,386777953.88
2023,2,North America,X5,EV,7527,593963862.74
2023,2,North America,X7,ICE,8756,485397624.05
2023,2,North America,i4,ICE,4822,290080658.87
2023,2,North America,iX,EV,4717,178739486.18
2023,2,North America,i7,EV,3617,278814125.64
2023,2,North America,M3,EV,8715,510438851.36
2023,2,North America,M5,EV,5902,382682097.65
2023,2,North America,Z4,Hybrid,4251,637245765.0
2023,2,North America,2 Series,Hybrid,2445,298385756.76
2023,2,North America,4 Series,EV,1989,222450810.53
2023,2,North America,1 Series,ICE,5668,530409249.06
2023,2,China,3 Series,EV,8096,1153833430.93
2023,2,China,5 Series,EV,8090,425161187.7
2023,2,China,7 Series,ICE,1506,160330466.91
2023,2,China,X3,Hybrid,5024,431208670.51
2023,2,China,X5,EV,3485,239583149.92
2023,2,China,X7,Hybrid,1447,146857225.26
2023,2,China,i4,EV,3650,301014802.84
2023,2,China,iX,EV,8547,791185814.45
2023,2,China,i7,Hybrid,3983,196914414.74
2023,2,China,M3,Hybrid,3527,248208907.38
2023,2,China,M5,Hybrid,5167,628816163.84
2023,2,China,Z4,Hybrid,1537,113233892.5
2023,2,China,2 Series,EV,8341,1000080069.48
2023,2,China,4 Series,Hybrid,3857,483476078.21
2023,2,China,1 Series,ICE,4709,314501922.39
2023,2,Asia Pacific,3 Series,ICE,7754,381716631.76
2023,2,Asia Pacific,5 Series,EV,6608,379893588.17
2023,2,Asia Pacific,7 Series,EV,5307,337758324.83
2023,2,Asia Pacific,X3,EV,4495,273812655.83
2023,2,Asia Pacific,X5,EV,7911,1072412191.51
2023,2,Asia Pacific,X7,Hybrid,2488,238218623.71
2023,2,Asia Pacific,i4,ICE,8306,312869551.88
2023,2,Asia Pacific,iX,Hybrid,3440,127634156.68
2023,2,Asia Pacific,i7,EV,7765,310835867.22
2023,2,Asia Pacific,M3,ICE,9426,667033149.67
2023,2,Asia Pacific,M5,EV,2992,354593434.25
2023,2,Asia Pacific,Z4,ICE,803,65176768.94
2023,2,Asia Pacific,2 Series,Hybrid,8805,737389285.39
2023,2,Asia Pacific,4 Series,EV,2953,137477544.58
2023,2,Asia Pacific,1 Series,EV,9186,377362800.96
2023,2,Middle East & Africa,3 Series,ICE,1962,226355442.38
2023,2,Middle East & Africa,5 Series,ICE,5054,521098065.1
2023,2,Middle East & Africa,7 Series,EV,972,124292156.46
2023,2,Middle East & Africa,X3,ICE,676,95101783.95
2023,2,Middle East & Africa,X5,Hybrid,1633,198041147.23
2023,2,Middle East & Africa,X7,Hybrid,1607,142481438.84
2023,2,Middle East & Africa,i4,EV,4147,502449386.76
2023,2,Middle East & Africa,iX,EV,7821,1107774088.88
2023,2,Middle East & Africa,i7,EV,4274,452772543.69
2023,2,Middle East & Africa,M3,EV,1161,75131338.91
2023,2,Middle East & Africa,M5,EV,3693,399417309.84
2023,2,Middle East & Africa,Z4,EV,4182,589433735.74
2023,2,Middle East & Africa,2 Series,EV,1257,107244969.66
2023,2,Middle East & Africa,4 Series,ICE,5324,259431510.55
2023,2,Middle East & Africa,1 Series,Hybrid,2268,255693202.12
2023,2,Latin America,3 Series,EV,6088,543308299.17
2023,2,Latin America,5 Series,EV,6907,809719837.56
2023,2,Latin America,7 Series,Hybrid,4222,161117401.33
2023,2,Latin America,X3,EV,1808,160998585.77
2023,2,Latin America,X5,EV,2060,232444842.59
2023,2,Latin America,X7,EV,6593,522051457.99
2023,2,Latin America,i4,Hybrid,7437,429605970.02
2023,2,Latin America,iX,Hybrid,2503,340421180.61
2023,2,Latin America,i7,EV,1805,64622650.86
2023,2,Latin America,M3,EV,5252,620373616.13
2023,2,Latin America,M5,Hybrid,8002,1078030496.78
2023,2,Latin America,Z4,Hybrid,682,44018130.77
2023,2,Latin America,2 Series,EV,2695,136150445.15
2023,2,Latin America,4 Series,EV,2224,288647751.97
2023,2,Latin America,1 Series,Hybrid,1043,82618068.01
2023,3,Europe,3 Series,EV,4414,584392997.21
2023,3,Europe,5 Series,ICE,7099,565984512.43
2023,3,Europe,7 Series,Hybrid,7048,600821039.39
2023,3,Europe,X3,EV,3075,455076678.25
2023,3,Europe,X5,EV,7913,1075450022.26
2023,3,Europe,X7,ICE,3344,161433635.96
2023,3,Europe,i4,Hybrid,3815,303923680.08
2023,3,Europe,iX,ICE,645,49573118.35
2023,3,Europe,i7,EV,8915,1098212386.66
2023,3,Europe,M3,EV,2021,119979394.09
2023,3,Europe,M5,EV,1756,236279969.69
2023,3,Europe,Z4,EV,3471,238374456.38
2023,3,Europe,2 Series,ICE,729,102045852.3
2023,3,Europe,4 Series,EV,7007,305353425.97
2023,3,Europe,1 Series,ICE,8421,437440733.27
2023,3,North America,3 Series,Hybrid,1259,148266062.81
2023,3,North America,5 Series,EV,7716,614467491.68
2023,3,North America,7 Series,ICE,8167,502884378.29
2023,3,North America,X3,EV,7241,447184918.01
2023,3,North America,X5,Hybrid,1329,49124808.07
2023,3,North America,X7,ICE,7628,704422349.7
2023,3,North America,i4,ICE,2122,274438753.68
2023,3,North America,iX,EV,5196,254926881.96
2023,3,North America,i7,Hybrid,5778,696901336.09
2023,3,North America,M3,EV,1538,190095673.27
2023,3,North America,M5,EV,9504,1214855456.15
2023,3,North America,Z4,ICE,6215,619763103.71
2023,3,North America,2 Series,Hybrid,3819,201635236.5
2023,3,North America,4 Series,EV,6103,684856437.34
2023,3,North America,1 Series,EV,2031,160622701.34
2023,3,China,3 Series,ICE,7902,965731189.39
2023,3,China,5 Series,EV,4522,378165466.17
2023,3,China,7 Series,Hybrid,1758,74601878.61
2023,3,China,X3,ICE,4747,617559340.32
2023,3,China,X5,Hybrid,4034,263464819.36
2023,3,China,X7,EV,6545,795567170.4
2023,3,China,i4,Hybrid,6858,317085130.08
2023,3,China,iX,Hybrid,2864,355927664.64
2023,3,China,i7,EV,3795,499656197.19
2023,3,China,M3,Hybrid,3981,446858007.2
2023,3,China,M5,Hybrid,2226,162983358.32
2023,3,China,Z4,EV,4684,380926600.24
2023,3,China,2 Series,ICE,4636,437463891.39
2023,3,China,4 Series,Hybrid,1035,87240398.23
2023,3,China,1 Series,ICE,5167,405007024.63
2023,3,Asia Pacific,3 Series,ICE,5890,788445302.45
2023,3,Asia Pacific,5 Series,EV,3638,356801700.01
2023,3,Asia Pacific,7 Series,EV,5168,263111990.52
2023,3,Asia Pacific,X3,EV,3010,254622817.41
2023,3,Asia Pacific,X5,Hybrid,5411,442296502.1
2023,3,Asia Pacific,X7,EV,963,90961546.69
2023,3,Asia Pacific,i4,EV,4568,282676674.33
2023,3,Asia Pacific,iX,ICE,4161,517642502.56
2023,3,Asia Pacific,i7,ICE,4298,490143829.83
2023,3,Asia Pacific,M3,EV,6980,624992811.12
2023,3,Asia Pacific,M5,EV,7074,983658309.19
2023,3,Asia Pacific,Z4,EV,4928,318338073.85
2023,3,Asia Pacific,2 Series,ICE,2598,311382416.78
2023,3,Asia Pacific,4 Series,Hybrid,1236,114357237.71
2023,3,Asia Pacific,1 Series,EV,5803,432846463.62
2023,3,Middle East & Africa,3 Series,ICE,8012,929498767.96
2023,3,Middle East & Africa,5 Series,ICE,9386,608797330.18
2023,3,Middle East & Africa,7 Series,EV,4903,398519459.39
2023,3,Middle East & Africa,X3,EV,5366,299048111.95
2023,3,Middle East & Africa,X5,EV,2582,134085531.37
2023,3,Middle East & Africa,X7,ICE,7226,639144641.18
2023,3,Middle East & Africa,i4,Hybrid,9296,973997118.02
2023,3,Middle East & Africa,iX,EV,1615,67149615.39
2023,3,Middle East & Africa,i7,ICE,7300,567751112.96
2023,3,Middle East & Africa,M3,ICE,8944,906647155.72
2023,3,Middle East & Africa,M5,ICE,3936,184637822.92
2023,3,Middle East & Africa,Z4,Hybrid,5513,563534042.2
2023,3,Middle East & Africa,2 Series,EV,2152,119911649.87
2023,3,Middle East & Africa,4 Series,Hybrid,6645,243207859.79
2023,3,Middle East & Africa,1 Series,EV,8805,995316762.93
2023,3,Latin America,3 Series,ICE,7822,653644112.76
2023,3,Latin America,5 Series,ICE,1285,175539838.88
2023,3,Latin America,7 Series,EV,2931,129679993.47
2023,3,Latin America,X3,EV,5461,215839643.06
2023,3,Latin America,X5,Hybrid,783,53626581.13
2023,3,Latin America,X7,ICE,2363,207391934.95
2023,3,Latin America,i4,ICE,3244,197059463.46
2023,3,Latin America,iX,ICE,8418,839848393.47
2023,3,Latin America,i7,EV,5440,763374396.72
2023,3,Latin America,M3,ICE,3104,120245238.76
2023,3,Latin America,M5,Hybrid,3567,188949277.32
2023,3,Latin America,Z4,Hybrid,7980,1184740152.91
2023,3,Latin America,2 Series,Hybrid,7663,918704897.87
2023,3,Latin America,4 Series,ICE,5398,804303324.8
2023,3,Latin America,1 Series,Hybrid,6451,344531860.35
2023,4,Europe,3 Series,EV,8438,633078610.68
2023,4,Europe,5 Series,ICE,8321,701979244.61
2023,4,Europe,7 Series,ICE,5095,443492682.23
2023,4,Europe,X3,EV,7985,1071957927.82
2023,4,Europe,X5,EV,3456,202597747.92
2023,4,Europe,X7,Hybrid,7147,732097046.59
2023,4,Europe,i4,ICE,6743,902238246.4
2023,4,Europe,iX,Hybrid,7550,913860485.59
2023,4,Europe,i7,EV,7831,1058510730.31
2023,4,Europe,M3,ICE,5232,613242025.44
2023,4,Europe,M5,ICE,9644,997454943.12
2023,4,Europe,Z4,ICE,7321,568925295.85
2023,4,Europe,2 Series,EV,3879,242020934.13
2023,4,Europe,4 Series,ICE,3179,445362068.47
2023,4,Europe,1 Series,EV,2533,190170115.45
2023,4,North America,3 Series,ICE,2412,349984856.91
2023,4,North America,5 Series,ICE,1115,142834356.72
2023,4,North America,7 Series,EV,8157,1086131520.08
2023,4,North America,X3,ICE,7319,446589571.59
2023,4,North America,X5,Hybrid,4112,466873577.66
2023,4,North America,X7,ICE,8792,817601215.09
2023,4,North America,i4,EV,5778,722754376.84
2023,4,North America,iX,EV,8575,490198726.11
2023,4,North America,i7,ICE,8385,1179775272.46
2023,4,North America,M3,EV,1665,161174361.18
2023,4,North America,M5,Hybrid,8416,1262226970.22
2023,4,North America,Z4,ICE,1993,250511960.98
2023,4,North America,2 Series,EV,1363,138583796.46
2023,4,North America,4 Series,Hybrid,4119,330238793.66
2023,4,North America,1 Series,EV,6780,341699728.06
2023,4,China,3 Series,ICE,1872,172387784.85
2023,4,China,5 Series,ICE,5275,541319375.98
2023,4,China,7 Series,ICE,1370,108438294.6
2023,4,China,X3,EV,8593,392564983.35
2023,4,China,X5,ICE,4807,713301705.84
2023,4,China,X7,ICE,1749,150989304.22
2023,4,China,i4,EV,1574,97105884.35
2023,4,China,iX,Hybrid,5185,344895777.2
2023,4,China,i7,Hybrid,7796,837281521.36
2023,4,China,M3,Hybrid,3932,547162248.86
2023,4,China,M5,EV,9634,470654962.95
2023,4,China,Z4,EV,2509,252592114.88
2023,4,China,2 Series,ICE,8640,1199010489.52
2023,4,China,4 Series,Hybrid,1838,104712632.57
2023,4,China,1 Series,EV,1172,72056020.19
2023,4,Asia Pacific,3 Series,Hybrid,665,43992519.48
2023,4,Asia Pacific,5 Series,EV,1774,192625238.91
2023,4,Asia Pacific,7 Series,ICE,7758,733160815.91
2023,4,Asia Pacific,X3,Hybrid,6349,324183871.81
2023,4,Asia Pacific,X5,Hybrid,1788,214995618.75
2023,4,Asia Pacific,X7,EV,2355,218302879.23
2023,4,Asia Pacific,i4,ICE,8116,1028767330.38
2023,4,Asia Pacific,iX,Hybrid,6335,652065272.51
2023,4,Asia Pacific,i7,EV,638,62150213.24
2023,4,Asia Pacific,M3,Hybrid,4831,381424063.09
2023,4,Asia Pacific,M5,EV,2905,354754749.14
2023,4,Asia Pacific,Z4,EV,5979,274774662.53
2023,4,Asia Pacific,2 Series,EV,1064,94415150.78
2023,4,Asia Pacific,4 Series,Hybrid,3845,256145319.28
2023,4,Asia Pacific,1 Series,EV,4010,502634118.47
2023,4,Middle East & Africa,3 Series,Hybrid,5826,759695065.31
2023,4,Middle East & Africa,5 Series,Hybrid,7847,669215374.75
2023,4,Middle East & Africa,7 Series,EV,1880,102965014.49
2023,4,Middle East & Africa,X3,EV,3133,154810516.82
2023,4,Middle East & Africa,X5,EV,2176,307376197.55
2023,4,Middle East & Africa,X7,EV,7511,899578119.86
2023,4,Middle East & Africa,i4,ICE,6184,611453213.42
2023,4,Middle East & Africa,iX,ICE,8805,1072650886.47
2023,4,Middle East & Africa,i7,Hybrid,4299,478582507.81
2023,4,Middle East & Africa,M3,EV,2395,356180958.6
2023,4,Middle East & Africa,M5,Hybrid,5896,605713617.41
2023,4,Middle East & Africa,Z4,ICE,2457,111605692.54
2023,4,Middle East & Africa,2 Series,EV,7685,1083866917.13
2023,4,Middle East & Africa,4 Series,ICE,6314,652315059.01
2023,4,Middle East & Africa,1 Series,EV,6883,571379348.28
2023,4,Latin America,3 Series,ICE,7313,368966962.71
2023,4,Latin America,5 Series,Hybrid,3510,482847314.47
2023,4,Latin America,7 Series,EV,1246,95381609.33
2023,4,Latin America,X3,ICE,1248,84588988.34
2023,4,Latin America,X5,ICE,7136,311202281.35
2023,4,Latin America,X7,EV,1455,92021747.1
2023,4,Latin America,i4,EV,6071,306366395.9
2023,4,Latin America,iX,ICE,4633,668117222.64
2023,4,Latin America,i7,ICE,7868,317704682.61
2023,4,Latin America,M3,EV,5281,479901139.84
2023,4,Latin America,M5,ICE,4283,204526900.63
2023,4,Latin America,Z4,EV,5098,210612061.15
2023,4,Latin America,2 Series,EV,8307,559548905.34
2023,4,Latin America,4 Series,EV,8446,305636984.22
2023,4,Latin America,1 Series,EV,2816,163290820.43
2023,5,Europe,3 Series,Hybrid,5375,595490874.78
2023,5,Europe,5 Series,EV,6516,964690286.55
2023,5,Europe,7 Series,EV,8144,296682196.4
2023,5,Europe,X3,EV,6265,732650395.31
2023,5,Europe,X5,EV,3223,186952397.57
2023,5,Europe,X7,ICE,3803,490471563.77
2023,5,Europe,i4,ICE,7357,408665666.8
2023,5,Europe,iX,Hybrid,9132,699798022.93
2023,5,Europe,i7,EV,10373,400805445.84
2023,5,Europe,M3,EV,2840,296798727.51
2023,5,Europe,M5,ICE,1124,153088736.23
2023,5,Europe,Z4,EV,5026,372531143.72
2023,5,Europe,2 Series,Hybrid,4345,195318206.0
2023,5,Europe,4 Series,EV,6884,390394036.77
2023,5,Europe,1 Series,ICE,2121,115383481.53
2023,5,North America,3 Series,EV,4737,586071100.49
2023,5,North America,5 Series,ICE,5022,330933966.87
2023,5,North America,7 Series,Hybrid,4183,387400445.36
2023,5,North America,X3,Hybrid,3071,376192531.21
2023,5,North America,X5,ICE,4514,559111940.36
2023,5,North America,X7,Hybrid,2729,334363878.65
2023,5,North America,i4,Hybrid,5472,624599563.83
2023,5,North America,iX,ICE,5575,647821960.64
2023,5,North America,i7,ICE,804,28437065.05
2023,5,North America,M3,Hybrid,6040,646095577.79
2023,5,North America,M5,Hybrid,8767,482656874.72
2023,5,North America,Z4,Hybrid,3115,388522845.5
2023,5,North America,2 Series,EV,9466,964380658.61
2023,5,North America,4 Series,ICE,5228,586976767.36
2023,5,North America,1 Series,ICE,5871,634276221.64
2023,5,China,3 Series,EV,3243,301912648.16
2023,5,China,5 Series,EV,2996,262327331.09
2023,5,China,7 Series,Hybrid,3839,466556779.92
2023,5,China,X3,EV,8680,718689637.6
2023,5,China,X5,EV,8872,1003735567.44
2023,5,China,X7,Hybrid,2828,399683712.48
2023,5,China,i4,EV,7391,818915263.32
2023,5,China,iX,EV,1462,188444181.07
2023,5,China,i7,EV,5490,229911339.08
2023,5,China,M3,Hybrid,6819,899829641.27
2023,5,China,M5,ICE,5409,214824468.45
2023,5,China,Z4,Hybrid,9617,762452645.32
2023,5,China,2 Series,ICE,2821,342986653.4
2023,5,China,4 Series,Hybrid,4307,263621848.73
2023,5,China,1 Series,ICE,3558,366815978.83
2023,5,Asia Pacific,3 Series,ICE,842,91887791.04
2023,5,Asia Pacific,5 Series,EV,883,78733020.18
2023,5,Asia Pacific,7 Series,EV,8591,1222472111.42
2023,5,Asia Pacific,X3,ICE,2354,322740567.44
2023,5,Asia Pacific,X5,Hybrid,6470,803908338.0
2023,5,Asia Pacific,X7,EV,8203,766404678.49
2023,5,Asia Pacific,i4,Hybrid,3563,436081496.04
2023,5,Asia Pacific,iX,EV,9242,735009283.37
2023,5,Asia Pacific,i7,EV,6096,426952816.6
2023,5,Asia Pacific,M3,EV,7472,792484014.49
2023,5,Asia Pacific,M5,EV,7993,647253697.26
2023,5,Asia Pacific,Z4,EV,3970,430083016.71
2023,5,Asia Pacific,2 Series,EV,9274,647404780.12
2023,5,Asia Pacific,4 Series,ICE,7908,690940117.8
2023,5,Asia Pacific,1 Series,ICE,9156,1125953034.08
2023,5,Middle East & Africa,3 Series,EV,6500,737888505.82
2023,5,Middle East & Africa,5 Series,Hybrid,4476,252823223.99
2023,5,Middle East & Africa,7 Series,ICE,1253,67322210.13
2023,5,Middle East & Africa,X3,EV,7964,292322234.97
2023,5,Middle East & Africa,X5,ICE,8730,483561731.49
2023,5,Middle East & Africa,X7,EV,9106,1023368237.97
2023,5,Middle East & Africa,i4,EV,6506,594725672.28
2023,5,Middle East & Africa,iX,EV,4953,723455898.11
2023,5,Middle East & Africa,i7,EV,8818,778804118.4
2023,5,Middle East & Africa,M3,Hybrid,10599,1021719732.06
2023,5,Middle East & Africa,M5,EV,3726,203945598.72
2023,5,Middle East & Africa,Z4,EV,1897,223022283.36
2023,5,Middle East & Africa,2 Series,EV,8186,507188295.37
2023,5,Middle East & Africa,4 Series,EV,7721,1120539053.73
2023,5,Middle East & Africa,1 Series,Hybrid,7062,262825986.51
2023,5,Latin America,3 Series,ICE,8353,1232196126.25
2023,5,Latin America,5 Series,Hybrid,4446,188081722.05
2023,5,Latin America,7 Series,Hybrid,5804,204469419.46
2023,5,Latin America,X3,ICE,6618,961184097.63
2023,5,Latin America,X5,ICE,6749,812494576.75
2023,5,Latin America,X7,ICE,7798,321627745.05
2023,5,Latin America,i4,ICE,9610,1244812080.53
2023,5,Latin America,iX,ICE,7798,644448613.53
2023,5,Latin America,i7,Hybrid,635,49748499.69
2023,5,Latin America,M3,EV,6624,318602773.39
2023,5,Latin America,M5,EV,5901,719300050.86
2023,5,Latin America,Z4,EV,998,109586896.32
2023,5,Latin America,2 Series,ICE,8358,987180138.73
2023,5,Latin America,4 Series,ICE,9299,425082084.7
2023,5,Latin America,1 Series,ICE,5355,257898561.66
2023,6,Europe,3 Series,ICE,7262,598465945.87
2023,6,Europe,5 Series,ICE,5459,318873918.31
2023,6,Europe,7 Series,Hybrid,5210,566178602.34
2023,6,Europe,X3,EV,8061,429840035.15
2023,6,Europe,X5,ICE,2283,188761169.58
2023,6,Europe,X7,ICE,9772,1278042859.01
2023,6,Europe,i4,EV,4046,155657439.47
2023,6,Europe,iX,EV,4649,434118371.0
2023,6,Europe,i7,EV,4374,245568749.59
2023,6,Europe,M3,EV,6423,280396876.73
2023,6,Europe,M5,Hybrid,5277,600647353.57
2023,6,Europe,Z4,EV,10211,1365584929.3
2023,6,Europe,2 Series,ICE,5118,257075326.22
2023,6,Europe,4 Series,EV,5280,194966398.55
2023,6,Europe,1 Series,EV,4521,552023806.36
2023,6,North America,3 Series,ICE,4379,607173830.14
2023,6,North America,5 Series,ICE,3018,384351025.92
2023,6,North America,7 Series,Hybrid,6445,413152876.28
2023,6,North America,X3,EV,7874,714357561.02
2023,6,North America,X5,ICE,2067,249762941.72
2023,6,North America,X7,EV,6434,345282047.99
2023,6,North America,i4,EV,2649,98371267.06
2023,6,North America,iX,ICE,2378,208624020.91
2023,6,North America,i7,ICE,2425,159128293.47
2023,6,North America,M3,Hybrid,9376,1087473815.8
2023,6,North America,M5,ICE,4463,386579797.41
2023,6,North America,Z4,ICE,7600,594128116.68
2023,6,North America,2 Series,ICE,8912,627930153.67
2023,6,North America,4 Series,Hybrid,2923,245137808.14
2023,6,North America,1 Series,Hybrid,1446,186161714.08
2023,6,China,3 Series,EV,9167,1037356165.39
2023,6,China,5 Series,EV,8958,1036386262.54
2023,6,China,7 Series,EV,9459,490828196.97
2023,6,China,X3,Hybrid,7780,1165280013.11
2023,6,China,X5,ICE,3994,466956601.1
2023,6,China,X7,Hybrid,2834,174416899.39
2023,6,China,i4,ICE,4913,513392220.17
2023,6,China,iX,EV,5665,579587991.17
2023,6,China,i7,ICE,6016,775514192.47
2023,6,China,M3,EV,9879,1374012201.64
2023,6,China,M5,ICE,1219,68738744.88
2023,6,China,Z4,Hybrid,2211,181819000.39
2023,6,China,2 Series,EV,687,55501246.71
2023,6,China,4 Series,EV,6323,349952012.15
2023,6,China,1 Series,EV,4424,455012745.45
2023,6,Asia Pacific,3 Series,EV,6761,356621061.52
2023,6,Asia Pacific,5 Series,EV,7004,836360537.64
2023,6,Asia Pacific,7 Series,ICE,3987,476456239.94
2023,6,Asia Pacific,X3,EV,4593,405832891.05
2023,6,Asia Pacific,X5,Hybrid,6088,854645137.58
2023,6,Asia Pacific,X7,Hybrid,3222,207183618.13
2023,6,Asia Pacific,i4,ICE,6385,816386946.15
2023,6,Asia Pacific,iX,EV,8048,584668058.77
2023,6,Asia Pacific,i7,EV,7317,899333340.64
2023,6,Asia Pacific,M3,ICE,1793,68802897.59
2023,6,Asia Pacific,M5,EV,3271,359884304.1
2023,6,Asia Pacific,Z4,EV,5741,297850667.98
2023,6,Asia Pacific,2 Series,EV,8824,1279543207.6
2023,6,Asia Pacific,4 Series,Hybrid,7291,970317725.84
2023,6,Asia Pacific,1 Series,EV,8635,372448713.02
2023,6,Middle East & Africa,3 Series,Hybrid,706,90597909.45
2023,6,Middle East & Africa,5 Series,Hybrid,2306,304428656.89
2023,6,Middle East & Africa,7 Series,Hybrid,946,91872504.03
2023,6,Middle East & Africa,X3,EV,9162,633727370.21
2023,6,Middle East & Africa,X5,EV,7945,401816125.04
2023,6,Middle East & Africa,X7,EV,3955,461087385.43
2023,6,Middle East & Africa,i4,ICE,5245,386744617.13
2023,6,Middle East & Africa,iX,ICE,6876,1026122751.73
2023,6,Middle East & Africa,i7,Hybrid,7625,1094011205.22
2023,6,Middle East & Africa,M3,EV,6532,916230414.02
2023,6,Middle East & Africa,M5,EV,9336,1315815405.78
2023,6,Middle East & Africa,Z4,EV,968,129315360.19
2023,6,Middle East & Africa,2 Series,Hybrid,2073,92860309.21
2023,6,Middle East & Africa,4 Series,EV,3114,109984884.54
2023,6,Middle East & Africa,1 Series,EV,4158,397139359.38
2023,6,Latin America,3 Series,EV,4859,597245672.68
2023,6,Latin America,5 Series,EV,7710,527315149.5
2023,6,Latin America,7 Series,EV,3413,488155584.46
2023,6,Latin America,X3,Hybrid,1878,134405796.49
2023,6,Latin America,X5,EV,6515,722870245.54
2023,6,Latin America,X7,Hybrid,4116,168593119.29
2023,6,Latin America,i4,Hybrid,2620,113777632.86
2023,6,Latin America,iX,EV,3594,298984957.0
2023,6,Latin America,i7,EV,8418,1229783858.64
2023,6,Latin America,M3,ICE,4201,506574422.62
2023,6,Latin America,M5,EV,6873,397271325.33
2023,6,Latin America,Z4,Hybrid,2637,149876241.73
2023,6,Latin America,2 Series,EV,8124,1215149293.21
2023,6,Latin America,4 Series,ICE,4741,497934796.52
2023,6,Latin America,1 Series,EV,5355,460809090.44
2023,7,Europe,3 Series,EV,5117,634833899.89
2023,7,Europe,5 Series,Hybrid,1377,188316211.51
2023,7,Europe,7 Series,EV,5110,223638531.26
2023,7,Europe,X3,EV,1393,149657815.61
2023,7,Europe,X5,EV,7468,932332069.05
2023,7,Europe,X7,Hybrid,5611,816493448.72
2023,7,Europe,i4,ICE,6027,265323938.89
2023,7,Europe,iX,Hybrid,2786,109377054.54
2023,7,Europe,i7,EV,6536,611257181.7
2023,7,Europe,M3,Hybrid,6313,750147099.3
2023,7,Europe,M5,EV,4125,358741139.27
2023,7,Europe,Z4,ICE,8723,976486131.83
2023,7,Europe,2 Series,ICE,6466,522535193.42
2023,7,Europe,4 Series,EV,8613,351552677.04
2023,7,Europe,1 Series,ICE,3311,420938454.91
2023,7,North America,3 Series,EV,4101,198822269.33
2023,7,North America,5 Series,ICE,876,55708454.24
2023,7,North America,7 Series,EV,7684,426417995.18
2023,7,North America,X3,EV,874,89746803.92
2023,7,North America,X5,Hybrid,2320,278209287.21
2023,7,North America,X7,ICE,5468,707495162.14
2023,7,North America,i4,EV,8150,874163569.7
2023,7,North America,iX,EV,838,80808753.27
2023,7,North America,i7,ICE,4252,446159201.24
2023,7,North America,M3,Hybrid,9180,1051896325.88
2023,7,North America,M5,EV,2871,338987912.29
2023,7,North America,Z4,Hybrid,4271,176741598.29
2023,7,North America,2 Series,ICE,4944,656318390.1
2023,7,North America,4 Series,Hybrid,6144,753500270.16
2023,7,North America,1 Series,EV,4773,562168422.26
2023,7,China,3 Series,EV,6005,239565954.8
2023,7,China,5 Series,ICE,7671,797329862.68
2023,7,China,7 Series,EV,6417,831433650.27
2023,7,China,X3,EV,3681,162217945.95
2023,7,China,X5,ICE,9940,1274676180.98
2023,7,China,X7,Hybrid,1481,98786937.08
2023,7,China,i4,Hybrid,1020,129580174.75
2023,7,China,iX,ICE,6396,660770465.3
2023,7,China,i7,Hybrid,3934,499039090.39
2023,7,China,M3,EV,1970,139982361.74
2023,7,China,M5,EV,5456,489652054.98
2023,7,China,Z4,EV,4391,303288900.78
2023,7,China,2 Series,EV,7438,715235082.12
2023,7,China,4 Series,EV,7451,809669099.84
2023,7,China,1 Series,ICE,5273,359970189.78
2023,7,Asia Pacific,3 Series,EV,8943,661605159.0
2023,7,Asia Pacific,5 Series,ICE,3211,405091088.25
2023,7,Asia Pacific,7 Series,EV,4187,342731890.81
2023,7,Asia Pacific,X3,ICE,7997,625618077.28
2023,7,Asia Pacific,X5,ICE,3224,163955901.08
2023,7,Asia Pacific,X7,Hybrid,7940,292914906.26
2023,7,Asia Pacific,i4,Hybrid,8710,754014254.42
2023,7,Asia Pacific,iX,ICE,4434,179879173.33
2023,7,Asia Pacific,i7,EV,1079,42918244.64
2023,7,Asia Pacific,M3,Hybrid,5266,408962435.26
2023,7,Asia Pacific,M5,ICE,6381,287712608.37
2023,7,Asia Pacific,Z4,EV,3484,371889460.14
2023,7,Asia Pacific,2 Series,EV,770,78897119.18
2023,7,Asia Pacific,4 Series,EV,1975,237374641.74
2023,7,Asia Pacific,1 Series,EV,1938,73024092.38
2023,7,Middle East & Africa,3 Series,ICE,2254,277805831.38
2023,7,Middle East & Africa,5 Series,Hybrid,4319,496914286.2
2023,7,Middle East & Africa,7 Series,Hybrid,8153,894104738.89
2023,7,Middle East & Africa,X3,ICE,3946,420948678.2
2023,7,Middle East & Africa,X5,Hybrid,928,135679102.3
2023,7,Middle East & Africa,X7,Hybrid,9571,1363495639.03
2023,7,Middle East & Africa,i4,EV,3377,499358614.32
2023,7,Middle East & Africa,iX,EV,1724,117008652.19
2023,7,Middle East & Africa,i7,EV,6188,419614645.41
2023,7,Middle East & Africa,M3,Hybrid,5072,502662402.55
2023,7,Middle East & Africa,M5,EV,1884,194905340.83
2023,7,Middle East & Africa,Z4,Hybrid,4073,275295113.04
2023,7,Middle East & Africa,2 Series,EV,3603,291071039.48
2023,7,Middle East & Africa,4 Series,Hybrid,8364,1056651104.71
2023,7,Middle East & Africa,1 Series,Hybrid,1808,166209042.09
2023,7,Latin America,3 Series,Hybrid,4466,276866904.21
2023,7,Latin America,5 Series,EV,1732,228002198.77
2023,7,Latin America,7 Series,Hybrid,4199,152028050.73
2023,7,Latin America,X3,Hybrid,6298,525781777.51
2023,7,Latin America,X5,EV,687,51959004.3
2023,7,Latin America,X7,EV,4201,160162751.38
2023,7,Latin America,i4,Hybrid,2671,114326620.35
2023,7,Latin America,iX,ICE,7995,362725996.21
2023,7,Latin America,i7,Hybrid,1452,59831674.93
2023,7,Latin America,M3,Hybrid,5541,276102949.19
2023,7,Latin America,M5,ICE,1239,127535252.02
2023,7,Latin America,Z4,Hybrid,5812,677739336.44
2023,7,Latin America,2 Series,EV,8272,492898106.27
2023,7,Latin America,4 Series,EV,3925,583114119.88
2023,7,Latin America,1 Series,Hybrid,1082,95137042.05
2023,8,Europe,3 Series,EV,7005,763148272.15
2023,8,Europe,5 Series,Hybrid,6307,536054832.77
2023,8,Europe,7 Series,EV,3860,314708924.49
2023,8,Europe,X3,ICE,3737,183678648.92
2023,8,Europe,X5,ICE,8850,927802316.86
2023,8,Europe,X7,ICE,7298,587770910.49
2023,8,Europe,i4,EV,4477,182013523.98
2023,8,Europe,iX,ICE,3355,385212617.4
2023,8,Europe,i7,EV,8966,872723556.71
2023,8,Europe,M3,ICE,707,32896768.42
2023,8,Europe,M5,ICE,872,73889761.21
2023,8,Europe,Z4,ICE,2679,138023400.52
2023,8,Europe,2 Series,EV,7427,931385962.88
2023,8,Europe,4 Series,ICE,6925,564805344.36
2023,8,Europe,1 Series,ICE,2652,373877179.56
2023,8,North America,3 Series,Hybrid,7420,596568414.14
2023,8,North America,5 Series,EV,4964,664374891.68
2023,8,North America,7 Series,EV,2875,257142134.72
2023,8,North America,X3,ICE,6926,816623576.57
2023,8,North America,X5,EV,6376,323365078.43
2023,8,North America,X7,EV,827,52850800.83
2023,8,North America,i4,EV,1217,69032341.43
2023,8,North America,iX,EV,2331,160217868.54
2023,8,North America,i7,ICE,3513,151477901.86
2023,8,North America,M3,EV,2268,81751581.85
2023,8,North America,M5,EV,4165,558659923.91
2023,8,North America,Z4,Hybrid,3395,168345620.59
2023,8,North America,2 Series,Hybrid,10614,766488496.22
2023,8,North America,4 Series,EV,6790,395178295.63
2023,8,North America,1 Series,EV,1607,188680144.42
2023,8,China,3 Series,Hybrid,3806,226632343.29
2023,8,China,5 Series,ICE,8733,1302814697.9
2023,8,China,7 Series,EV,2294,210285842.7
2023,8,China,X3,Hybrid,2542,111021105.72
2023,8,China,X5,EV,5855,227663126.46
2023,8,China,X7,Hybrid,3739,143023750.66
2023,8,China,i4,EV,587,44948477.66
2023,8,China,iX,ICE,7457,787844783.16
2023,8,China,i7,ICE,5959,301264903.81
2023,8,China,M3,ICE,8383,910695721.37
2023,8,China,M5,EV,3725,187038912.49
2023,8,China,Z4,Hybrid,815,109929113.28
2023,8,China,2 Series,Hybrid,7788,422152549.42
2023,8,China,4 Series,Hybrid,1890,267416909.49
2023,8,China,1 Series,EV,5222,191053350.65
2023,8,Asia Pacific,3 Series,ICE,7366,939590601.89
2023,8,Asia Pacific,5 Series,EV,4245,536117748.29
2023,8,Asia Pacific,7 Series,EV,10335,673560860.31
2023,8,Asia Pacific,X3,Hybrid,1226,106047670.47
2023,8,Asia Pacific,X5,Hybrid,5569,328679954.17
2023,8,Asia Pacific,X7,Hybrid,3067,353879734.89
2023,8,Asia Pacific,i4,EV,5694,748441727.59
2023,8,Asia Pacific,iX,EV,9981,1255642224.41
2023,8,Asia Pacific,i7,ICE,10076,847730885.81
2023,8,Asia Pacific,M3,EV,7346,944657210.74
2023,8,Asia Pacific,M5,ICE,3453,438704013.1
2023,8,Asia Pacific,Z4,ICE,8514,1152159002.42
2023,8,Asia Pacific,2 Series,ICE,1682,101894970.31
2023,8,Asia Pacific,4 Series,EV,9100,455342741.39
2023,8,Asia Pacific,1 Series,ICE,6115,871231212.74
2023,8,Middle East & Africa,3 Series,Hybrid,6254,842462290.9
2023,8,Middle East & Africa,5 Series,ICE,6301,896445455.88
2023,8,Middle East & Africa,7 Series,ICE,665,28875586.16
2023,8,Middle East & Africa,X3,EV,5190,771164859.34
2023,8,Middle East & Africa,X5,EV,2151,277288312.37
2023,8,Middle East & Africa,X7,EV,8292,1185676272.52
2023,8,Middle East & Africa,i4,Hybrid,9576,1036622282.28
2023,8,Middle East & Africa,iX,Hybrid,7555,702326457.16
2023,8,Middle East & Africa,i7,Hybrid,8957,829745145.23
2023,8,Middle East & Africa,M3,ICE,1727,164883344.21
2023,8,Middle East & Africa,M5,Hybrid,4757,526054821.52
2023,8,Middle East & Africa,Z4,EV,3077,292462704.02
2023,8,Middle East & Africa,2 Series,Hybrid,1522,88263487.53
2023,8,Middle East & Africa,4 Series,EV,6479,525405537.36
2023,8,Middle East & Africa,1 Series,Hybrid,6407,940763199.75
2023,8,Latin America,3 Series,EV,3918,443268950.72
2023,8,Latin America,5 Series,Hybrid,7246,478047935.65
2023,8,Latin America,7 Series,EV,4063,459123618.35
2023,8,Latin America,X3,ICE,692,92506011.07
2023,8,Latin America,X5,Hybrid,2511,122343384.61
2023,8,Latin America,X7,EV,1205,61673732.26
2023,8,Latin America,i4,ICE,4122,191178327.86
2023,8,Latin America,iX,Hybrid,9026,782609600.76
2023,8,Latin America,i7,Hybrid,3188,355569163.57
2023,8,Latin America,M3,Hybrid,4317,524234489.17
2023,8,Latin America,M5,Hybrid,5249,782036833.55
2023,8,Latin America,Z4,ICE,5132,182996342.32
2023,8,Latin America,2 Series,ICE,5670,538180775.92
2023,8,Latin America,4 Series,EV,8612,432934952.37
2023,8,Latin America,1 Series,EV,3671,290011458.14
2023,9,Europe,3 Series,ICE,1503,206743696.46
2023,9,Europe,5 Series,EV,2815,264366779.02
2023,9,Europe,7 Series,EV,3075,391117495.12
2023,9,Europe,X3,EV,2600,363732653.82
2023,9,Europe,X5,EV,769,47554066.7
2023,9,Europe,X7,Hybrid,5697,677782474.49
2023,9,Europe,i4,Hybrid,2940,118311229.88
2023,9,Europe,iX,EV,9495,500353599.41
2023,9,Europe,i7,ICE,6766,371698492.34
2023,9,Europe,M3,EV,4095,397886967.38
2023,9,Europe,M5,EV,2466,258935012.45
2023,9,Europe,Z4,EV,7085,467243027.2
2023,9,Europe,2 Series,EV,6767,733316479.42
2023,9,Europe,4 Series,EV,5402,728301722.08
2023,9,Europe,1 Series,EV,9579,871713393.79
2023,9,North America,3 Series,EV,4387,433665687.03
2023,9,North America,5 Series,ICE,4048,267510894.13
2023,9,North America,7 Series,ICE,4109,363089524.24
2023,9,North America,X3,Hybrid,7919,906723000.16
2023,9,North America,X5,ICE,6271,229697220.52
2023,9,North America,X7,Hybrid,7132,432333150.39
2023,9,North America,i4,ICE,860,87904872.43
2023,9,North America,iX,EV,5310,587572875.26
2023,9,North America,i7,Hybrid,2379,151927901.58
2023,9,North America,M3,ICE,9878,396047880.35
2023,9,North America,M5,ICE,1430,137281873.68
2023,9,North America,Z4,EV,1892,127222180.31
2023,9,North America,2 Series,EV,765,101059684.55
2023,9,North America,4 Series,ICE,2548,307216703.85
2023,9,North America,1 Series,EV,4950,421890642.21
2023,9,China,3 Series,Hybrid,4667,224356973.95
2023,9,China,5 Series,Hybrid,6211,744379772.59
2023,9,China,7 Series,EV,7391,393801307.85
2023,9,China,X3,ICE,6096,303889811.26
2023,9,China,X5,EV,8627,1168838356.07
2023,9,China,X7,EV,9454,446157300.64
2023,9,China,i4,Hybrid,3115,187756800.55
2023,9,China,iX,EV,4255,463475359.02
2023,9,China,i7,EV,4536,553507943.74
2023,9,China,M3,ICE,5128,351994064.76
2023,9,China,M5,Hybrid,1706,146710959.37
2023,9,China,Z4,EV,4267,563217562.46
2023,9,China,2 Series,ICE,7630,342907100.49
2023,9,China,4 Series,ICE,8644,1190755005.47
2023,9,China,1 Series,EV,5260,274581769.19
2023,9,Asia Pacific,3 Series,EV,9037,692311821.06
2023,9,Asia Pacific,5 Series,Hybrid,3592,352401519.74
2023,9,Asia Pacific,7 Series,EV,5237,325166141.54
2023,9,Asia Pacific,X3,Hybrid,1878,168047339.45
2023,9,Asia Pacific,X5,Hybrid,6157,234594692.72
2023,9,Asia Pacific,X7,ICE,2127,240607538.75
2023,9,Asia Pacific,i4,EV,1002,126859456.66
2023,9,Asia Pacific,iX,EV,4009,542762179.46
2023,9,Asia Pacific,i7,EV,7003,289905391.08
2023,9,Asia Pacific,M3,EV,3617,536073885.82
2023,9,Asia Pacific,M5,EV,7061,756365769.41
2023,9,Asia Pacific,Z4,Hybrid,5224,304508946.89
2023,9,Asia Pacific,2 Series,Hybrid,9464,924010992.38
2023,9,Asia Pacific,4 Series,EV,1074,130092439.81
2023,9,Asia Pacific,1 Series,Hybrid,1205,51154932.1
2023,9,Middle East & Africa,3 Series,Hybrid,1186,82767967.53
2023,9,Middle East & Africa,5 Series,Hybrid,7013,751278595.49
2023,9,Middle East & Africa,7 Series,ICE,8835,822854038.23
2023,9,Middle East & Africa,X3,EV,4846,462256145.62
2023,9,Middle East & Africa,X5,EV,801,64751456.8
2023,9,Middle East & Africa,X7,ICE,6273,298024154.29
2023,9,Middle East & Africa,i4,ICE,7296,760988359.73
2023,9,Middle East & Africa,iX,EV,4110,402475590.03
2023,9,Middle East & Africa,i7,EV,1443,144607834.99
2023,9,Middle East & Africa,M3,EV,5946,787508879.2
2023,9,Middle East & Africa,M5,EV,1570,79110316.47
2023,9,Middle East & Africa,Z4,EV,7549,270329135.46
2023,9,Middle East & Africa,2 Series,Hybrid,8127,1187015516.91
2023,9,Middle East & Africa,4 Series,ICE,1564,160162490.53
2023,9,Middle East & Africa,1 Series,ICE,7531,744109858.61
2023,9,Latin America,3 Series,Hybrid,7209,437939006.22
2023,9,Latin America,5 Series,EV,5855,776939738.54
2023,9,Latin America,7 Series,EV,7231,1019222657.15
2023,9,Latin America,X3,ICE,3285,300398226.96
2023,9,Latin America,X5,Hybrid,6494,614559080.64
2023,9,Latin America,X7,EV,3163,180183539.79
2023,9,Latin America,i4,Hybrid,4378,398338523.59
2023,9,Latin America,iX,ICE,1703,224088232.05
2023,9,Latin America,i7,EV,8596,620064117.38
2023,9,Latin America,M3,Hybrid,1064,131167420.83
2023,9,Latin America,M5,Hybrid,8387,416016275.04
2023,9,Latin America,Z4,ICE,5459,615134935.03
2023,9,Latin America,2 Series,EV,5356,693866159.23
2023,9,Latin America,4 Series,ICE,3537,330874307.54
2023,9,Latin America,1 Series,ICE,1286,90644236.11
2023,10,Europe,3 Series,Hybrid,1147,132684364.03
2023,10,Europe,5 Series,EV,3167,399761105.67
2023,10,Europe,7 Series,EV,2486,370178376.65
2023,10,Europe,X3,ICE,7193,929339784.99
2023,10,Europe,X5,EV,5822,228860293.68
2023,10,Europe,X7,EV,10094,1070566307.21
2023,10,Europe,i4,Hybrid,10066,621010675.83
2023,10,Europe,iX,EV,9096,597662725.81
2023,10,Europe,i7,Hybrid,3264,480713992.95
2023,10,Europe,M3,EV,3069,376098264.05
2023,10,Europe,M5,ICE,8032,1071997703.4
2023,10,Europe,Z4,EV,7576,641541260.66
2023,10,Europe,2 Series,EV,6327,380521128.74
2023,10,Europe,4 Series,Hybrid,6588,320755880.13
2023,10,Europe,1 Series,EV,5313,617573156.98
2023,10,North America,3 Series,ICE,10029,520903714.52
2023,10,North America,5 Series,Hybrid,1629,237181048.27
2023,10,North America,7 Series,EV,2787,141359686.31
2023,10,North America,X3,EV,3915,552027394.01
2023,10,North America,X5,EV,6334,820184809.48
2023,10,North America,X7,ICE,3186,424603604.95
2023,10,North America,i4,EV,1293,138461308.81
2023,10,North America,iX,ICE,3095,392031739.26
2023,10,North America,i7,ICE,5718,397329396.52
2023,10,North America,M3,EV,8857,569327373.61
2023,10,North America,M5,ICE,1732,186539506.42
2023,10,North America,Z4,Hybrid,3512,495126968.66
2023,10,North America,2 Series,Hybrid,8732,1238591394.35
2023,10,North America,4 Series,ICE,1207,88976494.37
2023,10,North America,1 Series,EV,8634,812168716.86
2023,10,China,3 Series,ICE,6228,680321805.45
2023,10,China,5 Series,EV,10527,644374058.01
2023,10,China,7 Series,EV,8335,751349926.8
2023,10,China,X3,EV,1235,79462045.46
2023,10,China,X5,EV,7397,641475800.42
2023,10,China,X7,ICE,1904,224064698.83
2023,10,China,i4,ICE,4339,469679484.18
2023,10,China,iX,ICE,2752,105394051.17
2023,10,China,i7,ICE,9283,1359617034.38
2023,10,China,M3,EV,6606,675736931.17
2023,10,China,M5,EV,2205,303032147.57
2023,10,China,Z4,Hybrid,4996,519459432.66
2023,10,China,2 Series,Hybrid,4582,662295327.38
2023,10,China,4 Series,ICE,3907,547980659.62
2023,10,China,1 Series,ICE,9540,369085775.65
2023,10,Asia Pacific,3 Series,EV,8018,907683124.86
2023,10,Asia Pacific,5 Series,EV,3332,325153397.69
2023,10,Asia Pacific,7 Series,ICE,2801,411114440.72
2023,10,Asia Pacific,X3,EV,9173,698795413.67
2023,10,Asia Pacific,X5,EV,1511,131485772.75
2023,10,Asia Pacific,X7,ICE,2141,142909588.62
2023,10,Asia Pacific,i4,Hybrid,3126,331136745.44
2023,10,Asia Pacific,iX,ICE,8974,378763086.75
2023,10,Asia Pacific,i7,Hybrid,4944,419954804.29
2023,10,Asia Pacific,M3,Hybrid,9843,1265405782.47
2023,10,Asia Pacific,M5,ICE,4094,497154516.95
2023,10,Asia Pacific,Z4,Hybrid,1273,159079046.23
2023,10,Asia Pacific,2 Series,Hybrid,9830,1354251661.21
2023,10,Asia Pacific,4 Series,EV,4183,222386407.2
2023,10,Asia Pacific,1 Series,ICE,7224,959657137.45
2023,10,Middle East & Africa,3 Series,ICE,1434,57607849.15
2023,10,Middle East & Africa,5 Series,ICE,10096,1420641585.36
2023,10,Middle East & Africa,7 Series,Hybrid,697,83946245.51
2023,10,Middle East & Africa,X3,Hybrid,1293,190793165.9
2023,10,Middle East & Africa,X5,EV,9255,1153553089.22
2023,10,Middle East & Africa,X7,EV,3405,275542721.07
2023,10,Middle East & Africa,i4,ICE,6442,394893240.71
2023,10,Middle East & Africa,iX,ICE,5540,803414888.92
2023,10,Middle East & Africa,i7,ICE,3917,466474485.58
2023,10,Middle East & Africa,M3,EV,4473,306969608.86
2023,10,Middle East & Africa,M5,EV,1989,95795255.03
2023,10,Middle East & Africa,Z4,EV,6315,596525897.65
2023,10,Middle East & Africa,2 Series,EV,3448,173818868.71
2023,10,Middle East & Africa,4 Series,EV,3026,218043047.91
2023,10,Middle East & Africa,1 Series,ICE,5676,476026118.49
2023,10,Latin America,3 Series,Hybrid,1163,148288296.15
2023,10,Latin America,5 Series,Hybrid,1068,122949953.55
2023,10,Latin America,7 Series,Hybrid,2680,157329397.6
2023,10,Latin America,X3,ICE,1669,106431500.81
2023,10,Latin America,X5,Hybrid,5729,616442367.71
2023,10,Latin America,X7,EV,742,72773789.99
2023,10,Latin America,i4,Hybrid,1379,154737065.32
2023,10,Latin America,iX,EV,3674,183040518.65
2023,10,Latin America,i7,EV,7857,855361765.48
2023,10,Latin America,M3,EV,566,47656397.13
2023,10,Latin America,M5,EV,2382,304879543.19
2023,10,Latin America,Z4,ICE,2931,353039793.15
2023,10,Latin America,2 Series,ICE,822,47225817.34
2023,10,Latin America,4 Series,ICE,5442,400273644.8
2023,10,Latin America,1 Series,EV,4293,159569487.66
2023,11,Europe,3 Series,Hybrid,7975,543538217.32
2023,11,Europe,5 Series,ICE,3690,140738360.64
2023,11,Europe,7 Series,Hybrid,864,37730538.49
2023,11,Europe,X3,Hybrid,6493,241511881.38
2023,11,Europe,X5,EV,4463,284438631.78
2023,11,Europe,X7,EV,5192,262733871.95
2023,11,Europe,i4,ICE,853,61197933.46
2023,11,Europe,iX,EV,5782,644441550.39
2023,11,Europe,i7,ICE,3924,149763772.96
2023,11,Europe,M3,EV,8090,326278308.66
2023,11,Europe,M5,ICE,7463,719666677.42
2023,11,Europe,Z4,ICE,5635,344861246.19
2023,11,Europe,2 Series,ICE,2394,346809296.7
2023,11,Europe,4 Series,ICE,2478,295595173.01
2023,11,Europe,1 Series,ICE,9573,1082865353.49
2023,11,North America,3 Series,Hybrid,2595,240215749.59
2023,11,North America,5 Series,ICE,8074,693658493.66
2023,11,North America,7 Series,EV,2166,203343788.06
2023,11,North America,X3,Hybrid,2967,122443663.51
2023,11,North America,X5,EV,3846,466484157.58
2023,11,North America,X7,EV,5419,729947454.19
2023,11,North America,i4,ICE,7235,783205155.48
2023,11,North America,iX,Hybrid,6665,411138085.41
2023,11,North America,i7,Hybrid,7374,841824349.85
2023,11,North America,M3,EV,4425,324083888.11
2023,11,North America,M5,EV,3219,444804405.93
2023,11,North America,Z4,EV,4537,613941422.54
2023,11,North America,2 Series,Hybrid,7385,612188790.28
2023,11,North America,4 Series,ICE,5617,435258521.77
2023,11,North America,1 Series,ICE,9127,708712095.31
2023,11,China,3 Series,ICE,5283,761448331.78
2023,11,China,5 Series,EV,4397,314582419.11
2023,11,China,7 Series,ICE,2688,310075161.57
2023,11,China,X3,EV,4178,450747256.89
2023,11,China,X5,EV,6604,799168740.01
2023,11,China,X7,ICE,2835,329748829.87
2023,11,China,i4,EV,6031,315629205.41
2023,11,China,iX,ICE,4716,512674793.66
2023,11,China,i7,EV,8268,1193516754.44
2023,11,China,M3,EV,6621,478419427.3
2023,11,China,M5,ICE,6703,657435654.41
2023,11,China,Z4,Hybrid,4512,457703517.96
2023,11,China,2 Series,Hybrid,1552,150413615.23
2023,11,China,4 Series,ICE,5341,332113449.51
2023,11,China,1 Series,EV,9947,1248773182.77
2023,11,Asia Pacific,3 Series,ICE,1488,90514133.33
2023,11,Asia Pacific,5 Series,EV,1277,176414714.3
2023,11,Asia Pacific,7 Series,Hybrid,2656,119956159.97
2023,11,Asia Pacific,X3,ICE,5906,528635059.08
2023,11,Asia Pacific,X5,Hybrid,5484,680711299.92
2023,11,Asia Pacific,X7,EV,1450,153058559.8
2023,11,Asia Pacific,i4,EV,6654,247504735.35
2023,11,Asia Pacific,iX,EV,4655,470116345.4
2023,11,Asia Pacific,i7,ICE,2019,163128471.88
2023,11,Asia Pacific,M3,ICE,7739,959055584.14
2023,11,Asia Pacific,M5,Hybrid,3912,514067281.08
2023,11,Asia Pacific,Z4,EV,9063,722221839.85
2023,11,Asia Pacific,2 Series,EV,4234,248062456.27
2023,11,Asia Pacific,4 Series,EV,5843,297700161.27
2023,11,Asia Pacific,1 Series,EV,9752,1048535570.68
2023,11,Middle East & Africa,3 Series,Hybrid,2644,266662220.62
2023,11,Middle East & Africa,5 Series,Hybrid,6386,713913292.31
2023,11,Middle East & Africa,7 Series,ICE,4901,387550428.13
2023,11,Middle East & Africa,X3,ICE,4595,377478202.63
2023,11,Middle East & Africa,X5,EV,832,114180169.68
2023,11,Middle East & Africa,X7,ICE,3562,170113348.98
2023,11,Middle East & Africa,i4,ICE,3994,300504566.69
2023,11,Middle East & Africa,iX,EV,785,97534778.81
2023,11,Middle East & Africa,i7,ICE,6142,628244516.49
2023,11,Middle East & Africa,M3,EV,1292,79634665.41
2023,11,Middle East & Africa,M5,EV,2700,301256842.8
2023,11,Middle East & Africa,Z4,EV,7585,1100239958.79
2023,11,Middle East & Africa,2 Series,ICE,7570,304638787.06
2023,11,Middle East & Africa,4 Series,EV,8839,399436658.67
2023,11,Middle East & Africa,1 Series,ICE,1416,129941700.41
2023,11,Latin America,3 Series,ICE,1489,207717908.28
2023,11,Latin America,5 Series,ICE,3980,268795126.76
2023,11,Latin America,7 Series,EV,6662,296787886.24
2023,11,Latin America,X3,ICE,8518,1178722766.8
2023,11,Latin America,X5,ICE,8459,811287775.08
2023,11,Latin America,X7,EV,5115,723621123.88
2023,11,Latin America,i4,Hybrid,6692,809857935.48
2023,11,Latin America,iX,ICE,6873,435346111.86
2023,11,Latin America,i7,ICE,9513,615005464.27
2023,11,Latin America,M3,EV,3645,237035481.25
2023,11,Latin America,M5,ICE,1101,63539154.86
2023,11,Latin America,Z4,Hybrid,7394,1095809545.48
2023,11,Latin America,2 Series,ICE,9800,1009821435.42
2023,11,Latin America,4 Series,ICE,5767,254793616.66
2023,11,Latin America,1 Series,EV,1711,233777971.59
2023,12,Europe,3 Series,EV,1610,81388128.91
2023,12,Europe,5 Series,EV,6617,936408893.51
2023,12,Europe,7 Series,EV,1834,162037570.77
2023,12,Europe,X3,EV,2444,231903267.56
2023,12,Europe,X5,EV,1390,67709091.08
2023,12,Europe,X7,EV,5564,386105458.81
2023,12,Europe,i4,ICE,5944,259363679.97
2023,12,Europe,iX,EV,3010,270268619.0
2023,12,Europe,i7,Hybrid,5263,704828455.28
2023,12,Europe,M3,ICE,1219,153217417.2
2023,12,Europe,M5,ICE,6861,725115852.55
2023,12,Europe,Z4,ICE,3916,397174287.97
2023,12,Europe,2 Series,ICE,3159,153785160.58
2023,12,Europe,4 Series,ICE,956,59567297.16
2023,12,Europe,1 Series,EV,2625,215934951.44
2023,12,North America,3 Series,EV,6547,279159955.98
2023,12,North America,5 Series,Hybrid,8268,448376782.93
2023,12,North America,7 Series,Hybrid,8361,1003765402.46
2023,12,North America,X3,EV,563,43225831.83
2023,12,North America,X5,Hybrid,7620,886758233.24
2023,12,North America,X7,EV,6801,453834008.97
2023,12,North America,i4,Hybrid,9206,735550882.3
2023,12,North America,iX,ICE,6952,721316533.42
2023,12,North America,i7,EV,870,89564249.85
2023,12,North America,M3,EV,7470,649240376.94
2023,12,North America,M5,EV,4218,324225392.75
2023,12,North America,Z4,Hybrid,8489,1264098210.67
2023,12,North America,2 Series,Hybrid,6922,366500278.94
2023,12,North America,4 Series,Hybrid,8384,684015057.93
2023,12,North America,1 Series,ICE,4769,428195434.13
2023,12,China,3 Series,EV,1341,200985750.15
2023,12,China,5 Series,EV,1836,65335471.46
2023,12,China,7 Series,EV,5812,845745474.24
2023,12,China,X3,EV,2798,323308548.49
2023,12,China,X5,Hybrid,7694,273845095.09
2023,12,China,X7,EV,8399,816987264.92
2023,12,China,i4,ICE,3671,467993033.62
2023,12,China,iX,ICE,1949,69942559.48
2023,12,China,i7,Hybrid,2489,118978873.5
2023,12,China,M3,Hybrid,8727,445956716.15
2023,12,China,M5,ICE,1891,187109978.59
2023,12,China,Z4,ICE,5543,402285153.85
2023,12,China,2 Series,ICE,2403,251568878.75
2023,12,China,4 Series,EV,799,36443177.11
2023,12,China,1 Series,EV,5697,595986231.58
2023,12,Asia Pacific,3 Series,ICE,4681,218624617.87
2023,12,Asia Pacific,5 Series,ICE,2904,111559030.77
2023,12,Asia Pacific,7 Series,EV,7830,561009387.1
2023,12,Asia Pacific,X3,EV,5484,295829873.71
2023,12,Asia Pacific,X5,EV,5828,757341804.34
2023,12,Asia Pacific,X7,EV,4634,503016107.39
2023,12,Asia Pacific,i4,EV,4604,455797485.49
2023,12,Asia Pacific,iX,ICE,7990,500416657.38
2023,12,Asia Pacific,i7,ICE,5198,225440433.94
2023,12,Asia Pacific,M3,EV,1654,230987475.0
2023,12,Asia Pacific,M5,EV,3590,157522555.26
2023,12,Asia Pacific,Z4,Hybrid,7308,896274557.7
2023,12,Asia Pacific,2 Series,EV,1705,111171552.49
2023,12,Asia Pacific,4 Series,Hybrid,4976,338871868.58
2023,12,Asia Pacific,1 Series,EV,1889,104193292.11
2023,12,Middle East & Africa,3 Series,EV,7326,770533758.37
2023,12,Middle East & Africa,5 Series,ICE,2959,272932290.12
2023,12,Middle East & Africa,7 Series,EV,7279,275639795.22
2023,12,Middle East & Africa,X3,EV,5242,649523242.95
2023,12,Middle East & Africa,X5,EV,1448,160691989.62
2023,12,Middle East & Africa,X7,EV,7558,1073869007.27
2023,12,Middle East & Africa,i4,EV,9158,948494525.84
2023,12,Middle East & Africa,iX,ICE,8242,594773482.65
2023,12,Middle East & Africa,i7,Hybrid,5832,601401647.31
2023,12,Middle East & Africa,M3,Hybrid,7174,877734993.9
2023,12,Middle East & Africa,M5,ICE,9951,1302817670.44
2023,12,Middle East & Africa,Z4,EV,4905,199223825.6
2023,12,Middle East & Africa,2 Series,ICE,8572,899114872.92
2023,12,Middle East & Africa,4 Series,Hybrid,722,85706518.03
2023,12,Middle East & Africa,1 Series,Hybrid,4683,289670456.6
2023,12,Latin America,3 Series,EV,4189,167441023.91
2023,12,Latin America,5 Series,Hybrid,1985,90757859.16
2023,12,Latin America,7 Series,ICE,7232,501660024.23
2023,12,Latin America,X3,EV,1069,64454798.14
2023,12,Latin America,X5,ICE,3098,365972578.96
2023,12,Latin America,X7,EV,2255,299060681.29
2023,12,Latin America,i4,ICE,3525,462821319.48
2023,12,Latin America,iX,EV,2267,307837135.36
2023,12,Latin America,i7,ICE,3519,220446534.0
2023,12,Latin America,M3,ICE,2812,195913098.43
2023,12,Latin America,M5,ICE,861,75124366.35
2023,12,Latin America,Z4,ICE,1780,132309039.93
2023,12,Latin America,2 Series,EV,4628,336350260.39
2023,12,Latin America,4 Series,Hybrid,4828,700152302.34
2023,12,Latin America,1 Series,EV,4019,371289558.39
2024,1,Europe,3 Series,EV,708,38177027.82
2024,1,Europe,5 Series,Hybrid,3415,203134156.74
2024,1,Europe,7 Series,EV,7416,835786910.18
2024,1,Europe,X3,ICE,2718,360290467.79
2024,1,Europe,X5,Hybrid,6702,341932298.6
2024,1,Europe,X7,Hybrid,1029,143894915.92
2024,1,Europe,i4,ICE,4908,682479094.11
2024,1,Europe,iX,EV,6049,321577772.24
2024,1,Europe,i7,Hybrid,2267,295526877.25
2024,1,Europe,M3,ICE,1469,142905821.44
2024,1,Europe,M5,EV,8910,1013219889.82
2024,1,Europe,Z4,EV,9538,996475062.83
2024,1,Europe,2 Series,Hybrid,8003,483768871.61
2024,1,Europe,4 Series,ICE,4481,657296802.35
2024,1,Europe,1 Series,ICE,3024,279758834.23
2024,1,North America,3 Series,Hybrid,9449,720047415.36
2024,1,North America,5 Series,ICE,1056,118497782.84
2024,1,North America,7 Series,ICE,6066,382186171.33
2024,1,North America,X3,Hybrid,2904,264349843.01
2024,1,North America,X5,EV,571,21408544.22
2024,1,North America,X7,EV,6925,321574507.56
2024,1,North America,i4,ICE,8815,1033887906.01
2024,1,North America,iX,EV,7715,726167559.0
2024,1,North America,i7,Hybrid,6400,759141259.27
2024,1,North America,M3,EV,7457,383305077.44
2024,1,North America,M5,ICE,9271,1099540378.38
2024,1,North America,Z4,EV,2125,94619950.62
2024,1,North America,2 Series,Hybrid,6940,973998726.32
2024,1,North America,4 Series,Hybrid,1314,102934967.54
2024,1,North America,1 Series,Hybrid,3833,329840602.37
2024,1,China,3 Series,EV,1870,268668144.72
2024,1,China,5 Series,Hybrid,7710,1078863105.16
2024,1,China,7 Series,EV,7338,677881678.04
2024,1,China,X3,EV,7710,321642165.22
2024,1,China,X5,ICE,5596,684735303.53
2024,1,China,X7,ICE,950,50743216.59
2024,1,China,i4,ICE,8009,719455360.1
2024,1,China,iX,ICE,6588,777097690.94
2024,1,China,i7,ICE,1839,207153842.23
2024,1,China,M3,Hybrid,7058,999741030.22
2024,1,China,M5,ICE,7563,814915333.9
2024,1,China,Z4,ICE,2843,164378245.6
2024,1,China,2 Series,Hybrid,5883,310980800.51
2024,1,China,4 Series,EV,4809,454132742.04
2024,1,China,1 Series,ICE,5640,340526716.03
2024,1,Asia Pacific,3 Series,Hybrid,1387,72825155.39
2024,1,Asia Pacific,5 Series,Hybrid,744,106377393.29
2024,1,Asia Pacific,7 Series,ICE,8694,1212447963.86
2024,1,Asia Pacific,X3,EV,6178,711349785.99
2024,1,Asia Pacific,X5,EV,8131,478310904.6
2024,1,Asia Pacific,X7,ICE,4218,451462866.6
2024,1,Asia Pacific,i4,EV,4600,228082465.89
2024,1,Asia Pacific,iX,Hybrid,6370,298608864.01
2024,1,Asia Pacific,i7,EV,2863,263817477.9
2024,1,Asia Pacific,M3,Hybrid,1471,109141035.14
2024,1,Asia Pacific,M5,ICE,5421,248490355.28
2024,1,Asia Pacific,Z4,EV,8061,1037211999.85
2024,1,Asia Pacific,2 Series,EV,2392,191804252.44
2024,1,Asia Pacific,4 Series,ICE,5596,760131552.31
2024,1,Asia Pacific,1 Series,EV,3905,201566300.0
2024,1,Middle East & Africa,3 Series,ICE,3305,246962869.95
2024,1,Middle East & Africa,5 Series,EV,9260,1335949086.38
2024,1,Middle East & Africa,7 Series,Hybrid,4396,533708060.99
2024,1,Middle East & Africa,X3,EV,4513,386980653.67
2024,1,Middle East & Africa,X5,ICE,4538,304265810.1
2024,1,Middle East & Africa,X7,EV,3723,485862713.7
2024,1,Middle East & Africa,i4,ICE,4895,348590881.31
2024,1,Middle East & Africa,iX,EV,5914,592940607.14
2024,1,Middle East & Africa,i7,Hybrid,6669,892019106.66
2024,1,Middle East & Africa,M3,ICE,6644,554745188.55
2024,1,Middle East & Africa,M5,ICE,5632,657595825.49
2024,1,Middle East & Africa,Z4,ICE,3142,363679074.47
2024,1,Middle East & Africa,2 Series,EV,6994,451819900.36
2024,1,Middle East & Africa,4 Series,EV,8597,430399326.42
2024,1,Middle East & Africa,1 Series,ICE,5510,608995310.68
2024,1,Latin America,3 Series,EV,2295,132023578.24
2024,1,Latin America,5 Series,EV,5371,717342905.55
2024,1,Latin America,7 Series,EV,8036,927262696.89
2024,1,Latin America,X3,ICE,4594,542779028.25
2024,1,Latin America,X5,Hybrid,8693,420436949.83
2024,1,Latin America,X7,Hybrid,8000,702239029.57
2024,1,Latin America,i4,ICE,7413,373650430.0
2024,1,Latin America,iX,ICE,6535,940294587.98
2024,1,Latin America,i7,EV,2220,126990226.42
2024,1,Latin America,M3,EV,8770,363529943.44
2024,1,Latin America,M5,EV,7329,310482808.87
2024,1,Latin America,Z4,EV,5444,647466045.88
2024,1,Latin America,2 Series,ICE,2562,154403068.73
2024,1,Latin America,4 Series,ICE,10028,1282795518.59
2024,1,Latin America,1 Series,Hybrid,601,89350997.17
2024,2,Europe,3 Series,EV,8245,1067696139.85
2024,2,Europe,5 Series,EV,10581,1192766914.86
2024,2,Europe,7 Series,ICE,3043,392447431.37
2024,2,Europe,X3,EV,9552,559061059.75
2024,2,Europe,X5,EV,5330,600717304.39
2024,2,Europe,X7,Hybrid,8663,1238185699.66
2024,2,Europe,i4,EV,6613,781887332.2
2024,2,Europe,iX,EV,7156,257641850.97
2024,2,Europe,i7,Hybrid,7050,990495170.09
2024,2,Europe,M3,EV,10482,527289574.44
2024,2,Europe,M5,EV,4824,324134929.73
2024,2,Europe,Z4,EV,1039,58803950.79
2024,2,Europe,2 Series,ICE,4652,212884344.85
2024,2,Europe,4 Series,EV,2719,353089528.04
2024,2,Europe,1 Series,EV,8355,396464285.78
2024,2,North America,3 Series,Hybrid,4162,310788073.32
2024,2,North America,5 Series,EV,8250,960922002.55
2024,2,North America,7 Series,ICE,8494,1226879661.81
2024,2,North America,X3,EV,6699,795500283.07
2024,2,North America,X5,ICE,3320,139585677.95
2024,2,North America,X7,ICE,2752,224705455.19
2024,2,North America,i4,EV,3654,217637141.52
2024,2,North America,iX,Hybrid,6118,286617285.17
2024,2,North America,i7,Hybrid,2810,246379029.87
2024,2,North America,M3,Hybrid,1044,111513316.31
2024,2,North America,M5,ICE,4734,338682350.84
2024,2,North America,Z4,ICE,1731,222950724.82
2024,2,North America,2 Series,Hybrid,888,125759680.05
2024,2,North America,4 Series,ICE,9558,1336860031.43
2024,2,North America,1 Series,ICE,9985,1146280074.1
2024,2,China,3 Series,EV,2682,125586073.98
2024,2,China,5 Series,ICE,4351,347058193.17
2024,2,China,7 Series,EV,6554,314425634.42
2024,2,China,X3,EV,5820,461634905.92
2024,2,China,X5,Hybrid,8511,495560917.57
2024,2,China,X7,ICE,4316,582769151.59
2024,2,China,i4,EV,8330,1220422934.52
2024,2,China,iX,Hybrid,4095,311227220.25
2024,2,China,i7,Hybrid,6350,461150595.02
2024,2,China,M3,EV,5965,458981660.53
2024,2,China,M5,ICE,3192,329496452.91
2024,2,China,Z4,EV,2156,171635012.9
2024,2,China,2 Series,EV,1565,194575398.47
2024,2,China,4 Series,Hybrid,5606,635449834.82
2024,2,China,1 Series,Hybrid,3684,310163527.06
2024,2,Asia Pacific,3 Series,Hybrid,8779,1129861988.62
2024,2,Asia Pacific,5 Series,EV,626,59016413.3
2024,2,Asia Pacific,7 Series,ICE,10541,585642081.67
2024,2,Asia Pacific,X3,EV,5098,653964755.04
2024,2,Asia Pacific,X5,ICE,3437,266924850.74
2024,2,Asia Pacific,X7,EV,1140,56390011.03
2024,2,Asia Pacific,i4,Hybrid,3600,526868257.98
2024,2,Asia Pacific,iX,ICE,6100,347096058.07
2024,2,Asia Pacific,i7,EV,6665,941388830.51
2024,2,Asia Pacific,M3,ICE,8613,934290742.5
2024,2,Asia Pacific,M5,EV,2931,343594768.23
2024,2,Asia Pacific,Z4,ICE,5926,527126064.48
2024,2,Asia Pacific,2 Series,EV,7524,1023747561.37
2024,2,Asia Pacific,4 Series,Hybrid,1954,224180106.82
2024,2,Asia Pacific,1 Series,Hybrid,6323,365584771.82
2024,2,Middle East & Africa,3 Series,EV,1095,152589347.53
2024,2,Middle East & Africa,5 Series,ICE,1194,140148995.83
2024,2,Middle East & Africa,7 Series,ICE,2456,167943123.51
2024,2,Middle East & Africa,X3,ICE,8347,626958671.16
2024,2,Middle East & Africa,X5,EV,9960,1107101212.05
2024,2,Middle East & Africa,X7,EV,1671,218792628.41
2024,2,Middle East & Africa,i4,EV,9622,469896103.44
2024,2,Middle East & Africa,iX,EV,6985,546665619.18
2024,2,Middle East & Africa,i7,EV,4850,392158922.68
2024,2,Middle East & Africa,M3,EV,4515,473327318.55
2024,2,Middle East & Africa,M5,EV,4481,277691160.61
2024,2,Middle East & Africa,Z4,ICE,2933,310089153.19
2024,2,Middle East & Africa,2 Series,Hybrid,2497,328497808.72
2024,2,Middle East & Africa,4 Series,EV,7253,848269865.44
2024,2,Middle East & Africa,1 Series,ICE,5439,789071717.85
2024,2,Latin America,3 Series,ICE,8220,359484944.52
2024,2,Latin America,5 Series,ICE,7297,640277380.09
2024,2,Latin America,7 Series,Hybrid,3490,219777048.11
2024,2,Latin America,X3,ICE,1706,214423635.11
2024,2,Latin America,X5,EV,1602,116636165.61
2024,2,Latin America,X7,EV,1419,114443803.21
2024,2,Latin America,i4,EV,2115,81499305.56
2024,2,Latin America,iX,ICE,4523,455734625.84
2024,2,Latin America,i7,ICE,3550,495649339.77
2024,2,Latin America,M3,EV,9518,1267773131.18
2024,2,Latin America,M5,ICE,3561,416918141.57
2024,2,Latin America,Z4,Hybrid,8741,493800686.78
2024,2,Latin America,2 Series,ICE,4680,212932107.29
2024,2,Latin America,4 Series,ICE,3433,400807087.34
2024,2,Latin America,1 Series,EV,6863,464059485.42
2024,3,Europe,3 Series,EV,8132,1104395414.57
2024,3,Europe,5 Series,ICE,5908,762060998.86
2024,3,Europe,7 Series,Hybrid,3954,374133342.69
2024,3,Europe,X3,Hybrid,5846,781644195.47
2024,3,Europe,X5,EV,2583,238351226.2
2024,3,Europe,X7,ICE,574,22359598.0
2024,3,Europe,i4,EV,7765,290340948.1
2024,3,Europe,iX,Hybrid,1011,112880237.87
2024,3,Europe,i7,Hybrid,762,78304073.53
2024,3,Europe,M3,EV,3836,497715913.35
2024,3,Europe,M5,Hybrid,1740,191305651.35
2024,3,Europe,Z4,EV,9884,1170576570.37
2024,3,Europe,2 Series,EV,4245,561090562.18
2024,3,Europe,4 Series,EV,4600,564429772.0
2024,3,Europe,1 Series,EV,7821,1089571415.05
2024,3,North America,3 Series,ICE,1023,97724311.9
2024,3,North America,5 Series,EV,2689,231219679.75
2024,3,North America,7 Series,ICE,705,49785758.09
2024,3,North America,X3,EV,990,107934925.61
2024,3,North America,X5,EV,4225,283278180.28
2024,3,North America,X7,Hybrid,10592,1291586263.89
2024,3,North America,i4,EV,1166,71666137.9
2024,3,North America,iX,EV,7266,624878719.52
2024,3,North America,i7,Hybrid,3284,263703335.71
2024,3,North America,M3,Hybrid,6325,795179065.46
2024,3,North America,M5,ICE,2097,176872043.73
2024,3,North America,Z4,ICE,10372,1270764029.76
2024,3,North America,2 Series,Hybrid,5784,855223177.19
2024,3,North America,4 Series,EV,8114,608229487.63
2024,3,North America,1 Series,EV,1531,205557995.93
2024,3,China,3 Series,ICE,4344,625062200.08
2024,3,China,5 Series,EV,7649,1025976165.14
2024,3,China,7 Series,Hybrid,2747,291606123.76
2024,3,China,X3,ICE,1836,187677568.93
2024,3,China,X5,ICE,3425,286165376.84
2024,3,China,X7,ICE,5034,382269371.79
2024,3,China,i4,ICE,7250,931000522.16
2024,3,China,iX,Hybrid,8306,776984918.29
2024,3,China,i7,Hybrid,10363,1147114000.43
2024,3,China,M3,Hybrid,2759,171503757.56
2024,3,China,M5,Hybrid,10214,777454235.74
2024,3,China,Z4,ICE,7088,880561637.3
2024,3,China,2 Series,EV,5834,319517795.18
2024,3,China,4 Series,ICE,4856,417825395.34
2024,3,China,1 Series,EV,5157,595180991.14
2024,3,Asia Pacific,3 Series,ICE,6979,1006401604.91
2024,3,Asia Pacific,5 Series,EV,3605,354314353.61
2024,3,Asia Pacific,7 Series,EV,8195,793638252.42
2024,3,Asia Pacific,X3,EV,5061,516875803.57
2024,3,Asia Pacific,X5,EV,6419,324747428.0
2024,3,Asia Pacific,X7,Hybrid,5434,285359995.89
2024,3,Asia Pacific,i4,Hybrid,7295,574269122.03
2024,3,Asia Pacific,iX,ICE,8447,836760032.2
2024,3,Asia Pacific,i7,EV,5332,204602271.25
2024,3,Asia Pacific,M3,ICE,8674,593774444.03
2024,3,Asia Pacific,M5,EV,1893,236211326.02
2024,3,Asia Pacific,Z4,Hybrid,6345,639198942.9
2024,3,Asia Pacific,2 Series,EV,2076,299225465.98
2024,3,Asia Pacific,4 Series,Hybrid,4478,204525682.49
2024,3,Asia Pacific,1 Series,Hybrid,1486,195816244.47
2024,3,Middle East & Africa,3 Series,Hybrid,4418,598194143.48
2024,3,Middle East & Africa,5 Series,Hybrid,935,97613010.7
2024,3,Middle East & Africa,7 Series,ICE,6986,389881042.02
2024,3,Middle East & Africa,X3,EV,6832,625105176.31
2024,3,Middle East & Africa,X5,EV,1159,126208668.9
2024,3,Middle East & Africa,X7,EV,6123,301260704.78
2024,3,Middle East & Africa,i4,EV,2059,75188847.31
2024,3,Middle East & Africa,iX,EV,4968,194521174.3
2024,3,Middle East & Africa,i7,ICE,6820,256705742.03
2024,3,Middle East & Africa,M3,EV,6469,966975204.85
2024,3,Middle East & Africa,M5,ICE,8567,895626151.95
2024,3,Middle East & Africa,Z4,EV,7163,567386993.5
2024,3,Middle East & Africa,2 Series,EV,809,74690605.46
2024,3,Middle East & Africa,4 Series,ICE,2152,269714639.88
2024,3,Middle East & Africa,1 Series,EV,7602,387494273.44
2024,3,Latin America,3 Series,EV,6375,398501712.71
2024,3,Latin America,5 Series,EV,8347,1246427187.44
2024,3,Latin America,7 Series,EV,3932,491177103.4
2024,3,Latin America,X3,ICE,7594,532215510.36
2024,3,Latin America,X5,EV,6475,530437024.47
2024,3,Latin America,X7,EV,5323,627270446.47
2024,3,Latin America,i4,Hybrid,6020,461234378.94
2024,3,Latin America,iX,Hybrid,4104,299531388.05
2024,3,Latin America,i7,ICE,4656,642887426.22
2024,3,Latin America,M3,EV,7924,599867564.22
2024,3,Latin America,M5,EV,2743,371256285.23
2024,3,Latin America,Z4,Hybrid,8185,984345081.58
2024,3,Latin America,2 Series,ICE,4365,626990766.74
2024,3,Latin America,4 Series,EV,9113,837213074.2
2024,3,Latin America,1 Series,Hybrid,4964,469208686.09
2024,4,Europe,3 Series,ICE,997,127926530.82
2024,4,Europe,5 Series,Hybrid,5905,834351938.18
2024,4,Europe,7 Series,EV,3350,415102017.54
2024,4,Europe,X3,EV,9077,903143864.69
2024,4,Europe,X5,EV,6777,427244653.07
2024,4,Europe,X7,EV,5593,639886822.17
2024,4,Europe,i4,EV,908,111469059.39
2024,4,Europe,iX,EV,4141,316933453.76
2024,4,Europe,i7,EV,6147,405401359.49
2024,4,Europe,M3,Hybrid,8693,355376027.08
2024,4,Europe,M5,ICE,2607,318544644.92
2024,4,Europe,Z4,EV,5679,504043420.6
2024,4,Europe,2 Series,ICE,8099,415608499.25
2024,4,Europe,4 Series,EV,3604,452928852.92
2024,4,Europe,1 Series,Hybrid,7803,277400750.82
2024,4,North America,3 Series,EV,814,41380777.14
2024,4,North America,5 Series,EV,3791,149448529.99
2024,4,North America,7 Series,ICE,7955,552778613.95
2024,4,North America,X3,Hybrid,6745,672257977.01
2024,4,North America,X5,Hybrid,3836,162815073.07
2024,4,North America,X7,EV,6299,715785038.09
2024,4,North America,i4,EV,3214,389918078.71
2024,4,North America,iX,EV,9643,546087246.82
2024,4,North America,i7,EV,8766,419388783.99
2024,4,North America,M3,ICE,4278,284909201.23
2024,4,North America,M5,EV,4532,619822227.38
2024,4,North America,Z4,EV,2159,284246748.67
2024,4,North America,2 Series,Hybrid,2663,198536746.05
2024,4,North America,4 Series,EV,5742,348517074.24
2024,4,North America,1 Series,ICE,8218,617045106.19
2024,4,China,3 Series,Hybrid,1351,164834000.91
2024,4,China,5 Series,EV,8945,1247993535.86
2024,4,China,7 Series,ICE,2850,125443132.68
2024,4,China,X3,EV,3571,271789168.99
2024,4,China,X5,EV,2983,344034839.78
2024,4,China,X7,EV,4435,250332921.59
2024,4,China,i4,EV,4790,303958237.37
2024,4,China,iX,ICE,1781,91090456.55
2024,4,China,i7,ICE,4151,324082921.25
2024,4,China,M3,Hybrid,8457,1022652668.41
2024,4,China,M5,EV,3533,194269003.27
2024,4,China,Z4,Hybrid,5495,267225988.36
2024,4,China,2 Series,EV,7170,382699697.93
2024,4,China,4 Series,EV,1198,74173880.72
2024,4,China,1 Series,EV,4688,590038502.93
2024,4,Asia Pacific,3 Series,ICE,7065,1018980311.19
2024,4,Asia Pacific,5 Series,Hybrid,6239,441333985.97
2024,4,Asia Pacific,7 Series,ICE,4182,541456904.7
2024,4,Asia Pacific,X3,Hybrid,8145,919372225.17
2024,4,Asia Pacific,X5,EV,4760,606616002.84
2024,4,Asia Pacific,X7,EV,7770,970388551.73
2024,4,Asia Pacific,i4,EV,6624,636024256.95
2024,4,Asia Pacific,iX,ICE,5504,784938635.16
2024,4,Asia Pacific,i7,EV,6616,342071762.72
2024,4,Asia Pacific,M3,EV,3006,231825108.29
2024,4,Asia Pacific,M5,EV,2116,265187338.68
2024,4,Asia Pacific,Z4,ICE,2936,261916963.91
2024,4,Asia Pacific,2 Series,EV,4955,278731714.54
2024,4,Asia Pacific,4 Series,EV,1830,125670727.18
2024,4,Asia Pacific,1 Series,ICE,3626,207840463.85
2024,4,Middle East & Africa,3 Series,ICE,9727,1064066941.23
2024,4,Middle East & Africa,5 Series,ICE,9854,599889294.13
2024,4,Middle East & Africa,7 Series,EV,8550,941483273.87
2024,4,Middle East & Africa,X3,ICE,6538,318078724.43
2024,4,Middle East & Africa,X5,EV,3423,177701274.96
2024,4,Middle East & Africa,X7,EV,8244,862075194.71
2024,4,Middle East & Africa,i4,Hybrid,9519,1218653346.62
2024,4,Middle East & Africa,iX,EV,3031,283586020.95
2024,4,Middle East & Africa,i7,EV,2146,95687652.82
2024,4,Middle East & Africa,M3,ICE,5718,739401142.84
2024,4,Middle East & Africa,M5,ICE,1651,104527029.65
2024,4,Middle East & Africa,Z4,EV,1482,127311450.17
2024,4,Middle East & Africa,2 Series,EV,5378,258678896.47
2024,4,Middle East & Africa,4 Series,ICE,2041,231614994.35
2024,4,Middle East & Africa,1 Series,Hybrid,5287,395571046.2
2024,4,Latin America,3 Series,EV,7473,331144643.62
2024,4,Latin America,5 Series,EV,1121,80203674.19
2024,4,Latin America,7 Series,ICE,2133,265031817.65
2024,4,Latin America,X3,Hybrid,8860,881154042.68
2024,4,Latin America,X5,EV,1057,127526258.77
2024,4,Latin America,X7,Hybrid,4517,246454818.22
2024,4,Latin America,i4,Hybrid,4626,372897670.49
2024,4,Latin America,iX,ICE,7599,273400730.92
2024,4,Latin America,i7,EV,8015,656668940.07
2024,4,Latin America,M3,EV,7244,774563828.16
2024,4,Latin America,M5,Hybrid,7287,916069778.54
2024,4,Latin America,Z4,Hybrid,1421,194956324.89
2024,4,Latin America,2 Series,EV,6718,368416214.9
2024,4,Latin America,4 Series,ICE,7869,495933520.45
2024,4,Latin America,1 Series,ICE,1111,78556591.87
2024,5,Europe,3 Series,ICE,1516,167694465.85
2024,5,Europe,5 Series,ICE,8150,314798006.61
2024,5,Europe,7 Series,EV,2737,119967354.7
2024,5,Europe,X3,EV,4573,540626713.67
2024,5,Europe,X5,EV,2817,101522773.53
2024,5,Europe,X7,Hybrid,7797,349965817.02
2024,5,Europe,i4,EV,6135,735599540.48
2024,5,Europe,iX,EV,5674,585209330.59
2024,5,Europe,i7,Hybrid,5461,306807354.99
2024,5,Europe,M3,ICE,3833,247430131.13
2024,5,Europe,M5,EV,7618,681790092.94
2024,5,Europe,Z4,ICE,1750,115385093.53
2024,5,Europe,2 Series,Hybrid,7694,848142208.26
2024,5,Europe,4 Series,Hybrid,6487,361552207.45
2024,5,Europe,1 Series,Hybrid,5807,713947414.04
2024,5,North America,3 Series,EV,6955,741088735.93
2024,5,North America,5 Series,EV,3582,510417501.27
2024,5,North America,7 Series,Hybrid,4950,398347323.67
2024,5,North America,X3,Hybrid,8140,459074873.85
2024,5,North America,X5,Hybrid,1324,114270377.43
2024,5,North America,X7,EV,1882,212118166.76
2024,5,North America,i4,Hybrid,7523,631560069.05
2024,5,North America,iX,EV,4244,510770919.99
2024,5,North America,i7,EV,4957,424672244.34
2024,5,North America,M3,ICE,848,77895728.78
2024,5,North America,M5,Hybrid,2634,350291291.09
2024,5,North America,Z4,Hybrid,3804,153498632.58
2024,5,North America,2 Series,EV,2956,418798313.47
2024,5,North America,4 Series,EV,3695,537854177.39
2024,5,North America,1 Series,Hybrid,8390,661511839.51
2024,5,China,3 Series,Hybrid,2848,99957892.31
2024,5,China,5 Series,EV,1560,136599937.21
2024,5,China,7 Series,EV,7199,770394423.1
2024,5,China,X3,ICE,2380,145365366.43
2024,5,China,X5,EV,6368,374623254.97
2024,5,China,X7,EV,3263,430055813.88
2024,5,China,i4,Hybrid,4491,449182216.76
2024,5,China,iX,EV,9745,365558925.39
2024,5,China,i7,Hybrid,6721,414030800.91
2024,5,China,M3,ICE,5703,647489037.25
2024,5,China,M5,EV,2863,174947953.09
2024,5,China,Z4,EV,8080,1189262088.21
2024,5,China,2 Series,EV,2233,259695422.02
2024,5,China,4 Series,EV,1842,99986934.83
2024,5,China,1 Series,EV,4327,262437886.43
2024,5,Asia Pacific,3 Series,ICE,9280,727262862.83
2024,5,Asia Pacific,5 Series,EV,2134,94802824.57
2024,5,Asia Pacific,7 Series,Hybrid,1928,129731395.99
2024,5,Asia Pacific,X3,ICE,2276,220076589.12
2024,5,Asia Pacific,X5,Hybrid,6977,1003223031.53
2024,5,Asia Pacific,X7,EV,9964,732220165.21
2024,5,Asia Pacific,i4,Hybrid,7224,947780026.05
2024,5,Asia Pacific,iX,Hybrid,3435,308677329.34
2024,5,Asia Pacific,i7,ICE,6774,704704338.83
2024,5,Asia Pacific,M3,Hybrid,8604,786304417.64
2024,5,Asia Pacific,M5,ICE,6696,843097746.55
2024,5,Asia Pacific,Z4,EV,4251,195188469.41
2024,5,Asia Pacific,2 Series,EV,6645,951270745.32
2024,5,Asia Pacific,4 Series,EV,4501,266885991.7
2024,5,Asia Pacific,1 Series,EV,10325,1200333646.0
2024,5,Middle East & Africa,3 Series,Hybrid,2787,228290088.56
2024,5,Middle East & Africa,5 Series,EV,2381,351966634.2
2024,5,Middle East & Africa,7 Series,Hybrid,4146,229982659.61
2024,5,Middle East & Africa,X3,EV,4365,452295194.68
2024,5,Middle East & Africa,X5,EV,2825,280984886.85
2024,5,Middle East & Africa,X7,ICE,6978,413759132.45
2024,5,Middle East & Africa,i4,EV,8007,815013544.75
2024,5,Middle East & Africa,iX,EV,4634,667260536.53
2024,5,Middle East & Africa,i7,EV,1888,205688581.76
2024,5,Middle East & Africa,M3,ICE,1374,126107694.32
2024,5,Middle East & Africa,M5,ICE,7918,381772040.13
2024,5,Middle East & Africa,Z4,ICE,7074,996770235.79
2024,5,Middle East & Africa,2 Series,EV,2763,291775084.47
2024,5,Middle East & Africa,4 Series,Hybrid,3402,414179865.62
2024,5,Middle East & Africa,1 Series,ICE,7809,323858500.77
2024,5,Latin America,3 Series,Hybrid,2335,283047612.87
2024,5,Latin America,5 Series,Hybrid,8163,496835746.9
2024,5,Latin America,7 Series,EV,10908,1470083140.51
2024,5,Latin America,X3,EV,6648,867892935.71
2024,5,Latin America,X5,ICE,8763,1044896228.31
2024,5,Latin America,X7,EV,1997,143879884.01
2024,5,Latin America,i4,EV,3702,473867207.06
2024,5,Latin America,iX,ICE,7041,395629941.35
2024,5,Latin America,i7,EV,8539,1024604913.61
2024,5,Latin America,M3,EV,8526,782312234.66
2024,5,Latin America,M5,Hybrid,2681,126606937.3
2024,5,Latin America,Z4,EV,2593,211767322.79
2024,5,Latin America,2 Series,ICE,7769,480327448.88
2024,5,Latin America,4 Series,EV,4006,520193840.05
2024,5,Latin America,1 Series,EV,5879,363802690.47
2024,6,Europe,3 Series,Hybrid,3018,314950604.98
2024,6,Europe,5 Series,ICE,9075,941520521.75
2024,6,Europe,7 Series,Hybrid,7786,1130233774.21
2024,6,Europe,X3,ICE,6469,718603762.07
2024,6,Europe,X5,Hybrid,8792,777684042.04
2024,6,Europe,X7,EV,10460,1042614990.87
2024,6,Europe,i4,EV,7368,853222457.34
2024,6,Europe,iX,Hybrid,7553,427809363.89
2024,6,Europe,i7,EV,9203,765061589.97
2024,6,Europe,M3,Hybrid,1414,84580040.1
2024,6,Europe,M5,EV,2840,247291424.3
2024,6,Europe,Z4,Hybrid,1817,200849666.12
2024,6,Europe,2 Series,EV,769,42856266.52
2024,6,Europe,4 Series,ICE,2447,292470720.0
2024,6,Europe,1 Series,EV,1646,157027106.61
2024,6,North America,3 Series,EV,7431,951751185.75
2024,6,North America,5 Series,Hybrid,9279,1107492810.7
2024,6,North America,7 Series,Hybrid,4118,188714035.56
2024,6,North America,X3,Hybrid,7718,527693295.39
2024,6,North America,X5,ICE,9300,1258761910.91
2024,6,North America,X7,ICE,8289,319491158.57
2024,6,North America,i4,EV,3336,406000662.72
2024,6,North America,iX,ICE,6410,527578673.29
2024,6,North America,i7,EV,1400,167470017.54
2024,6,North America,M3,Hybrid,1429,118465200.12
2024,6,North America,M5,ICE,7344,497745638.39
2024,6,North America,Z4,Hybrid,3878,376175484.97
2024,6,North America,2 Series,EV,9009,355649295.04
2024,6,North America,4 Series,Hybrid,6456,848696922.15
2024,6,North America,1 Series,EV,7815,323676140.26
2024,6,China,3 Series,EV,2371,103732977.26
2024,6,China,5 Series,EV,7653,833759836.36
2024,6,China,7 Series,Hybrid,3974,221917851.33
2024,6,China,X3,EV,2131,309065698.97
2024,6,China,X5,ICE,4732,401131433.73
2024,6,China,X7,EV,5039,625678969.38
2024,6,China,i4,EV,2799,221479795.01
2024,6,China,iX,EV,1688,180426840.42
2024,6,China,i7,Hybrid,7665,864863707.65
2024,6,China,M3,EV,8109,1024239815.68
2024,6,China,M5,ICE,7490,390315680.0
2024,6,China,Z4,ICE,5139,482678206.21
2024,6,China,2 Series,ICE,4427,565259917.38
2024,6,China,4 Series,EV,6246,902617438.61
2024,6,China,1 Series,ICE,5250,750714025.86
2024,6,Asia Pacific,3 Series,EV,4423,466245303.26
2024,6,Asia Pacific,5 Series,EV,5685,727469023.61
2024,6,Asia Pacific,7 Series,EV,2278,270302274.9
2024,6,Asia Pacific,X3,ICE,7663,756842195.67
2024,6,Asia Pacific,X5,Hybrid,4898,362956342.79
2024,6,Asia Pacific,X7,EV,7054,379189602.56
2024,6,Asia Pacific,i4,EV,6505,927833388.47
2024,6,Asia Pacific,iX,EV,4526,615992506.7
2024,6,Asia Pacific,i7,EV,9480,340801492.79
2024,6,Asia Pacific,M3,EV,9676,1310776938.11
2024,6,Asia Pacific,M5,Hybrid,3661,381139633.75
2024,6,Asia Pacific,Z4,EV,5272,211682297.32
2024,6,Asia Pacific,2 Series,Hybrid,8876,516246379.52
2024,6,Asia Pacific,4 Series,ICE,7109,526959174.98
2024,6,Asia Pacific,1 Series,ICE,6415,381119328.85
2024,6,Middle East & Africa,3 Series,ICE,3716,390959878.99
2024,6,Middle East & Africa,5 Series,Hybrid,4469,379276888.34
2024,6,Middle East & Africa,7 Series,Hybrid,6257,404794250.04
2024,6,Middle East & Africa,X3,ICE,7000,808725461.71
2024,6,Middle East & Africa,X5,EV,921,124014252.54
2024,6,Middle East & Africa,X7,Hybrid,1027,66754136.13
2024,6,Middle East & Africa,i4,Hybrid,1305,190253346.64
2024,6,Middle East & Africa,iX,ICE,5594,807833722.6
2024,6,Middle East & Africa,i7,EV,4673,374315403.47
2024,6,Middle East & Africa,M3,EV,4794,347402592.73
2024,6,Middle East & Africa,M5,EV,1411,131358549.64
2024,6,Middle East & Africa,Z4,EV,6848,626663221.48
2024,6,Middle East & Africa,2 Series,ICE,6930,786939058.6
2024,6,Middle East & Africa,4 Series,ICE,7128,1040961440.56
2024,6,Middle East & Africa,1 Series,EV,7949,804284770.32
2024,6,Latin America,3 Series,Hybrid,10694,1513526563.79
2024,6,Latin America,5 Series,Hybrid,8704,640085449.84
2024,6,Latin America,7 Series,Hybrid,9791,1233309591.29
2024,6,Latin America,X3,ICE,3917,198228241.46
2024,6,Latin America,X5,EV,9216,511156065.09
2024,6,Latin America,X7,EV,1342,155465210.85
2024,6,Latin America,i4,EV,9357,807095517.57
2024,6,Latin America,iX,Hybrid,1037,75701432.07
2024,6,Latin America,i7,EV,8207,795877833.45
2024,6,Latin America,M3,EV,5504,301781080.19
2024,6,Latin America,M5,Hybrid,8622,1286078055.4
2024,6,Latin America,Z4,ICE,5100,324754424.3
2024,6,Latin America,2 Series,EV,6041,731536880.33
2024,6,Latin America,4 Series,EV,8415,667450033.39
2024,6,Latin America,1 Series,Hybrid,3899,459342742.01
2024,7,Europe,3 Series,ICE,7580,931389676.7
2024,7,Europe,5 Series,Hybrid,6298,461947629.34
2024,7,Europe,7 Series,EV,7065,248521165.73
2024,7,Europe,X3,ICE,6235,323935810.2
2024,7,Europe,X5,EV,7792,586597238.4
2024,7,Europe,X7,Hybrid,4848,290235274.78
2024,7,Europe,i4,Hybrid,1880,107808314.31
2024,7,Europe,iX,Hybrid,3045,205064839.67
2024,7,Europe,i7,EV,3165,394996896.72
2024,7,Europe,M3,Hybrid,8553,528167869.71
2024,7,Europe,M5,Hybrid,8305,478038043.78
2024,7,Europe,Z4,Hybrid,7380,662941310.24
2024,7,Europe,2 Series,EV,8713,1189511504.73
2024,7,Europe,4 Series,EV,9494,637931763.94
2024,7,Europe,1 Series,Hybrid,5804,318650183.35
2024,7,North America,3 Series,Hybrid,1945,279045473.88
2024,7,North America,5 Series,Hybrid,3981,372564387.06
2024,7,North America,7 Series,EV,6876,719416314.19
2024,7,North America,X3,EV,3537,516796995.69
2024,7,North America,X5,EV,6471,439951948.11
2024,7,North America,X7,ICE,3805,445105649.37
2024,7,North America,i4,ICE,4572,394583668.49
2024,7,North America,iX,Hybrid,3489,470873642.24
2024,7,North America,i7,EV,8043,641579982.43
2024,7,North America,M3,Hybrid,5159,337867649.87
2024,7,North America,M5,ICE,9375,831874471.8
2024,7,North America,Z4,ICE,6592,382124684.58
2024,7,North America,2 Series,ICE,4076,501963615.03
2024,7,North America,4 Series,EV,2440,250493971.99
2024,7,North America,1 Series,EV,7531,758086789.92
2024,7,China,3 Series,ICE,1028,80028849.46
2024,7,China,5 Series,Hybrid,5274,636358190.1
2024,7,China,7 Series,EV,3853,570501995.51
2024,7,China,X3,EV,7546,581249923.72
2024,7,China,X5,Hybrid,2695,362385080.17
2024,7,China,X7,ICE,4718,182433463.97
2024,7,China,i4,EV,10329,377525545.7
2024,7,China,iX,EV,3235,431480185.18
2024,7,China,i7,EV,1271,152005769.27
2024,7,China,M3,EV,7337,818461485.63
2024,7,China,M5,EV,1266,144684823.71
2024,7,China,Z4,EV,6527,528013119.75
2024,7,China,2 Series,Hybrid,1292,60345788.25
2024,7,China,4 Series,EV,5328,775709301.9
2024,7,China,1 Series,EV,3348,146634331.55
2024,7,Asia Pacific,3 Series,EV,5330,752497041.57
2024,7,Asia Pacific,5 Series,Hybrid,8681,814095491.04
2024,7,Asia Pacific,7 Series,EV,3655,436055866.22
2024,7,Asia Pacific,X3,Hybrid,7709,963061799.59
2024,7,Asia Pacific,X5,Hybrid,8793,928740059.95
2024,7,Asia Pacific,X7,EV,7154,582860329.37
2024,7,Asia Pacific,i4,EV,6374,609205996.22
2024,7,Asia Pacific,iX,EV,3605,416951121.37
2024,7,Asia Pacific,i7,EV,692,69918937.97
2024,7,Asia Pacific,M3,ICE,5399,720048548.32
2024,7,Asia Pacific,M5,Hybrid,9092,571218096.57
2024,7,Asia Pacific,Z4,Hybrid,2634,112510818.84
2024,7,Asia Pacific,2 Series,ICE,1212,54718811.46
2024,7,Asia Pacific,4 Series,Hybrid,903,63540279.2
2024,7,Asia Pacific,1 Series,EV,2819,370334783.58
2024,7,Middle East & Africa,3 Series,ICE,8537,632183481.73
2024,7,Middle East & Africa,5 Series,ICE,3982,518359191.63
2024,7,Middle East & Africa,7 Series,ICE,4045,272766438.12
2024,7,Middle East & Africa,X3,ICE,10312,1158065791.74
2024,7,Middle East & Africa,X5,EV,3113,281097194.85
2024,7,Middle East & Africa,X7,ICE,4755,460217974.1
2024,7,Middle East & Africa,i4,EV,8202,670292328.46
2024,7,Middle East & Africa,iX,Hybrid,10257,924079679.99
2024,7,Middle East & Africa,i7,ICE,1709,240366447.16
2024,7,Middle East & Africa,M3,ICE,6904,353869614.87
2024,7,Middle East & Africa,M5,Hybrid,2459,353205313.39
2024,7,Middle East & Africa,Z4,Hybrid,3884,171018353.52
2024,7,Middle East & Africa,2 Series,ICE,7669,952637987.81
2024,7,Middle East & Africa,4 Series,Hybrid,2432,221872152.07
2024,7,Middle East & Africa,1 Series,EV,4485,573066764.89
2024,7,Latin America,3 Series,ICE,6519,757354010.94
2024,7,Latin America,5 Series,EV,1531,224566229.24
2024,7,Latin America,7 Series,EV,4247,543105820.43
2024,7,Latin America,X3,EV,8522,749785052.94
2024,7,Latin America,X5,EV,2258,132401018.49
2024,7,Latin America,X7,EV,6142,591086118.16
2024,7,Latin America,i4,EV,1569,184192488.05
2024,7,Latin America,iX,ICE,1323,192442910.07
2024,7,Latin America,i7,ICE,3529,200249711.07
2024,7,Latin America,M3,ICE,7573,415762850.8
2024,7,Latin America,M5,EV,1740,236247942.07
2024,7,Latin America,Z4,EV,8858,1306365572.59
2024,7,Latin America,2 Series,EV,9350,1320502452.74
2024,7,Latin America,4 Series,ICE,5587,498924232.06
2024,7,Latin America,1 Series,ICE,1722,118832013.22
2024,8,Europe,3 Series,Hybrid,2457,179899371.14
2024,8,Europe,5 Series,EV,3984,164168653.77
2024,8,Europe,7 Series,ICE,2566,107186686.62
2024,8,Europe,X3,Hybrid,715,68836446.9
2024,8,Europe,X5,EV,1788,189373291.91
2024,8,Europe,X7,EV,4596,451044092.13
2024,8,Europe,i4,EV,3631,296940934.45
2024,8,Europe,iX,EV,4691,595875726.53
2024,8,Europe,i7,Hybrid,9165,1146127492.11
2024,8,Europe,M3,EV,2544,117792949.02
2024,8,Europe,M5,Hybrid,7447,772733332.02
2024,8,Europe,Z4,Hybrid,1155,131335201.01
2024,8,Europe,2 Series,EV,8665,326102076.36
2024,8,Europe,4 Series,EV,8137,1203895765.51
2024,8,Europe,1 Series,Hybrid,6199,258934984.51
2024,8,North America,3 Series,EV,9928,1177179540.35
2024,8,North America,5 Series,EV,2334,117656300.56
2024,8,North America,7 Series,EV,4768,395750545.75
2024,8,North America,X3,Hybrid,1738,77562851.99
2024,8,North America,X5,EV,4672,379564822.42
2024,8,North America,X7,EV,4854,487221639.88
2024,8,North America,i4,Hybrid,1864,106729966.34
2024,8,North America,iX,ICE,6906,804327234.92
2024,8,North America,i7,EV,705,43354238.2
2024,8,North America,M3,EV,7288,1040383820.49
2024,8,North America,M5,EV,5115,257064353.11
2024,8,North America,Z4,EV,1173,62355007.83
2024,8,North America,2 Series,ICE,7455,1043550413.53
2024,8,North America,4 Series,ICE,4183,499980802.42
2024,8,North America,1 Series,ICE,2598,371557373.51
2024,8,China,3 Series,ICE,3755,275946945.82
2024,8,China,5 Series,EV,7886,889876056.51
2024,8,China,7 Series,Hybrid,9076,1055059223.5
2024,8,China,X3,ICE,7799,631211056.04
2024,8,China,X5,EV,1010,38681172.25
2024,8,China,X7,EV,8370,305264597.96
2024,8,China,i4,EV,8780,789034017.93
2024,8,China,iX,Hybrid,8578,1266704495.3
2024,8,China,i7,EV,1097,41333626.84
2024,8,China,M3,EV,7070,839900884.51
2024,8,China,M5,Hybrid,4912,560450507.42
2024,8,China,Z4,ICE,1724,125612922.71
2024,8,China,2 Series,EV,5371,324215698.73
2024,8,China,4 Series,EV,6024,564459626.84
2024,8,China,1 Series,EV,4323,497942811.3
2024,8,Asia Pacific,3 Series,EV,7054,439678106.06
2024,8,Asia Pacific,5 Series,ICE,8125,673720154.32
2024,8,Asia Pacific,7 Series,ICE,2189,82412482.57
2024,8,Asia Pacific,X3,ICE,1728,232996016.54
2024,8,Asia Pacific,X5,EV,784,70896615.48
2024,8,Asia Pacific,X7,EV,7831,1086890655.17
2024,8,Asia Pacific,i4,ICE,6666,397604843.69
2024,8,Asia Pacific,iX,ICE,3601,424624746.68
2024,8,Asia Pacific,i7,ICE,6036,898686575.97
2024,8,Asia Pacific,M3,Hybrid,3162,456387011.84
2024,8,Asia Pacific,M5,EV,3361,392562312.67
2024,8,Asia Pacific,Z4,ICE,5683,676696713.65
2024,8,Asia Pacific,2 Series,EV,2850,141749789.45
2024,8,Asia Pacific,4 Series,ICE,4655,675398457.65
2024,8,Asia Pacific,1 Series,Hybrid,2898,374735884.42
2024,8,Middle East & Africa,3 Series,Hybrid,2605,309910800.68
2024,8,Middle East & Africa,5 Series,Hybrid,8945,1202396908.54
2024,8,Middle East & Africa,7 Series,EV,5082,486870141.37
2024,8,Middle East & Africa,X3,EV,9757,767873484.38
2024,8,Middle East & Africa,X5,EV,7270,561748504.8
2024,8,Middle East & Africa,X7,EV,7410,417484587.13
2024,8,Middle East & Africa,i4,EV,6543,768435939.39
2024,8,Middle East & Africa,iX,EV,8874,848339916.42
2024,8,Middle East & Africa,i7,ICE,4103,349701985.9
2024,8,Middle East & Africa,M3,Hybrid,4029,478088006.1
2024,8,Middle East & Africa,M5,EV,8899,1239314877.73
2024,8,Middle East & Africa,Z4,EV,5055,728654782.94
2024,8,Middle East & Africa,2 Series,ICE,8872,799876897.11
2024,8,Middle East & Africa,4 Series,ICE,3533,461266195.0
2024,8,Middle East & Africa,1 Series,Hybrid,1893,144062287.12
2024,8,Latin America,3 Series,ICE,5235,390690595.5
2024,8,Latin America,5 Series,EV,4064,216382326.61
2024,8,Latin America,7 Series,Hybrid,6924,670289176.41
2024,8,Latin America,X3,Hybrid,3084,351176902.93
2024,8,Latin America,X5,EV,3983,316105803.73
2024,8,Latin America,X7,EV,2170,156612181.37
2024,8,Latin America,i4,ICE,8522,1072404453.82
2024,8,Latin America,iX,EV,4640,281936936.2
2024,8,Latin America,i7,EV,4526,195854820.04
2024,8,Latin America,M3,Hybrid,7022,961823472.93
2024,8,Latin America,M5,EV,5131,431405815.49
2024,8,Latin America,Z4,EV,770,31361594.22
2024,8,Latin America,2 Series,EV,4424,571095473.3
2024,8,Latin America,4 Series,ICE,1695,96686520.06
2024,8,Latin America,1 Series,ICE,8801,890615680.25
2024,9,Europe,3 Series,EV,2022,136060205.61
2024,9,Europe,5 Series,ICE,3689,465058339.17
2024,9,Europe,7 Series,ICE,8797,477238952.88
2024,9,Europe,X3,Hybrid,5558,596203296.95
2024,9,Europe,X5,EV,5235,212913686.59
2024,9,Europe,X7,ICE,7695,1128435228.96
2024,9,Europe,i4,ICE,8059,1125429467.58
2024,9,Europe,iX,EV,1460,107118809.12
2024,9,Europe,i7,ICE,7702,973336090.23
2024,9,Europe,M3,Hybrid,5236,475882208.32
2024,9,Europe,M5,EV,3707,307441231.38
2024,9,Europe,Z4,ICE,3173,436722412.26
2024,9,Europe,2 Series,ICE,9519,1269987733.92
2024,9,Europe,4 Series,EV,10063,1084731892.73
2024,9,Europe,1 Series,ICE,1782,130562086.28
2024,9,North America,3 Series,ICE,8353,579488881.59
2024,9,North America,5 Series,EV,1748,91967621.85
2024,9,North America,7 Series,Hybrid,4073,488645446.74
2024,9,North America,X3,EV,2338,179814498.68
2024,9,North America,X5,ICE,1624,234122223.67
2024,9,North America,X7,EV,8703,1089935816.69
2024,9,North America,i4,EV,2867,384186506.52
2024,9,North America,iX,EV,5029,361097003.72
2024,9,North America,i7,ICE,9088,508702574.91
2024,9,North America,M3,ICE,6576,591410185.26
2024,9,North America,M5,Hybrid,3763,132798844.04
2024,9,North America,Z4,EV,9194,1200614987.99
2024,9,North America,2 Series,EV,1513,208456177.59
2024,9,North America,4 Series,EV,1677,71167721.68
2024,9,North America,1 Series,Hybrid,3923,395624592.22
2024,9,China,3 Series,EV,3298,231797223.81
2024,9,China,5 Series,EV,3774,175625653.48
2024,9,China,7 Series,EV,6986,662283623.38
2024,9,China,X3,EV,3116,339864208.88
2024,9,China,X5,EV,5152,443938812.84
2024,9,China,X7,Hybrid,8169,1129424713.81
2024,9,China,i4,Hybrid,4112,486892389.45
2024,9,China,iX,ICE,9120,989013016.59
2024,9,China,i7,Hybrid,8260,736266013.84
2024,9,China,M3,Hybrid,4386,557376631.65
2024,9,China,M5,ICE,2161,281919455.55
2024,9,China,Z4,ICE,7434,306156951.76
2024,9,China,2 Series,Hybrid,7187,966578390.61
2024,9,China,4 Series,Hybrid,4372,387627810.02
2024,9,China,1 Series,EV,6558,322345202.73
2024,9,Asia Pacific,3 Series,Hybrid,3152,421620814.8
2024,9,Asia Pacific,5 Series,EV,7627,477793970.23
2024,9,Asia Pacific,7 Series,ICE,10079,1157441668.03
2024,9,Asia Pacific,X3,Hybrid,2290,176347123.3
2024,9,Asia Pacific,X5,EV,3943,185100882.15
2024,9,Asia Pacific,X7,Hybrid,8015,864788050.3
2024,9,Asia Pacific,i4,Hybrid,4654,631485737.99
2024,9,Asia Pacific,iX,Hybrid,2874,204394537.28
2024,9,Asia Pacific,i7,ICE,2106,307844322.13
2024,9,Asia Pacific,M3,Hybrid,863,97111122.8
2024,9,Asia Pacific,M5,EV,8774,1060656364.26
2024,9,Asia Pacific,Z4,Hybrid,5389,499464849.23
2024,9,Asia Pacific,2 Series,EV,4188,525814731.94
2024,9,Asia Pacific,4 Series,EV,9314,998721883.85
2024,9,Asia Pacific,1 Series,ICE,2528,157769089.12
2024,9,Middle East & Africa,3 Series,EV,7780,843193431.82
2024,9,Middle East & Africa,5 Series,Hybrid,3244,151503328.43
2024,9,Middle East & Africa,7 Series,Hybrid,7441,640875903.35
2024,9,Middle East & Africa,X3,EV,3382,309995828.63
2024,9,Middle East & Africa,X5,EV,8531,1103563618.67
2024,9,Middle East & Africa,X7,ICE,3249,244225508.75
2024,9,Middle East & Africa,i4,Hybrid,4560,431344889.01
2024,9,Middle East & Africa,iX,ICE,3390,417502469.16
2024,9,Middle East & Africa,i7,ICE,4697,493070199.41
2024,9,Middle East & Africa,M3,Hybrid,732,54909135.32
2024,9,Middle East & Africa,M5,EV,7926,968299815.92
2024,9,Middle East & Africa,Z4,Hybrid,1081,95021381.67
2024,9,Middle East & Africa,2 Series,EV,3419,311885756.43
2024,9,Middle East & Africa,4 Series,Hybrid,6166,590920079.77
2024,9,Middle East & Africa,1 Series,Hybrid,1573,182339165.34
2024,9,Latin America,3 Series,ICE,8442,1082252273.94
2024,9,Latin America,5 Series,ICE,6608,932949507.38
2024,9,Latin America,7 Series,Hybrid,4901,370457610.17
2024,9,Latin America,X3,ICE,4955,310270044.55
2024,9,Latin America,X5,EV,8398,803072513.1
2024,9,Latin America,X7,Hybrid,4989,248103067.64
2024,9,Latin America,i4,Hybrid,2641,118364592.18
2024,9,Latin America,iX,ICE,8426,398078829.18
2024,9,Latin America,i7,ICE,621,35272536.23
2024,9,Latin America,M3,EV,10724,578789045.24
2024,9,Latin America,M5,EV,6407,522789972.96
2024,9,Latin America,Z4,EV,2774,324310448.5
2024,9,Latin America,2 Series,EV,4756,615051248.95
2024,9,Latin America,4 Series,ICE,7243,1055852189.04
2024,9,Latin America,1 Series,ICE,9138,1256475173.39
2024,10,Europe,3 Series,ICE,1257,141359212.51
2024,10,Europe,5 Series,ICE,4605,392574337.39
2024,10,Europe,7 Series,Hybrid,8140,1056585333.31
2024,10,Europe,X3,Hybrid,8899,1282231169.4
2024,10,Europe,X5,EV,3320,295980285.89
2024,10,Europe,X7,EV,3471,440784787.5
2024,10,Europe,i4,ICE,6272,596814328.6
2024,10,Europe,iX,Hybrid,5917,758432213.86
2024,10,Europe,i7,EV,2798,151423295.87
2024,10,Europe,M3,ICE,6710,903667751.19
2024,10,Europe,M5,EV,1607,164463272.07
2024,10,Europe,Z4,EV,6272,925256379.38
2024,10,Europe,2 Series,EV,9101,638939400.94
2024,10,Europe,4 Series,EV,7960,1160826843.33
2024,10,Europe,1 Series,EV,3290,256010284.47
2024,10,North America,3 Series,ICE,4626,330564439.16
2024,10,North America,5 Series,ICE,1263,58374483.48
2024,10,North America,7 Series,EV,6268,770457238.2
2024,10,North America,X3,EV,1383,194943717.41
2024,10,North America,X5,ICE,841,43399145.12
2024,10,North America,X7,ICE,9327,905517617.95
2024,10,North America,i4,EV,2779,401260540.11
2024,10,North America,iX,Hybrid,3925,379789481.48
2024,10,North America,i7,EV,9368,414357754.51
2024,10,North America,M3,Hybrid,1825,262441644.56
2024,10,North America,M5,ICE,5557,349743229.22
2024,10,North America,Z4,ICE,1343,64193508.82
2024,10,North America,2 Series,Hybrid,5688,453642163.95
2024,10,North America,4 Series,ICE,5755,716133404.74
2024,10,North America,1 Series,EV,5911,238296857.19
2024,10,China,3 Series,EV,5095,461425490.81
2024,10,China,5 Series,ICE,5750,508752478.43
2024,10,China,7 Series,ICE,6544,592664086.08
2024,10,China,X3,EV,8242,891771962.38
2024,10,China,X5,ICE,1571,62536190.27
2024,10,China,X7,Hybrid,9244,919825406.07
2024,10,China,i4,EV,1665,214120793.36
2024,10,China,iX,ICE,3188,357686972.76
2024,10,China,i7,Hybrid,3776,477747851.41
2024,10,China,M3,ICE,4941,234977404.65
2024,10,China,M5,EV,4169,490112913.48
2024,10,China,Z4,EV,3040,113543432.93
2024,10,China,2 Series,EV,3387,340223149.21
2024,10,China,4 Series,EV,8328,757451702.3
2024,10,China,1 Series,ICE,3324,427633709.73
2024,10,Asia Pacific,3 Series,EV,8650,751012768.86
2024,10,Asia Pacific,5 Series,ICE,5580,749328609.86
2024,10,Asia Pacific,7 Series,EV,1509,225216829.78
2024,10,Asia Pacific,X3,ICE,4554,165032789.69
2024,10,Asia Pacific,X5,ICE,2019,284803064.78
2024,10,Asia Pacific,X7,ICE,3253,262734764.8
2024,10,Asia Pacific,i4,ICE,9137,500390676.94
2024,10,Asia Pacific,iX,EV,1885,157766989.04
2024,10,Asia Pacific,i7,EV,7352,855783718.6
2024,10,Asia Pacific,M3,Hybrid,8202,296940463.55
2024,10,Asia Pacific,M5,EV,6311,781685511.15
2024,10,Asia Pacific,Z4,Hybrid,3147,409641684.34
2024,10,Asia Pacific,2 Series,ICE,9412,418914309.41
2024,10,Asia Pacific,4 Series,Hybrid,4850,617867084.8
2024,10,Asia Pacific,1 Series,EV,5245,737456291.93
2024,10,Middle East & Africa,3 Series,Hybrid,3016,350435434.18
2024,10,Middle East & Africa,5 Series,ICE,8742,387891792.38
2024,10,Middle East & Africa,7 Series,ICE,9391,491264903.57
2024,10,Middle East & Africa,X3,Hybrid,2288,167019860.81
2024,10,Middle East & Africa,X5,Hybrid,7209,652068240.91
2024,10,Middle East & Africa,X7,EV,2747,335716894.49
2024,10,Middle East & Africa,i4,EV,1631,149544082.4
2024,10,Middle East & Africa,iX,EV,6838,265011533.85
2024,10,Middle East & Africa,i7,Hybrid,5722,788056425.3
2024,10,Middle East & Africa,M3,Hybrid,1820,258947443.55
2024,10,Middle East & Africa,M5,Hybrid,3580,286752440.83
2024,10,Middle East & Africa,Z4,Hybrid,3162,340192076.5
2024,10,Middle East & Africa,2 Series,EV,2567,203553496.13
2024,10,Middle East & Africa,4 Series,ICE,8414,1033709231.12
2024,10,Middle East & Africa,1 Series,Hybrid,5813,494640188.29
2024,10,Latin America,3 Series,ICE,4315,304936134.37
2024,10,Latin America,5 Series,EV,7887,1120666013.09
2024,10,Latin America,7 Series,EV,5465,611282605.29
2024,10,Latin America,X3,ICE,1480,132205735.25
2024,10,Latin America,X5,ICE,2736,178886837.41
2024,10,Latin America,X7,EV,8876,1050997020.7
2024,10,Latin America,i4,Hybrid,9257,1277982107.09
2024,10,Latin America,iX,ICE,9074,1130986857.09
2024,10,Latin America,i7,Hybrid,3806,509091715.9
2024,10,Latin America,M3,EV,8437,721032344.62
2024,10,Latin America,M5,EV,8338,380745672.71
2024,10,Latin America,Z4,Hybrid,888,117384217.43
2024,10,Latin America,2 Series,ICE,1129,140714954.36
2024,10,Latin America,4 Series,EV,4604,541355306.55
2024,10,Latin America,1 Series,ICE,5354,259654040.26
2024,11,Europe,3 Series,ICE,6143,622009399.13
2024,11,Europe,5 Series,Hybrid,9453,646036459.79
2024,11,Europe,7 Series,EV,4681,244505838.26
2024,11,Europe,X3,EV,4807,382402294.81
2024,11,Europe,X5,EV,3633,239275778.12
2024,11,Europe,X7,EV,924,93967613.23
2024,11,Europe,i4,EV,3596,283098486.52
2024,11,Europe,iX,EV,7989,1053971694.12
2024,11,Europe,i7,Hybrid,6980,390388442.16
2024,11,Europe,M3,EV,7602,622514214.71
2024,11,Europe,M5,ICE,2167,270670419.89
2024,11,Europe,Z4,Hybrid,7417,637334059.4
2024,11,Europe,2 Series,Hybrid,5176,404128112.11
2024,11,Europe,4 Series,ICE,6746,674431983.34
2024,11,Europe,1 Series,EV,2023,186430124.27
2024,11,North America,3 Series,EV,10118,1237046083.03
2024,11,North America,5 Series,Hybrid,7939,328238150.18
2024,11,North America,7 Series,Hybrid,3399,167123089.29
2024,11,North America,X3,EV,4493,498629638.56
2024,11,North America,X5,ICE,6789,747558352.61
2024,11,North America,X7,ICE,2451,140070047.01
2024,11,North America,i4,EV,2742,141092943.8
2024,11,North America,iX,EV,2776,218179165.81
2024,11,North America,i7,EV,9340,356469923.24
2024,11,North America,M3,EV,4528,665823567.17
2024,11,North America,M5,EV,8286,670047924.98
2024,11,North America,Z4,Hybrid,1799,153507398.49
2024,11,North America,2 Series,EV,4163,432370653.14
2024,11,North America,4 Series,ICE,5539,501142865.65
2024,11,North America,1 Series,EV,1020,136752294.09
2024,11,China,3 Series,ICE,6575,650293448.2
2024,11,China,5 Series,ICE,5854,434214077.04
2024,11,China,7 Series,ICE,6704,824168976.43
2024,11,China,X3,Hybrid,676,51810431.32
2024,11,China,X5,EV,8960,1140146948.48
2024,11,China,X7,Hybrid,5018,748867034.21
2024,11,China,i4,EV,4153,159617698.7
2024,11,China,iX,EV,4989,540394950.84
2024,11,China,i7,Hybrid,4119,229630210.69
2024,11,China,M3,ICE,7335,399098354.66
2024,11,China,M5,ICE,1522,59252990.9
2024,11,China,Z4,EV,7717,1071970035.39
2024,11,China,2 Series,EV,5326,769145554.41
2024,11,China,4 Series,EV,6687,857792634.74
2024,11,China,1 Series,EV,8477,1193255063.31
2024,11,Asia Pacific,3 Series,Hybrid,2892,333915523.38
2024,11,Asia Pacific,5 Series,ICE,2383,238893733.94
2024,11,Asia Pacific,7 Series,EV,2427,116511855.43
2024,11,Asia Pacific,X3,EV,6316,439264926.65
2024,11,Asia Pacific,X5,Hybrid,2779,155669572.46
2024,11,Asia Pacific,X7,EV,682,25390454.76
2024,11,Asia Pacific,i4,ICE,958,87256407.64
2024,11,Asia Pacific,iX,Hybrid,1304,48819485.3
2024,11,Asia Pacific,i7,EV,8436,1024945458.62
2024,11,Asia Pacific,M3,ICE,9608,665057173.36
2024,11,Asia Pacific,M5,EV,1266,121447555.59
2024,11,Asia Pacific,Z4,EV,7953,340685364.01
2024,11,Asia Pacific,2 Series,EV,3276,164242012.31
2024,11,Asia Pacific,4 Series,Hybrid,7643,953010852.37
2024,11,Asia Pacific,1 Series,Hybrid,4948,498177079.2
2024,11,Middle East & Africa,3 Series,ICE,2540,156028025.05
2024,11,Middle East & Africa,5 Series,EV,1176,164031983.59
2024,11,Middle East & Africa,7 Series,Hybrid,8168,1167761728.86
2024,11,Middle East & Africa,X3,ICE,768,59775941.3
2024,11,Middle East & Africa,X5,EV,2259,258003474.74
2024,11,Middle East & Africa,X7,ICE,6355,230073594.93
2024,11,Middle East & Africa,i4,ICE,1646,121130610.08
2024,11,Middle East & Africa,iX,EV,2035,165147640.66
2024,11,Middle East & Africa,i7,ICE,8474,630107023.16
2024,11,Middle East & Africa,M3,EV,7151,256014681.55
2024,11,Middle East & Africa,M5,Hybrid,7200,609932368.33
2024,11,Middle East & Africa,Z4,EV,10283,1151393512.05
2024,11,Middle East & Africa,2 Series,ICE,1860,187334712.77
2024,11,Middle East & Africa,4 Series,ICE,9376,920877900.24
2024,11,Middle East & Africa,1 Series,EV,1781,206736122.89
2024,11,Latin America,3 Series,EV,5619,733864896.59
2024,11,Latin America,5 Series,EV,8586,771117078.26
2024,11,Latin America,7 Series,Hybrid,2311,108296168.19
2024,11,Latin America,X3,Hybrid,7731,1083622132.03
2024,11,Latin America,X5,EV,1380,81787699.68
2024,11,Latin America,X7,EV,4609,480153296.71
2024,11,Latin America,i4,EV,10484,769928066.44
2024,11,Latin America,iX,EV,3869,184669044.29
2024,11,Latin America,i7,EV,4143,287474787.71
2024,11,Latin America,M3,EV,8446,695825589.14
2024,11,Latin America,M5,Hybrid,4234,399986483.86
2024,11,Latin America,Z4,Hybrid,6862,477208208.06
2024,11,Latin America,2 Series,EV,9530,1130982119.43
2024,11,Latin America,4 Series,ICE,7065,888645791.57
2024,11,Latin America,1 Series,Hybrid,10160,702693060.06
2024,12,Europe,3 Series,EV,2708,201474938.13
2024,12,Europe,5 Series,Hybrid,9640,886608606.49
2024,12,Europe,7 Series,EV,9144,821163995.73
2024,12,Europe,X3,Hybrid,5034,669079532.39
2024,12,Europe,X5,ICE,6408,701501614.13
2024,12,Europe,X7,EV,7538,304464749.31
2024,12,Europe,i4,EV,3712,406228358.02
2024,12,Europe,iX,EV,1797,182999243.61
2024,12,Europe,i7,Hybrid,1168,137724046.65
2024,12,Europe,M3,EV,733,60970407.55
2024,12,Europe,M5,Hybrid,2920,144995963.31
2024,12,Europe,Z4,EV,4602,573449128.31
2024,12,Europe,2 Series,EV,1841,119840615.45
2024,12,Europe,4 Series,ICE,890,111176453.89
2024,12,Europe,1 Series,ICE,7087,833082008.19
2024,12,North America,3 Series,ICE,9335,389684459.13
2024,12,North America,5 Series,ICE,3653,229403223.85
2024,12,North America,7 Series,EV,1882,105768150.77
2024,12,North America,X3,ICE,4151,268743361.61
2024,12,North America,X5,EV,3878,568168564.64
2024,12,North America,X7,ICE,760,72196873.4
2024,12,North America,i4,ICE,7310,438630552.67
2024,12,North America,iX,Hybrid,6679,443373384.85
2024,12,North America,i7,EV,2092,202821407.77
2024,12,North America,M3,ICE,9656,1056837449.8
2024,12,North America,M5,Hybrid,5075,709653927.17
2024,12,North America,Z4,Hybrid,5853,260331474.06
2024,12,North America,2 Series,Hybrid,9602,1208018516.46
2024,12,North America,4 Series,ICE,9274,1115677905.07
2024,12,North America,1 Series,Hybrid,7991,577840662.03
2024,12,China,3 Series,ICE,2448,244110339.69
2024,12,China,5 Series,EV,8647,357936027.72
2024,12,China,7 Series,Hybrid,5106,686432803.48
2024,12,China,X3,EV,3362,312236961.19
2024,12,China,X5,ICE,8514,609443803.93
2024,12,China,X7,EV,1213,82091136.26
2024,12,China,i4,EV,1843,168932275.41
2024,12,China,iX,ICE,8255,986401063.32
2024,12,China,i7,Hybrid,4638,305080861.57
2024,12,China,M3,EV,6428,931643137.32
2024,12,China,M5,EV,4783,319864606.28
2024,12,China,Z4,EV,8675,892187829.43
2024,12,China,2 Series,ICE,7334,689683333.9
2024,12,China,4 Series,EV,2763,159659186.65
2024,12,China,1 Series,EV,9033,1242694351.98
2024,12,Asia Pacific,3 Series,ICE,5152,381992443.27
2024,12,Asia Pacific,5 Series,EV,9531,388907373.05
2024,12,Asia Pacific,7 Series,EV,4692,620237318.67
2024,12,Asia Pacific,X3,ICE,8271,530603506.02
2024,12,Asia Pacific,X5,EV,5906,692045163.84
2024,12,Asia Pacific,X7,Hybrid,1104,82674901.24
2024,12,Asia Pacific,i4,Hybrid,1323,65401250.83
2024,12,Asia Pacific,iX,EV,3552,135895227.8
2024,12,Asia Pacific,i7,EV,4802,347139515.0
2024,12,Asia Pacific,M3,EV,1255,181902900.11
2024,12,Asia Pacific,M5,ICE,6877,360814380.15
2024,12,Asia Pacific,Z4,EV,9330,647527034.44
2024,12,Asia Pacific,2 Series,Hybrid,3337,344642342.14
2024,12,Asia Pacific,4 Series,ICE,8604,387818068.37
2024,12,Asia Pacific,1 Series,Hybrid,6229,243511743.01
2024,12,Middle East & Africa,3 Series,Hybrid,5267,239544779.83
2024,12,Middle East & Africa,5 Series,ICE,8986,671297539.49
2024,12,Middle East & Africa,7 Series,ICE,8351,992608118.69
2024,12,Middle East & Africa,X3,Hybrid,3533,519429599.84
2024,12,Middle East & Africa,X5,EV,9434,691662011.9
2024,12,Middle East & Africa,X7,Hybrid,7929,729947148.04
2024,12,Middle East & Africa,i4,ICE,4528,278565376.58
2024,12,Middle East & Africa,iX,EV,7291,1077435412.13
2024,12,Middle East & Africa,i7,Hybrid,861,72769203.15
2024,12,Middle East & Africa,M3,EV,2147,93522998.56
2024,12,Middle East & Africa,M5,EV,6299,866455104.1
2024,12,Middle East & Africa,Z4,EV,2896,104443329.35
2024,12,Middle East & Africa,2 Series,EV,5191,225357497.57
2024,12,Middle East & Africa,4 Series,ICE,1947,204080726.45
2024,12,Middle East & Africa,1 Series,EV,6133,685541415.65
2024,12,Latin America,3 Series,Hybrid,5094,223600334.87
2024,12,Latin America,5 Series,ICE,2942,245900285.94
2024,12,Latin America,7 Series,EV,5113,629042758.96
2024,12,Latin America,X3,ICE,958,64876624.64
2024,12,Latin America,X5,EV,7274,296461641.16
2024,12,Latin America,X7,ICE,2122,199565800.03
2024,12,Latin America,i4,Hybrid,1631,95934220.53
2024,12,Latin America,iX,ICE,9462,455848130.88
2024,12,Latin America,i7,EV,6290,515010445.88
2024,12,Latin America,M3,Hybrid,7875,594689673.03
2024,12,Latin America,M5,Hybrid,7308,609146424.67
2024,12,Latin America,Z4,EV,4309,478283537.97
2024,12,Latin America,2 Series,Hybrid,4977,481150603.69
2024,12,Latin America,4 Series,ICE,5051,196694054.33
2024,12,Latin America,1 Series,Hybrid,2319,122926002.5
2025,1,Europe,3 Series,ICE,8164,391136280.4
2025,1,Europe,5 Series,EV,9230,486871848.1
2025,1,Europe,7 Series,ICE,2750,185659523.66
2025,1,Europe,X3,Hybrid,3139,366857742.06
2025,1,Europe,X5,ICE,5827,719018880.53
2025,1,Europe,X7,EV,9959,1033920764.94
2025,1,Europe,i4,EV,6412,697481149.74
2025,1,Europe,iX,Hybrid,3708,216948584.04
2025,1,Europe,i7,Hybrid,1389,125416542.05
2025,1,Europe,M3,EV,5050,475895579.94
2025,1,Europe,M5,Hybrid,4086,406706034.15
2025,1,Europe,Z4,EV,9070,760732245.32
2025,1,Europe,2 Series,Hybrid,1077,112951790.7
2025,1,Europe,4 Series,Hybrid,4523,316257539.84
2025,1,Europe,1 Series,EV,1578,221475578.29
2025,1,North America,3 Series,EV,2895,150115039.63
2025,1,North America,5 Series,EV,1979,259274456.39
2025,1,North America,7 Series,Hybrid,4361,259923138.75
2025,1,North America,X3,EV,7973,1007621499.26
2025,1,North America,X5,ICE,2479,227918868.47
2025,1,North America,X7,EV,1812,96945898.91
2025,1,North America,i4,Hybrid,4300,388100582.76
2025,1,North America,iX,ICE,8684,566209271.79
2025,1,North America,i7,ICE,5058,345756390.6
2025,1,North America,M3,Hybrid,6758,502401035.61
2025,1,North America,M5,EV,969,116864518.16
2025,1,North America,Z4,ICE,6680,656741333.93
2025,1,North America,2 Series,ICE,9507,1022726945.22
2025,1,North America,4 Series,ICE,5956,420693018.95
2025,1,North America,1 Series,ICE,2559,324502719.28
2025,1,China,3 Series,EV,3267,404557201.06
2025,1,China,5 Series,ICE,971,66485064.55
2025,1,China,7 Series,Hybrid,6768,966040067.4
2025,1,China,X3,EV,6056,709127284.44
2025,1,China,X5,ICE,6699,730452725.38
2025,1,China,X7,Hybrid,3414,271620853.89
2025,1,China,i4,Hybrid,6110,466260355.9
2025,1,China,iX,Hybrid,8752,452533494.2
2025,1,China,i7,ICE,8441,687817851.56
2025,1,China,M3,ICE,1859,92779932.84
2025,1,China,M5,EV,3253,256849687.08
2025,1,China,Z4,Hybrid,10366,1499412840.92
2025,1,China,2 Series,ICE,1520,143861259.77
2025,1,China,4 Series,EV,8783,1239704548.93
2025,1,China,1 Series,EV,2531,236108670.04
2025,1,Asia Pacific,3 Series,EV,3750,304848367.01
2025,1,Asia Pacific,5 Series,ICE,6772,898827806.4
2025,1,Asia Pacific,7 Series,ICE,1966,193911308.12
2025,1,Asia Pacific,X3,EV,5915,229911490.05
2025,1,Asia Pacific,X5,EV,8376,373010289.95
2025,1,Asia Pacific,X7,ICE,4862,633760218.54
2025,1,Asia Pacific,i4,EV,10416,727201411.63
2025,1,Asia Pacific,iX,ICE,1984,292370806.68
2025,1,Asia Pacific,i7,EV,2075,202489458.22
2025,1,Asia Pacific,M3,Hybrid,7404,998468118.15
2025,1,Asia Pacific,M5,ICE,1377,54775026.18
2025,1,Asia Pacific,Z4,EV,10163,484122921.06
2025,1,Asia Pacific,2 Series,Hybrid,7286,823970790.39
2025,1,Asia Pacific,4 Series,EV,8344,544951466.69
2025,1,Asia Pacific,1 Series,ICE,8123,820273658.46
2025,1,Middle East & Africa,3 Series,ICE,1362,118811359.86
2025,1,Middle East & Africa,5 Series,EV,1749,175431703.64
2025,1,Middle East & Africa,7 Series,EV,8479,862471415.89
2025,1,Middle East & Africa,X3,EV,2058,272489231.38
2025,1,Middle East & Africa,X5,Hybrid,7848,403753518.0
2025,1,Middle East & Africa,X7,Hybrid,5614,553003303.86
2025,1,Middle East & Africa,i4,EV,3298,132598218.21
2025,1,Middle East & Africa,iX,ICE,3243,395309140.83
2025,1,Middle East & Africa,i7,Hybrid,1989,298217437.89
2025,1,Middle East & Africa,M3,EV,1649,237636389.5
2025,1,Middle East & Africa,M5,Hybrid,1611,99265671.97
2025,1,Middle East & Africa,Z4,Hybrid,1829,187533466.97
2025,1,Middle East & Africa,2 Series,ICE,3863,358361727.15
2025,1,Middle East & Africa,4 Series,Hybrid,7024,885896827.23
2025,1,Middle East & Africa,1 Series,EV,9836,457472970.07
2025,1,Latin America,3 Series,EV,5860,348425140.76
2025,1,Latin America,5 Series,ICE,1639,209517650.5
2025,1,Latin America,7 Series,EV,4472,400186510.02
2025,1,Latin America,X3,EV,2216,246109229.21
2025,1,Latin America,X5,Hybrid,3692,322401329.72
2025,1,Latin America,X7,ICE,2773,413758332.99
2025,1,Latin America,i4,Hybrid,3439,349993260.94
2025,1,Latin America,iX,EV,6074,634677666.81
2025,1,Latin America,i7,ICE,6372,390650282.92
2025,1,Latin America,M3,EV,6736,379705253.14
2025,1,Latin America,M5,EV,3408,445927949.02
2025,1,Latin America,Z4,ICE,2357,301796047.63
2025,1,Latin America,2 Series,Hybrid,1387,137312916.38
2025,1,Latin America,4 Series,Hybrid,4506,512900795.77
2025,1,Latin America,1 Series,ICE,1027,107110431.71
2025,2,Europe,3 Series,EV,3654,167650729.62
2025,2,Europe,5 Series,Hybrid,4273,607054045.8
2025,2,Europe,7 Series,ICE,3535,510160847.93
2025,2,Europe,X3,Hybrid,6600,657125858.29
2025,2,Europe,X5,EV,7453,705537631.78
2025,2,Europe,X7,ICE,3298,292661765.32
2025,2,Europe,i4,EV,3151,148885452.54
2025,2,Europe,iX,EV,9889,878949755.03
2025,2,Europe,i7,EV,5283,765569371.28
2025,2,Europe,M3,EV,7461,753740297.24
2025,2,Europe,M5,Hybrid,2904,374109043.11
2025,2,Europe,Z4,EV,5331,254419460.72
2025,2,Europe,2 Series,EV,4790,555164319.8
2025,2,Europe,4 Series,Hybrid,1322,88539204.13
2025,2,Europe,1 Series,ICE,1525,104886961.68
2025,2,North America,3 Series,EV,8827,1170980500.37
2025,2,North America,5 Series,Hybrid,3340,206508039.47
2025,2,North America,7 Series,EV,3963,471586274.88
2025,2,North America,X3,EV,4105,220037185.65
2025,2,North America,X5,EV,1773,200643659.43
2025,2,North America,X7,EV,7746,488287361.76
2025,2,North America,i4,ICE,7684,814325062.99
2025,2,North America,iX,EV,6251,669159480.98
2025,2,North America,i7,EV,3036,356814402.04
2025,2,North America,M3,EV,7034,918775790.84
2025,2,North America,M5,ICE,5045,506070894.2
2025,2,North America,Z4,Hybrid,5356,282789247.24
2025,2,North America,2 Series,Hybrid,8591,1218597803.75
2025,2,North America,4 Series,ICE,9083,1177234649.46
2025,2,North America,1 Series,EV,4968,727916943.99
2025,2,China,3 Series,ICE,6577,592611882.62
2025,2,China,5 Series,EV,6371,290748288.42
2025,2,China,7 Series,EV,3002,174377754.18
2025,2,China,X3,ICE,8624,905780231.77
2025,2,China,X5,Hybrid,973,74929269.2
2025,2,China,X7,EV,1692,103777944.52
2025,2,China,i4,Hybrid,6393,871341458.87
2025,2,China,iX,ICE,1990,159634157.68
2025,2,China,i7,EV,6653,947807798.64
2025,2,China,M3,Hybrid,3312,268517331.53
2025,2,China,M5,EV,6534,565216798.09
2025,2,China,Z4,ICE,3885,416724882.78
2025,2,China,2 Series,Hybrid,5070,686995491.19
2025,2,China,4 Series,EV,2945,147888568.62
2025,2,China,1 Series,EV,1766,261968316.11
2025,2,Asia Pacific,3 Series,Hybrid,8641,452401928.21
2025,2,Asia Pacific,5 Series,Hybrid,7521,824086575.58
2025,2,Asia Pacific,7 Series,Hybrid,7863,627345259.5
2025,2,Asia Pacific,X3,ICE,1186,148408612.12
2025,2,Asia Pacific,X5,EV,1875,227310527.02
2025,2,Asia Pacific,X7,ICE,3992,330365894.09
2025,2,Asia Pacific,i4,EV,5065,327508715.61
2025,2,Asia Pacific,iX,ICE,9232,988580427.61
2025,2,Asia Pacific,i7,ICE,1688,59314365.39
2025,2,Asia Pacific,M3,EV,6488,715899446.58
2025,2,Asia Pacific,M5,ICE,9148,1342231637.63
2025,2,Asia Pacific,Z4,EV,6431,728284444.98
2025,2,Asia Pacific,2 Series,EV,10714,1065812244.94
2025,2,Asia Pacific,4 Series,Hybrid,1839,261504496.13
2025,2,Asia Pacific,1 Series,ICE,3536,338964178.29
2025,2,Middle East & Africa,3 Series,Hybrid,10997,974482052.69
2025,2,Middle East & Africa,5 Series,EV,8058,1075332067.8
2025,2,Middle East & Africa,7 Series,EV,4171,179660978.52
2025,2,Middle East & Africa,X3,ICE,1481,142154115.98
2025,2,Middle East & Africa,X5,ICE,1868,111206021.83
2025,2,Middle East & Africa,X7,ICE,9202,1191879387.04
2025,2,Middle East & Africa,i4,ICE,4192,450282454.71
2025,2,Middle East & Africa,iX,EV,3210,169767835.17
2025,2,Middle East & Africa,i7,Hybrid,7878,844490154.88
2025,2,Middle East & Africa,M3,EV,5088,363483558.49
2025,2,Middle East & Africa,M5,EV,6141,813534626.6
2025,2,Middle East & Africa,Z4,Hybrid,858,44568228.34
2025,2,Middle East & Africa,2 Series,EV,6854,690403383.9
2025,2,Middle East & Africa,4 Series,ICE,2805,143307111.07
2025,2,Middle East & Africa,1 Series,EV,2403,259601924.95
2025,2,Latin America,3 Series,Hybrid,5922,326317365.11
2025,2,Latin America,5 Series,EV,3131,203215123.87
2025,2,Latin America,7 Series,EV,6315,845633566.15
2025,2,Latin America,X3,EV,3632,383951741.54
2025,2,Latin America,X5,EV,3190,302498632.18
2025,2,Latin America,X7,EV,3472,419779291.67
2025,2,Latin America,i4,Hybrid,8446,718127234.79
2025,2,Latin America,iX,ICE,9015,635987318.73
2025,2,Latin America,i7,EV,2640,170578196.74
2025,2,Latin America,M3,EV,5410,538953880.85
2025,2,Latin America,M5,Hybrid,9088,1052256433.19
2025,2,Latin America,Z4,EV,8058,333725479.1
2025,2,Latin America,2 Series,EV,4933,267336226.85
2025,2,Latin America,4 Series,Hybrid,6230,255398885.53
2025,2,Latin America,1 Series,EV,6060,317989812.82
2025,3,Europe,3 Series,EV,3798,549484571.68
2025,3,Europe,5 Series,Hybrid,1820,249207711.71
2025,3,Europe,7 Series,EV,5036,301565118.78
2025,3,Europe,X3,ICE,5689,549253328.22
2025,3,Europe,X5,ICE,6863,759444506.95
2025,3,Europe,X7,EV,5731,350442216.29
2025,3,Europe,i4,Hybrid,9143,952600905.27
2025,3,Europe,iX,Hybrid,6241,445123231.36
2025,3,Europe,i7,Hybrid,7265,936125975.43
2025,3,Europe,M3,ICE,5083,227789139.01
2025,3,Europe,M5,ICE,7208,576813416.81
2025,3,Europe,Z4,EV,713,68224257.78
2025,3,Europe,2 Series,ICE,4254,468312827.9
2025,3,Europe,4 Series,EV,1569,120731890.88
2025,3,Europe,1 Series,EV,8977,526123333.87
2025,3,North America,3 Series,ICE,799,61180852.94
2025,3,North America,5 Series,EV,1030,96241965.05
2025,3,North America,7 Series,ICE,2452,366171928.99
2025,3,North America,X3,EV,5953,866626355.94
2025,3,North America,X5,EV,2606,102992430.49
2025,3,North America,X7,Hybrid,8189,477526145.21
2025,3,North America,i4,ICE,4933,414753346.65
2025,3,North America,iX,Hybrid,3725,194351049.27
2025,3,North America,i7,ICE,1805,191286704.67
2025,3,North America,M3,EV,6102,595851440.53
2025,3,North America,M5,ICE,6923,785179079.34
2025,3,North America,Z4,ICE,7396,906999078.67
2025,3,North America,2 Series,ICE,4592,243633924.02
2025,3,North America,4 Series,EV,3930,178846664.52
2025,3,North America,1 Series,EV,921,125969970.55
2025,3,China,3 Series,ICE,1894,216281718.23
2025,3,China,5 Series,EV,7381,622709570.2
2025,3,China,7 Series,ICE,7040,416257283.49
2025,3,China,X3,ICE,4916,308096131.73
2025,3,China,X5,ICE,8765,539530325.56
2025,3,China,X7,EV,2740,311051177.9
2025,3,China,i4,EV,6959,1040460486.16
2025,3,China,iX,Hybrid,2833,418633141.24
2025,3,China,i7,EV,2297,228388987.96
2025,3,China,M3,EV,1970,229679118.52
2025,3,China,M5,ICE,5468,684726779.07
2025,3,China,Z4,EV,9534,1130652083.25
2025,3,China,2 Series,Hybrid,3023,106303864.91
2025,3,China,4 Series,Hybrid,9589,1375347855.93
2025,3,China,1 Series,Hybrid,5076,516395484.01
2025,3,Asia Pacific,3 Series,ICE,7915,541126661.74
2025,3,Asia Pacific,5 Series,EV,5718,416600616.7
2025,3,Asia Pacific,7 Series,EV,5649,290418746.01
2025,3,Asia Pacific,X3,EV,9767,921109147.39
2025,3,Asia Pacific,X5,EV,3385,258094235.49
2025,3,Asia Pacific,X7,Hybrid,859,125325717.98
2025,3,Asia Pacific,i4,Hybrid,7394,612265853.56
2025,3,Asia Pacific,iX,EV,8118,592111198.19
2025,3,Asia Pacific,i7,ICE,3990,459987360.05
2025,3,Asia Pacific,M3,EV,2111,311702016.74
2025,3,Asia Pacific,M5,EV,4044,396508274.66
2025,3,Asia Pacific,Z4,EV,7337,513432080.84
2025,3,Asia Pacific,2 Series,Hybrid,3677,532372251.88
2025,3,Asia Pacific,4 Series,EV,3846,313556946.8
2025,3,Asia Pacific,1 Series,EV,9198,531873328.34
2025,3,Middle East & Africa,3 Series,Hybrid,7924,382874370.57
2025,3,Middle East & Africa,5 Series,Hybrid,2479,177804414.01
2025,3,Middle East & Africa,7 Series,EV,8691,749268139.4
2025,3,Middle East & Africa,X3,Hybrid,5808,230248496.45
2025,3,Middle East & Africa,X5,ICE,5028,515719558.2
2025,3,Middle East & Africa,X7,EV,798,116381683.23
2025,3,Middle East & Africa,i4,EV,6806,635424242.23
2025,3,Middle East & Africa,iX,EV,6810,893666456.34
2025,3,Middle East & Africa,i7,Hybrid,9842,1299049371.59
2025,3,Middle East & Africa,M3,EV,1863,277661967.18
2025,3,Middle East & Africa,M5,ICE,7684,880553308.46
2025,3,Middle East & Africa,Z4,ICE,8039,1094247667.59
2025,3,Middle East & Africa,2 Series,ICE,8937,891966679.84
2025,3,Middle East & Africa,4 Series,Hybrid,5299,555524341.56
2025,3,Middle East & Africa,1 Series,EV,1835,229933330.17
2025,3,Latin America,3 Series,EV,9102,337747606.02
2025,3,Latin America,5 Series,Hybrid,4082,598952167.99
2025,3,Latin America,7 Series,Hybrid,3127,421575693.09
2025,3,Latin America,X3,ICE,4166,418885114.13
2025,3,Latin America,X5,EV,4859,488818393.27
2025,3,Latin America,X7,EV,1121,53290568.83
2025,3,Latin America,i4,Hybrid,2220,275962825.58
2025,3,Latin America,iX,ICE,8117,1009251605.82
2025,3,Latin America,i7,ICE,10272,681176164.21
2025,3,Latin America,M3,Hybrid,7631,856474342.42
2025,3,Latin America,M5,EV,9989,1058875745.82
2025,3,Latin America,Z4,ICE,8738,804086807.39
2025,3,Latin America,2 Series,Hybrid,1847,223460448.0
2025,3,Latin America,4 Series,EV,6801,737846496.3
2025,3,Latin America,1 Series,EV,10442,517550102.23
2025,4,Europe,3 Series,ICE,11162,1283988786.81
2025,4,Europe,5 Series,EV,10884,1443557273.63
2025,4,Europe,7 Series,ICE,7710,749530457.8
2025,4,Europe,X3,Hybrid,4726,244506167.11
2025,4,Europe,X5,Hybrid,8180,813864766.25
2025,4,Europe,X7,EV,4811,226429905.5
2025,4,Europe,i4,EV,3563,521811202.98
2025,4,Europe,iX,Hybrid,7465,872306829.89
2025,4,Europe,i7,EV,754,67166588.6
2025,4,Europe,M3,Hybrid,3721,549684955.84
2025,4,Europe,M5,EV,8570,592844526.54
2025,4,Europe,Z4,ICE,5726,623536062.45
2025,4,Europe,2 Series,ICE,8625,411297985.61
2025,4,Europe,4 Series,EV,5255,731217831.79
2025,4,Europe,1 Series,ICE,4670,507296004.09
2025,4,North America,3 Series,EV,3757,260125644.56
2025,4,North America,5 Series,Hybrid,4862,231185157.57
2025,4,North America,7 Series,Hybrid,9526,606719036.59
2025,4,North America,X3,EV,5632,592997497.28
2025,4,North America,X5,Hybrid,7441,998248089.88
2025,4,North America,X7,EV,5886,682569509.47
2025,4,North America,i4,EV,4975,663333090.16
2025,4,North America,iX,Hybrid,8013,899636141.32
2025,4,North America,i7,Hybrid,8491,836353809.41
2025,4,North America,M3,Hybrid,5883,763250391.92
2025,4,North America,M5,EV,6903,909235220.31
2025,4,North America,Z4,EV,1378,151576961.84
2025,4,North America,2 Series,ICE,8465,749614256.92
2025,4,North America,4 Series,Hybrid,10843,1173585725.59
2025,4,North America,1 Series,ICE,6696,716726987.08
2025,4,China,3 Series,Hybrid,5832,595708733.88
2025,4,China,5 Series,ICE,2845,263505816.09
2025,4,China,7 Series,ICE,3412,279825032.8
2025,4,China,X3,EV,3840,379190197.23
2025,4,China,X5,EV,1151,69962334.06
2025,4,China,X7,EV,2299,261139546.39
2025,4,China,i4,Hybrid,2475,154335261.93
2025,4,China,iX,EV,7772,378273583.79
2025,4,China,i7,EV,2146,245388171.18
2025,4,China,M3,ICE,1863,168486389.4
2025,4,China,M5,ICE,5432,396101500.35
2025,4,China,Z4,ICE,3344,237777731.14
2025,4,China,2 Series,Hybrid,5986,238354675.05
2025,4,China,4 Series,EV,914,43924834.41
2025,4,China,1 Series,ICE,2627,185346234.06
2025,4,Asia Pacific,3 Series,EV,8660,576070940.73
2025,4,Asia Pacific,5 Series,Hybrid,4313,230372450.01
2025,4,Asia Pacific,7 Series,EV,3579,371008179.95
2025,4,Asia Pacific,X3,EV,2174,259202086.54
2025,4,Asia Pacific,X5,EV,9294,356994883.24
2025,4,Asia Pacific,X7,EV,1886,102634032.99
2025,4,Asia Pacific,i4,ICE,6533,721666235.0
2025,4,Asia Pacific,iX,EV,4344,293557051.92
2025,4,Asia Pacific,i7,EV,4082,144921858.41
2025,4,Asia Pacific,M3,ICE,4329,619269701.99
2025,4,Asia Pacific,M5,EV,1072,87804670.14
2025,4,Asia Pacific,Z4,EV,4540,419124570.46
2025,4,Asia Pacific,2 Series,EV,7486,530274894.31
2025,4,Asia Pacific,4 Series,EV,3178,289637332.29
2025,4,Asia Pacific,1 Series,EV,2697,280675961.6
2025,4,Middle East & Africa,3 Series,ICE,9080,348323804.62
2025,4,Middle East & Africa,5 Series,ICE,9059,734099235.67
2025,4,Middle East & Africa,7 Series,Hybrid,8424,1103896150.65
2025,4,Middle East & Africa,X3,EV,5551,553560558.93
2025,4,Middle East & Africa,X5,ICE,7248,305415643.61
2025,4,Middle East & Africa,X7,Hybrid,4348,352393543.31
2025,4,Middle East & Africa,i4,Hybrid,6230,678953022.41
2025,4,Middle East & Africa,iX,EV,975,41652519.22
2025,4,Middle East & Africa,i7,Hybrid,1634,67678560.27
2025,4,Middle East & Africa,M3,EV,2664,280610206.46
2025,4,Middle East & Africa,M5,Hybrid,6882,370339861.45
2025,4,Middle East & Africa,Z4,ICE,2687,264378759.59
2025,4,Middle East & Africa,2 Series,ICE,3317,428086122.25
2025,4,Middle East & Africa,4 Series,EV,7907,342731544.53
2025,4,Middle East & Africa,1 Series,EV,7358,920247494.88
2025,4,Latin America,3 Series,EV,1606,118482853.21
2025,4,Latin America,5 Series,ICE,1408,198188800.11
2025,4,Latin America,7 Series,ICE,1336,66106862.29
2025,4,Latin America,X3,ICE,3194,275048804.38
2025,4,Latin America,X5,ICE,5753,410125621.35
2025,4,Latin America,X7,EV,4029,391898722.83
2025,4,Latin America,i4,EV,8218,805057802.58
2025,4,Latin America,iX,ICE,4488,239029236.89
2025,4,Latin America,i7,EV,9773,1176549834.19
2025,4,Latin America,M3,EV,2350,238163026.49
2025,4,Latin America,M5,ICE,3482,403647961.38
2025,4,Latin America,Z4,Hybrid,6440,773926607.46
2025,4,Latin America,2 Series,ICE,4360,437329111.03
2025,4,Latin America,4 Series,EV,8215,690532361.0
2025,4,Latin America,1 Series,EV,3373,387554551.11
2025,5,Europe,3 Series,ICE,10278,568801623.42
2025,5,Europe,5 Series,Hybrid,5453,626608803.88
2025,5,Europe,7 Series,Hybrid,6986,454091332.82
2025,5,Europe,X3,Hybrid,9559,1000727083.33
2025,5,Europe,X5,Hybrid,5615,697243520.49
2025,5,Europe,X7,ICE,4687,651780856.01
2025,5,Europe,i4,Hybrid,6924,975918191.52
2025,5,Europe,iX,Hybrid,2211,92970611.09
2025,5,Europe,i7,EV,6432,333577522.78
2025,5,Europe,M3,Hybrid,7361,802707009.4
2025,5,Europe,M5,Hybrid,1865,65555920.89
2025,5,Europe,Z4,ICE,5227,493082693.69
2025,5,Europe,2 Series,Hybrid,4038,474392573.53
2025,5,Europe,4 Series,Hybrid,801,34876446.96
2025,5,Europe,1 Series,EV,7193,504557688.74
2025,5,North America,3 Series,Hybrid,9937,767965690.56
2025,5,North America,5 Series,ICE,5635,320938262.34
2025,5,North America,7 Series,ICE,2617,391559466.97
2025,5,North America,X3,ICE,7564,1119796383.36
2025,5,North America,X5,EV,3132,253299247.93
2025,5,North America,X7,ICE,6850,1009463768.25
2025,5,North America,i4,EV,3427,325785836.27
2025,5,North America,iX,ICE,7289,256099656.71
2025,5,North America,i7,Hybrid,8587,780372567.32
2025,5,North America,M3,EV,4141,373298389.55
2025,5,North America,M5,EV,9103,811978459.37
2025,5,North America,Z4,ICE,3394,284534681.39
2025,5,North America,2 Series,Hybrid,4797,497289630.79
2025,5,North America,4 Series,Hybrid,2307,158657343.17
2025,5,North America,1 Series,ICE,1153,49288407.01
2025,5,China,3 Series,ICE,9483,332454393.49
2025,5,China,5 Series,EV,1260,116022877.17
2025,5,China,7 Series,EV,984,35777624.4
2025,5,China,X3,ICE,4453,445365885.89
2025,5,China,X5,ICE,9507,583815418.4
2025,5,China,X7,EV,2208,80315659.1
2025,5,China,i4,EV,7812,696258682.78
2025,5,China,iX,EV,9144,602941612.11
2025,5,China,i7,Hybrid,8189,1096597106.31
2025,5,China,M3,Hybrid,3314,276917870.62
2025,5,China,M5,EV,9457,1144666776.41
2025,5,China,Z4,ICE,7937,415938573.6
2025,5,China,2 Series,EV,7985,960831239.74
2025,5,China,4 Series,EV,2129,94929490.5
2025,5,China,1 Series,ICE,4581,271592622.06
2025,5,Asia Pacific,3 Series,ICE,9561,1270088537.01
2025,5,Asia Pacific,5 Series,ICE,11224,700499695.1
2025,5,Asia Pacific,7 Series,EV,7505,1012167821.74
2025,5,Asia Pacific,X3,EV,9518,1144817797.64
2025,5,Asia Pacific,X5,EV,8038,631962489.48
2025,5,Asia Pacific,X7,ICE,8454,1041694150.29
2025,5,Asia Pacific,i4,ICE,5937,546717657.49
2025,5,Asia Pacific,iX,ICE,8894,923658295.25
2025,5,Asia Pacific,i7,ICE,4469,472678778.19
2025,5,Asia Pacific,M3,Hybrid,5387,357589426.97
2025,5,Asia Pacific,M5,EV,5419,785431470.46
2025,5,Asia Pacific,Z4,EV,5779,390503028.16
2025,5,Asia Pacific,2 Series,ICE,4310,282461580.5
2025,5,Asia Pacific,4 Series,ICE,7240,617021142.79
2025,5,Asia Pacific,1 Series,ICE,4842,346173280.28
2025,5,Middle East & Africa,3 Series,EV,8542,394424193.75
2025,5,Middle East & Africa,5 Series,ICE,8745,1222289226.5
2025,5,Middle East & Africa,7 Series,Hybrid,9444,407455112.82
2025,5,Middle East & Africa,X3,Hybrid,5147,711123839.13
2025,5,Middle East & Africa,X5,EV,8534,614220217.92
2025,5,Middle East & Africa,X7,ICE,2143,162977449.76
2025,5,Middle East & Africa,i4,EV,1873,110711413.31
2025,5,Middle East & Africa,iX,EV,5681,328556985.84
2025,5,Middle East & Africa,i7,ICE,9638,1310018233.51
2025,5,Middle East & Africa,M3,ICE,2089,279338986.3
2025,5,Middle East & Africa,M5,ICE,4385,631664352.31
2025,5,Middle East & Africa,Z4,EV,1811,240735600.96
2025,5,Middle East & Africa,2 Series,ICE,8570,866095575.0
2025,5,Middle East & Africa,4 Series,EV,6282,615805604.02
2025,5,Middle East & Africa,1 Series,ICE,6441,273016842.9
2025,5,Latin America,3 Series,EV,3570,405392175.66
2025,5,Latin America,5 Series,EV,5975,418730487.01
2025,5,Latin America,7 Series,ICE,2517,358873029.03
2025,5,Latin America,X3,EV,5985,841897108.75
2025,5,Latin America,X5,EV,9766,432335617.61
2025,5,Latin America,X7,Hybrid,5038,370968789.53
2025,5,Latin America,i4,ICE,3358,173160432.36
2025,5,Latin America,iX,EV,2491,334768816.63
2025,5,Latin America,i7,EV,7838,741663291.9
2025,5,Latin America,M3,EV,7610,725573269.46
2025,5,Latin America,M5,EV,3907,284741313.13
2025,5,Latin America,Z4,ICE,5704,833609705.37
2025,5,Latin America,2 Series,ICE,621,65325049.39
2025,5,Latin America,4 Series,EV,9048,1347964974.34
2025,5,Latin America,1 Series,EV,5580,783699898.34
2025,6,Europe,3 Series,EV,6846,787075314.04
2025,6,Europe,5 Series,Hybrid,1460,148721567.37
2025,6,Europe,7 Series,ICE,9442,985019849.01
2025,6,Europe,X3,ICE,8960,1320768566.47
2025,6,Europe,X5,ICE,3709,233207567.54
2025,6,Europe,X7,EV,7385,359393027.7
2025,6,Europe,i4,EV,4322,550542862.55
2025,6,Europe,iX,ICE,2121,132772742.98
2025,6,Europe,i7,EV,9072,1003195824.2
2025,6,Europe,M3,Hybrid,3299,444159982.77
2025,6,Europe,M5,EV,1661,83219026.7
2025,6,Europe,Z4,ICE,8030,503853045.19
2025,6,Europe,2 Series,ICE,9283,1045697792.74
2025,6,Europe,4 Series,EV,10580,1283379594.23
2025,6,Europe,1 Series,Hybrid,6142,673166386.82
2025,6,North America,3 Series,ICE,5900,445429647.43
2025,6,North America,5 Series,ICE,1387,65315329.8
2025,6,North America,7 Series,EV,2866,105035081.17
2025,6,North America,X3,Hybrid,2624,239180365.29
2025,6,North America,X5,EV,1246,103246785.22
2025,6,North America,X7,Hybrid,9421,1004250648.83
2025,6,North America,i4,Hybrid,5885,362747758.83
2025,6,North America,iX,Hybrid,8700,384444825.53
2025,6,North America,i7,EV,2443,240298763.47
2025,6,North America,M3,Hybrid,3835,547968912.54
2025,6,North America,M5,EV,6420,506158956.99
2025,6,North America,Z4,EV,11211,1467865505.21
2025,6,North America,2 Series,EV,4828,565824204.52
2025,6,North America,4 Series,Hybrid,3595,333158269.87
2025,6,North America,1 Series,ICE,8533,1270282744.77
2025,6,China,3 Series,Hybrid,975,39109630.61
2025,6,China,5 Series,ICE,3183,172740158.31
2025,6,China,7 Series,EV,7020,617277236.67
2025,6,China,X3,EV,9282,548612060.02
2025,6,China,X5,ICE,759,64323685.78
2025,6,China,X7,Hybrid,5802,287658760.93
2025,6,China,i4,Hybrid,10362,1012275250.53
2025,6,China,iX,ICE,6617,823462734.6
2025,6,China,i7,ICE,2163,259473079.97
2025,6,China,M3,EV,7719,275750463.23
2025,6,China,M5,EV,5636,344061568.04
2025,6,China,Z4,ICE,1636,58624609.17
2025,6,China,2 Series,ICE,5869,355158936.04
2025,6,China,4 Series,EV,4591,558977719.77
2025,6,China,1 Series,EV,7665,691681517.87
2025,6,Asia Pacific,3 Series,Hybrid,4708,681316237.68
2025,6,Asia Pacific,5 Series,ICE,9819,855091088.11
2025,6,Asia Pacific,7 Series,EV,7740,497599159.07
2025,6,Asia Pacific,X3,ICE,5995,612456957.92
2025,6,Asia Pacific,X5,ICE,2085,125875685.41
2025,6,Asia Pacific,X7,EV,8475,833400551.27
2025,6,Asia Pacific,i4,EV,9023,1261721935.98
2025,6,Asia Pacific,iX,Hybrid,2510,99903683.0
2025,6,Asia Pacific,i7,EV,2148,158611289.64
2025,6,Asia Pacific,M3,EV,6252,786632435.55
2025,6,Asia Pacific,M5,EV,7173,987169077.01
2025,6,Asia Pacific,Z4,EV,6641,312060823.7
2025,6,Asia Pacific,2 Series,Hybrid,6546,947527869.57
2025,6,Asia Pacific,4 Series,Hybrid,6636,830822859.92
2025,6,Asia Pacific,1 Series,ICE,10087,623148305.82
2025,6,Middle East & Africa,3 Series,Hybrid,9903,737535974.33
2025,6,Middle East & Africa,5 Series,EV,4162,278986393.29
2025,6,Middle East & Africa,7 Series,EV,9498,1065484144.9
2025,6,Middle East & Africa,X3,Hybrid,2824,329963734.16
2025,6,Middle East & Africa,X5,EV,1528,82128476.16
2025,6,Middle East & Africa,X7,Hybrid,3960,350472549.43
2025,6,Middle East & Africa,i4,EV,835,110751663.29
2025,6,Middle East & Africa,iX,EV,3278,213409583.74
2025,6,Middle East & Africa,i7,Hybrid,9655,1272672079.18
2025,6,Middle East & Africa,M3,EV,4793,436842721.88
2025,6,Middle East & Africa,M5,ICE,6603,387779880.13
2025,6,Middle East & Africa,Z4,ICE,7305,977681349.53
2025,6,Middle East & Africa,2 Series,ICE,5341,258999771.51
2025,6,Middle East & Africa,4 Series,EV,5928,798630191.05
2025,6,Middle East & Africa,1 Series,Hybrid,5935,450604053.25
2025,6,Latin America,3 Series,Hybrid,1147,157225905.62
2025,6,Latin America,5 Series,EV,1278,143737597.08
2025,6,Latin America,7 Series,EV,4811,282748223.01
2025,6,Latin America,X3,ICE,8467,689429887.43
2025,6,Latin America,X5,ICE,7574,692757796.62
2025,6,Latin America,X7,Hybrid,4920,352560140.92
2025,6,Latin America,i4,Hybrid,6903,734578718.81
2025,6,Latin America,iX,Hybrid,7000,483131171.83
2025,6,Latin America,i7,EV,4278,450621513.58
2025,6,Latin America,M3,Hybrid,3996,297299923.2
2025,6,Latin America,M5,EV,3295,261863896.2
2025,6,Latin America,Z4,EV,6551,315720774.42
2025,6,Latin America,2 Series,Hybrid,10715,1409898107.3
2025,6,Latin America,4 Series,EV,6082,454155198.4
2025,6,Latin America,1 Series,ICE,3581,476712179.18
2025,7,Europe,3 Series,EV,2297,96694150.99
2025,7,Europe,5 Series,Hybrid,8142,889125442.59
2025,7,Europe,7 Series,Hybrid,9296,746944037.22
2025,7,Europe,X3,Hybrid,8806,945346283.72
2025,7,Europe,X5,ICE,4072,317778879.65
2025,7,Europe,X7,ICE,3583,150145104.07
2025,7,Europe,i4,ICE,9559,483525000.06
2025,7,Europe,iX,EV,8911,580452405.33
2025,7,Europe,i7,ICE,6342,620858969.22
2025,7,Europe,M3,Hybrid,1143,135799725.62
2025,7,Europe,M5,EV,2932,418622439.14
2025,7,Europe,Z4,EV,9342,1270289033.83
2025,7,Europe,2 Series,ICE,8761,893763909.91
2025,7,Europe,4 Series,EV,4890,533295384.86
2025,7,Europe,1 Series,EV,885,40160619.32
2025,7,North America,3 Series,EV,1686,233739447.72
2025,7,North America,5 Series,Hybrid,9698,733769295.57
2025,7,North America,7 Series,EV,6859,798053126.56
2025,7,North America,X3,ICE,9163,1282877618.86
2025,7,North America,X5,ICE,9902,616069616.68
2025,7,North America,X7,ICE,3727,167452422.37
2025,7,North America,i4,EV,1716,214326299.15
2025,7,North America,iX,ICE,4027,478947232.87
2025,7,North America,i7,ICE,9044,698127367.34
2025,7,North America,M3,ICE,2954,336301382.88
2025,7,North America,M5,Hybrid,2711,228170451.02
2025,7,North America,Z4,Hybrid,2581,176516461.48
2025,7,North America,2 Series,ICE,7911,300466029.25
2025,7,North America,4 Series,ICE,1683,195886364.46
2025,7,North America,1 Series,Hybrid,2663,182015790.96
2025,7,China,3 Series,EV,5805,615782455.44
2025,7,China,5 Series,EV,1186,129444024.3
2025,7,China,7 Series,EV,6515,536832004.02
2025,7,China,X3,EV,2126,275992394.52
2025,7,China,X5,ICE,7253,283966118.67
2025,7,China,X7,ICE,7163,515072317.98
2025,7,China,i4,EV,8876,521848179.33
2025,7,China,iX,Hybrid,2089,176665445.86
2025,7,China,i7,EV,4808,716611433.2
2025,7,China,M3,EV,8821,1313524844.06
2025,7,China,M5,EV,1355,149520703.89
2025,7,China,Z4,EV,10246,1087241738.13
2025,7,China,2 Series,EV,9507,650418111.85
2025,7,China,4 Series,Hybrid,8656,541047095.97
2025,7,China,1 Series,ICE,2047,280532616.03
2025,7,Asia Pacific,3 Series,ICE,8517,658416749.62
2025,7,Asia Pacific,5 Series,ICE,5233,721379910.74
2025,7,Asia Pacific,7 Series,Hybrid,4565,593601918.65
2025,7,Asia Pacific,X3,Hybrid,4526,238303183.38
2025,7,Asia Pacific,X5,EV,7415,452320708.06
2025,7,Asia Pacific,X7,EV,9060,439702362.91
2025,7,Asia Pacific,i4,ICE,2795,406290473.13
2025,7,Asia Pacific,iX,Hybrid,1307,191904559.87
2025,7,Asia Pacific,i7,EV,7797,963806428.09
2025,7,Asia Pacific,M3,EV,5834,855673432.77
2025,7,Asia Pacific,M5,EV,9325,982723740.34
2025,7,Asia Pacific,Z4,EV,2508,202841519.38
2025,7,Asia Pacific,2 Series,Hybrid,753,78964534.55
2025,7,Asia Pacific,4 Series,Hybrid,7488,1095513326.14
2025,7,Asia Pacific,1 Series,Hybrid,6562,769768835.03
2025,7,Middle East & Africa,3 Series,EV,3024,266231267.25
2025,7,Middle East & Africa,5 Series,ICE,1873,134109969.03
2025,7,Middle East & Africa,7 Series,EV,7851,722134215.96
2025,7,Middle East & Africa,X3,EV,3644,361976015.44
2025,7,Middle East & Africa,X5,ICE,2383,142459662.77
2025,7,Middle East & Africa,X7,ICE,8343,1145481562.88
2025,7,Middle East & Africa,i4,EV,3526,405568079.09
2025,7,Middle East & Africa,iX,EV,5965,809189415.96
2025,7,Middle East & Africa,i7,ICE,5333,635714760.43
2025,7,Middle East & Africa,M3,EV,5380,512869355.02
2025,7,Middle East & Africa,M5,EV,10316,1182543885.33
2025,7,Middle East & Africa,Z4,EV,7079,852381469.54
2025,7,Middle East & Africa,2 Series,Hybrid,8878,943941853.38
2025,7,Middle East & Africa,4 Series,ICE,7392,923247088.08
2025,7,Middle East & Africa,1 Series,EV,3916,211408056.81
2025,7,Latin America,3 Series,EV,5126,509992289.71
2025,7,Latin America,5 Series,ICE,8067,650068022.6
2025,7,Latin America,7 Series,EV,6771,978933996.62
2025,7,Latin America,X3,Hybrid,924,57352080.96
2025,7,Latin America,X5,ICE,4476,369399577.71
2025,7,Latin America,X7,EV,3521,422084245.4
2025,7,Latin America,i4,EV,3103,190996328.62
2025,7,Latin America,iX,EV,1788,109458265.57
2025,7,Latin America,i7,Hybrid,4648,470075721.88
2025,7,Latin America,M3,Hybrid,939,71561451.85
2025,7,Latin America,M5,Hybrid,5458,661341074.21
2025,7,Latin America,Z4,ICE,8131,695464136.27
2025,7,Latin America,2 Series,Hybrid,7694,458794964.98
2025,7,Latin America,4 Series,Hybrid,1220,118323795.85
2025,7,Latin America,1 Series,ICE,3755,144832173.39
2025,8,Europe,3 Series,ICE,4117,388585754.06
2025,8,Europe,5 Series,ICE,8981,1122713210.83
2025,8,Europe,7 Series,Hybrid,8324,654221798.43
2025,8,Europe,X3,Hybrid,3092,249824948.62
2025,8,Europe,X5,EV,4629,298020188.75
2025,8,Europe,X7,EV,9778,1457330525.05
2025,8,Europe,i4,Hybrid,1758,224672047.66
2025,8,Europe,iX,ICE,10528,698632611.39
2025,8,Europe,i7,EV,3997,529498390.72
2025,8,Europe,M3,Hybrid,5274,201973918.36
2025,8,Europe,M5,ICE,770,35159987.11
2025,8,Europe,Z4,EV,8216,431353076.96
2025,8,Europe,2 Series,EV,3275,256389383.06
2025,8,Europe,4 Series,EV,9596,474583432.54
2025,8,Europe,1 Series,ICE,10139,1247954318.04
2025,8,North America,3 Series,EV,8437,1069405695.65
2025,8,North America,5 Series,ICE,4660,631880683.04
2025,8,North America,7 Series,EV,4366,469619198.74
2025,8,North America,X3,ICE,9101,589229155.34
2025,8,North America,X5,EV,7098,580151953.48
2025,8,North America,X7,EV,3937,189183582.85
2025,8,North America,i4,ICE,9475,614515263.55
2025,8,North America,iX,EV,9668,605826170.47
2025,8,North America,i7,EV,6807,451175933.83
2025,8,North America,M3,EV,6018,234109266.73
2025,8,North America,M5,EV,2628,372425821.05
2025,8,North America,Z4,Hybrid,7702,1045711195.48
2025,8,North America,2 Series,ICE,8463,1225318576.97
2025,8,North America,4 Series,ICE,7480,629747771.22
2025,8,North America,1 Series,Hybrid,2253,333019835.46
2025,8,China,3 Series,EV,6082,701186696.01
2025,8,China,5 Series,Hybrid,4751,353576162.08
2025,8,China,7 Series,Hybrid,695,101599972.11
2025,8,China,X3,EV,10954,1472212537.87
2025,8,China,X5,EV,4956,347880433.19
2025,8,China,X7,EV,8404,1020204316.42
2025,8,China,i4,EV,2959,143563125.87
2025,8,China,iX,Hybrid,2905,376722988.97
2025,8,China,i7,Hybrid,10729,1123267651.96
2025,8,China,M3,EV,8678,1154242313.82
2025,8,China,M5,ICE,4699,465019405.33
2025,8,China,Z4,EV,2038,217333719.21
2025,8,China,2 Series,EV,4131,596865303.22
2025,8,China,4 Series,EV,2811,185855351.6
2025,8,China,1 Series,EV,6271,422739339.81
2025,8,Asia Pacific,3 Series,EV,9110,974169030.18
2025,8,Asia Pacific,5 Series,EV,10399,657224018.79
2025,8,Asia Pacific,7 Series,EV,8035,1201975252.06
2025,8,Asia Pacific,X3,EV,5879,349951918.33
2025,8,Asia Pacific,X5,ICE,6701,783938643.87
2025,8,Asia Pacific,X7,EV,7528,1123613022.2
2025,8,Asia Pacific,i4,ICE,2522,128445276.99
2025,8,Asia Pacific,iX,EV,4362,381586188.62
2025,8,Asia Pacific,i7,EV,1771,131567423.04
2025,8,Asia Pacific,M3,EV,10434,1546619473.51
2025,8,Asia Pacific,M5,EV,10823,962224646.51
2025,8,Asia Pacific,Z4,ICE,10023,1036072685.37
2025,8,Asia Pacific,2 Series,ICE,9043,823625080.3
2025,8,Asia Pacific,4 Series,EV,2068,100742476.7
2025,8,Asia Pacific,1 Series,Hybrid,4572,360775782.87
2025,8,Middle East & Africa,3 Series,EV,1921,256395379.54
2025,8,Middle East & Africa,5 Series,ICE,8744,671300478.09
2025,8,Middle East & Africa,7 Series,Hybrid,8830,1195703170.77
2025,8,Middle East & Africa,X3,Hybrid,8921,1000124902.85
2025,8,Middle East & Africa,X5,EV,9978,735332892.97
2025,8,Middle East & Africa,X7,EV,3165,373423734.57
2025,8,Middle East & Africa,i4,Hybrid,3757,493895113.6
2025,8,Middle East & Africa,iX,EV,4814,427998113.33
2025,8,Middle East & Africa,i7,EV,1967,145898780.84
2025,8,Middle East & Africa,M3,ICE,1501,182162709.71
2025,8,Middle East & Africa,M5,EV,6954,683711439.8
2025,8,Middle East & Africa,Z4,ICE,2327,234448493.69
2025,8,Middle East & Africa,2 Series,EV,6932,566168471.82
2025,8,Middle East & Africa,4 Series,EV,2216,169451679.74
2025,8,Middle East & Africa,1 Series,EV,2803,167411678.27
2025,8,Latin America,3 Series,EV,4382,359914374.12
2025,8,Latin America,5 Series,Hybrid,9660,486513132.16
2025,8,Latin America,7 Series,ICE,7205,263668886.63
2025,8,Latin America,X3,EV,8397,1097287721.03
2025,8,Latin America,X5,EV,10551,911680965.84
2025,8,Latin America,X7,EV,5776,242526355.72
2025,8,Latin America,i4,EV,8987,1264386629.04
2025,8,Latin America,iX,EV,5503,786985973.65
2025,8,Latin America,i7,ICE,1022,134571892.01
2025,8,Latin America,M3,EV,1024,140564199.08
2025,8,Latin America,M5,Hybrid,3505,362048273.41
2025,8,Latin America,Z4,EV,7771,917690447.29
2025,8,Latin America,2 Series,Hybrid,9505,1080463687.52
2025,8,Latin America,4 Series,EV,3841,344148889.76
2025,8,Latin America,1 Series,ICE,9168,679679656.24
2025,9,Europe,3 Series,Hybrid,2001,160968906.39
2025,9,Europe,5 Series,EV,1682,157486648.77
2025,9,Europe,7 Series,Hybrid,5944,393589811.63
2025,9,Europe,X3,Hybrid,3808,535920081.48
2025,9,Europe,X5,ICE,3711,186378824.54
2025,9,Europe,X7,ICE,2550,141903398.74
2025,9,Europe,i4,EV,2695,133067899.13
2025,9,Europe,iX,EV,8398,540866900.02
2025,9,Europe,i7,ICE,5013,303829231.19
2025,9,Europe,M3,ICE,10701,415154601.1
2025,9,Europe,M5,EV,9091,587821318.61
2025,9,Europe,Z4,EV,8088,594680797.3
2025,9,Europe,2 Series,Hybrid,3883,202210470.31
2025,9,Europe,4 Series,Hybrid,8405,412263068.62
2025,9,Europe,1 Series,Hybrid,6033,738478280.79
2025,9,North America,3 Series,EV,806,102227920.39
2025,9,North America,5 Series,EV,9193,1086455542.15
2025,9,North America,7 Series,EV,7636,437726766.38
2025,9,North America,X3,Hybrid,2853,184461504.49
2025,9,North America,X5,ICE,4562,243265001.51
2025,9,North America,X7,EV,5703,291300557.74
2025,9,North America,i4,EV,10309,950372612.52
2025,9,North America,iX,ICE,4418,260256558.51
2025,9,North America,i7,ICE,8552,763065333.04
2025,9,North America,M3,EV,8368,344081818.62
2025,9,North America,M5,Hybrid,6465,713236270.58
2025,9,North America,Z4,ICE,8939,1076723229.44
2025,9,North America,2 Series,ICE,2514,344398537.37
2025,9,North America,4 Series,ICE,1997,193313010.1
2025,9,North America,1 Series,EV,2868,221468249.03
2025,9,China,3 Series,EV,1372,149893765.64
2025,9,China,5 Series,EV,7914,522157438.23
2025,9,China,7 Series,ICE,1735,220533908.73
2025,9,China,X3,EV,4805,547840038.87
2025,9,China,X5,ICE,5137,407615170.69
2025,9,China,X7,ICE,7705,531769247.41
2025,9,China,i4,EV,4179,496085906.65
2025,9,China,iX,EV,1593,177705676.01
2025,9,China,i7,Hybrid,2946,329664707.51
2025,9,China,M3,Hybrid,915,107080778.7
2025,9,China,M5,EV,4981,729806317.5
2025,9,China,Z4,EV,5161,395878877.42
2025,9,China,2 Series,ICE,9142,873151494.53
2025,9,China,4 Series,EV,7823,308006032.17
2025,9,China,1 Series,EV,7753,689289358.53
2025,9,Asia Pacific,3 Series,EV,7719,463407677.21
2025,9,Asia Pacific,5 Series,ICE,7673,478584870.48
2025,9,Asia Pacific,7 Series,ICE,5808,591778431.55
2025,9,Asia Pacific,X3,EV,4558,568056256.44
2025,9,Asia Pacific,X5,EV,7356,537992148.39
2025,9,Asia Pacific,X7,Hybrid,5653,676611698.22
2025,9,Asia Pacific,i4,Hybrid,7621,299007706.25
2025,9,Asia Pacific,iX,EV,3322,305073923.15
2025,9,Asia Pacific,i7,Hybrid,9307,933936531.19
2025,9,Asia Pacific,M3,EV,4827,479533959.91
2025,9,Asia Pacific,M5,Hybrid,6411,763114237.06
2025,9,Asia Pacific,Z4,ICE,3844,199362075.15
2025,9,Asia Pacific,2 Series,Hybrid,2214,160303012.85
2025,9,Asia Pacific,4 Series,EV,4545,512928383.92
2025,9,Asia Pacific,1 Series,ICE,6920,572164265.56
2025,9,Middle East & Africa,3 Series,EV,3425,481040192.29
2025,9,Middle East & Africa,5 Series,ICE,2784,208812886.26
2025,9,Middle East & Africa,7 Series,EV,3565,303310814.0
2025,9,Middle East & Africa,X3,EV,4179,372106381.16
2025,9,Middle East & Africa,X5,Hybrid,2596,135526665.69
2025,9,Middle East & Africa,X7,EV,834,99808660.68
2025,9,Middle East & Africa,i4,EV,2700,211261388.82
2025,9,Middle East & Africa,iX,EV,2314,184911690.62
2025,9,Middle East & Africa,i7,EV,2931,381280346.32
2025,9,Middle East & Africa,M3,ICE,7716,1084748310.17
2025,9,Middle East & Africa,M5,Hybrid,6116,903114127.66
2025,9,Middle East & Africa,Z4,Hybrid,4193,193064145.51
2025,9,Middle East & Africa,2 Series,ICE,6165,604800591.64
2025,9,Middle East & Africa,4 Series,Hybrid,9091,342131747.28
2025,9,Middle East & Africa,1 Series,Hybrid,10200,841859947.13
2025,9,Latin America,3 Series,Hybrid,8454,1043318958.16
2025,9,Latin America,5 Series,EV,7547,840844924.64
2025,9,Latin America,7 Series,Hybrid,6851,979940927.66
2025,9,Latin America,X3,ICE,5512,691715112.27
2025,9,Latin America,X5,EV,903,83075653.72
2025,9,Latin America,X7,EV,4069,503269440.56
2025,9,Latin America,i4,EV,4620,458817379.25
2025,9,Latin America,iX,ICE,4563,587167343.98
2025,9,Latin America,i7,EV,4951,500469678.58
2025,9,Latin America,M3,Hybrid,10209,607863511.94
2025,9,Latin America,M5,EV,3119,384675795.38
2025,9,Latin America,Z4,EV,8979,1235186512.37
2025,9,Latin America,2 Series,EV,2011,202807342.41
2025,9,Latin America,4 Series,EV,4648,653578275.89
2025,9,Latin America,1 Series,ICE,2610,331124107.15
2025,10,Europe,3 Series,Hybrid,5279,545018356.44
2025,10,Europe,5 Series,EV,6302,928388010.37
2025,10,Europe,7 Series,ICE,8679,347077956.76
2025,10,Europe,X3,EV,5714,340823024.66
2025,10,Europe,X5,ICE,2426,101023859.97
2025,10,Europe,X7,ICE,6510,710672651.46
2025,10,Europe,i4,EV,4484,570610228.93
2025,10,Europe,iX,EV,2242,135783377.52
2025,10,Europe,i7,EV,2972,284613032.62
2025,10,Europe,M3,EV,2783,157146101.26
2025,10,Europe,M5,ICE,4254,551287017.68
2025,10,Europe,Z4,Hybrid,1154,112836605.87
2025,10,Europe,2 Series,ICE,9305,991152260.64
2025,10,Europe,4 Series,Hybrid,707,72504002.47
2025,10,Europe,1 Series,ICE,5511,472563024.51
2025,10,North America,3 Series,Hybrid,9152,449275821.93
2025,10,North America,5 Series,EV,1472,83050548.31
2025,10,North America,7 Series,ICE,3737,455070396.15
2025,10,North America,X3,EV,9586,1105807795.82
2025,10,North America,X5,EV,6853,799529054.79
2025,10,North America,X7,EV,7193,717489753.47
2025,10,North America,i4,EV,1157,80770470.78
2025,10,North America,iX,Hybrid,6500,389464574.52
2025,10,North America,i7,ICE,6216,728758303.55
2025,10,North America,M3,Hybrid,1817,171337405.24
2025,10,North America,M5,Hybrid,682,25902285.41
2025,10,North America,Z4,EV,9613,549840823.65
2025,10,North America,2 Series,Hybrid,1951,266685933.09
2025,10,North America,4 Series,ICE,9146,692255178.93
2025,10,North America,1 Series,Hybrid,5718,446575703.61
2025,10,China,3 Series,ICE,9302,1190360619.87
2025,10,China,5 Series,EV,7122,722995635.38
2025,10,China,7 Series,ICE,4988,589894283.93
2025,10,China,X3,ICE,4206,425615577.61
2025,10,China,X5,EV,9006,545766211.8
2025,10,China,X7,EV,4994,221587029.63
2025,10,China,i4,Hybrid,7548,683457242.09
2025,10,China,iX,Hybrid,7045,1014556547.3
2025,10,China,i7,EV,2913,353607790.45
2025,10,China,M3,EV,9679,1135053132.61
2025,10,China,M5,EV,3967,557827806.93
2025,10,China,Z4,EV,6806,358508077.75
2025,10,China,2 Series,EV,3022,131565683.28
2025,10,China,4 Series,ICE,6453,939542967.0
2025,10,China,1 Series,ICE,10790,1335175468.11
2025,10,Asia Pacific,3 Series,ICE,6820,1016746184.58
2025,10,Asia Pacific,5 Series,ICE,10195,1453785432.22
2025,10,Asia Pacific,7 Series,Hybrid,4471,335803417.73
2025,10,Asia Pacific,X3,ICE,5039,180366374.05
2025,10,Asia Pacific,X5,Hybrid,1416,195512891.85
2025,10,Asia Pacific,X7,EV,9926,1461889873.29
2025,10,Asia Pacific,i4,ICE,1017,142825195.36
2025,10,Asia Pacific,iX,EV,7642,593162911.3
2025,10,Asia Pacific,i7,ICE,3965,181318561.92
2025,10,Asia Pacific,M3,ICE,6349,829294790.71
2025,10,Asia Pacific,M5,ICE,1637,182903522.56
2025,10,Asia Pacific,Z4,ICE,8022,1000263630.18
2025,10,Asia Pacific,2 Series,EV,7654,1083109833.47
2025,10,Asia Pacific,4 Series,ICE,2443,249497235.12
2025,10,Asia Pacific,1 Series,EV,8693,1024678500.0
2025,10,Middle East & Africa,3 Series,ICE,5486,331538724.75
2025,10,Middle East & Africa,5 Series,EV,9546,992820116.2
2025,10,Middle East & Africa,7 Series,EV,7857,821917799.05
2025,10,Middle East & Africa,X3,EV,1886,257192711.66
2025,10,Middle East & Africa,X5,EV,6610,811200034.58
2025,10,Middle East & Africa,X7,EV,1272,97079896.43
2025,10,Middle East & Africa,i4,Hybrid,1412,171941292.46
2025,10,Middle East & Africa,iX,EV,8787,831862458.78
2025,10,Middle East & Africa,i7,Hybrid,3740,535806780.68
2025,10,Middle East & Africa,M3,EV,7707,495849186.62
2025,10,Middle East & Africa,M5,EV,5298,719420292.06
2025,10,Middle East & Africa,Z4,EV,8099,1128265390.82
2025,10,Middle East & Africa,2 Series,ICE,9657,1271727688.48
2025,10,Middle East & Africa,4 Series,ICE,6284,422638505.18
2025,10,Middle East & Africa,1 Series,EV,1023,37164372.85
2025,10,Latin America,3 Series,EV,10086,1314134723.09
2025,10,Latin America,5 Series,EV,983,49293358.28
2025,10,Latin America,7 Series,EV,3262,276300583.84
2025,10,Latin America,X3,EV,8030,785606494.05
2025,10,Latin America,X5,EV,6870,625292496.17
2025,10,Latin America,X7,ICE,3167,162953693.41
2025,10,Latin America,i4,EV,767,58518243.31
2025,10,Latin America,iX,EV,7361,622549374.29
2025,10,Latin America,i7,Hybrid,2744,293927914.18
2025,10,Latin America,M3,ICE,5188,542427529.87
2025,10,Latin America,M5,EV,8766,352069441.32
2025,10,Latin America,Z4,Hybrid,10675,981752445.8
2025,10,Latin America,2 Series,Hybrid,7077,629729296.82
2025,10,Latin America,4 Series,ICE,7870,744947080.78
2025,10,Latin America,1 Series,EV,722,90225860.71
2025,11,Europe,3 Series,EV,2047,176633366.18
2025,11,Europe,5 Series,Hybrid,2022,160746607.36
2025,11,Europe,7 Series,EV,6153,220929430.81
2025,11,Europe,X3,ICE,6932,457913060.32
2025,11,Europe,X5,EV,9938,1396401245.96
2025,11,Europe,X7,EV,7561,830225736.85
2025,11,Europe,i4,ICE,4385,576656095.77
2025,11,Europe,iX,EV,9651,387512739.93
2025,11,Europe,i7,ICE,4791,441647029.05
2025,11,Europe,M3,ICE,1627,84546290.6
2025,11,Europe,M5,ICE,2791,206878182.8
2025,11,Europe,Z4,Hybrid,8210,319306156.58
2025,11,Europe,2 Series,Hybrid,9120,1197764779.25
2025,11,Europe,4 Series,Hybrid,5153,448573097.74
2025,11,Europe,1 Series,ICE,8551,1059145544.98
2025,11,North America,3 Series,ICE,4835,668031731.72
2025,11,North America,5 Series,Hybrid,7847,923467005.54
2025,11,North America,7 Series,Hybrid,4979,183803276.29
2025,11,North America,X3,EV,9605,654463802.97
2025,11,North America,X5,ICE,2013,236628700.58
2025,11,North America,X7,ICE,6300,326917442.68
2025,11,North America,i4,EV,3818,524009727.17
2025,11,North America,iX,ICE,1904,127327769.97
2025,11,North America,i7,EV,8117,1088844844.64
2025,11,North America,M3,EV,6911,627725539.89
2025,11,North America,M5,ICE,8678,1160107179.51
2025,11,North America,Z4,EV,7240,948182445.26
2025,11,North America,2 Series,EV,5824,789123721.79
2025,11,North America,4 Series,ICE,1990,95912196.77
2025,11,North America,1 Series,EV,2044,122550548.08
2025,11,China,3 Series,EV,7135,989183201.51
2025,11,China,5 Series,Hybrid,5364,197296757.82
2025,11,China,7 Series,ICE,7903,413480517.36
2025,11,China,X3,Hybrid,4741,418459020.17
2025,11,China,X5,EV,9166,1175432820.62
2025,11,China,X7,EV,4435,385582135.09
2025,11,China,i4,ICE,9420,467817062.24
2025,11,China,iX,ICE,7629,725579103.92
2025,11,China,i7,Hybrid,2844,424029483.45
2025,11,China,M3,EV,2107,145328596.33
2025,11,China,M5,ICE,7036,510796663.44
2025,11,China,Z4,ICE,6133,693947620.79
2025,11,China,2 Series,EV,5726,230741675.46
2025,11,China,4 Series,ICE,4035,398303632.9
2025,11,China,1 Series,Hybrid,6644,353901634.35
2025,11,Asia Pacific,3 Series,EV,5139,437031044.15
2025,11,Asia Pacific,5 Series,EV,7207,358749829.48
2025,11,Asia Pacific,7 Series,Hybrid,5557,646159421.83
2025,11,Asia Pacific,X3,EV,4798,534926838.49
2025,11,Asia Pacific,X5,ICE,5350,231705015.94
2025,11,Asia Pacific,X7,EV,3042,242912782.48
2025,11,Asia Pacific,i4,Hybrid,2383,296375121.77
2025,11,Asia Pacific,iX,EV,4376,483621100.56
2025,11,Asia Pacific,i7,ICE,9008,1246031238.09
2025,11,Asia Pacific,M3,ICE,9878,595493143.75
2025,11,Asia Pacific,M5,EV,1698,135134171.18
2025,11,Asia Pacific,Z4,ICE,3517,362079794.29
2025,11,Asia Pacific,2 Series,EV,5113,386239243.52
2025,11,Asia Pacific,4 Series,Hybrid,3835,228398631.05
2025,11,Asia Pacific,1 Series,EV,7639,352301045.88
2025,11,Middle East & Africa,3 Series,ICE,9257,565735863.76
2025,11,Middle East & Africa,5 Series,ICE,3777,537377365.67
2025,11,Middle East & Africa,7 Series,ICE,5585,495676373.36
2025,11,Middle East & Africa,X3,ICE,7598,445945693.43
2025,11,Middle East & Africa,X5,EV,2866,297983403.05
2025,11,Middle East & Africa,X7,Hybrid,8803,1017774971.2
2025,11,Middle East & Africa,i4,EV,7991,342927511.9
2025,11,Middle East & Africa,iX,Hybrid,5382,765578839.54
2025,11,Middle East & Africa,i7,Hybrid,1328,198585342.15
2025,11,Middle East & Africa,M3,EV,1829,184471238.61
2025,11,Middle East & Africa,M5,ICE,6602,577540454.32
2025,11,Middle East & Africa,Z4,EV,2951,269928217.54
2025,11,Middle East & Africa,2 Series,ICE,8697,1224362629.16
2025,11,Middle East & Africa,4 Series,ICE,2138,131161712.07
2025,11,Middle East & Africa,1 Series,EV,3453,489906733.44
2025,11,Latin America,3 Series,Hybrid,3636,414004658.29
2025,11,Latin America,5 Series,EV,9174,1099481606.44
2025,11,Latin America,7 Series,EV,3132,309727202.7
2025,11,Latin America,X3,Hybrid,5876,541076749.68
2025,11,Latin America,X5,ICE,774,61358487.99
2025,11,Latin America,X7,EV,8335,303727375.91
2025,11,Latin America,i4,EV,5196,610325234.61
2025,11,Latin America,iX,ICE,6931,338349342.03
2025,11,Latin America,i7,EV,9286,900352900.79
2025,11,Latin America,M3,ICE,10268,1373370657.7
2025,11,Latin America,M5,Hybrid,10754,580488009.12
2025,11,Latin America,Z4,EV,3589,180782522.08
2025,11,Latin America,2 Series,ICE,8332,488995950.86
2025,11,Latin America,4 Series,EV,9665,1204389267.11
2025,11,Latin America,1 Series,EV,9279,502007548.52
2025,12,Europe,3 Series,EV,9846,1092071872.49
2025,12,Europe,5 Series,Hybrid,9415,710984711.02
2025,12,Europe,7 Series,ICE,2367,260712411.87
2025,12,Europe,X3,ICE,4225,501108170.41
2025,12,Europe,X5,EV,5911,863936791.57
2025,12,Europe,X7,EV,10334,779397288.06
2025,12,Europe,i4,ICE,3127,119905650.0
2025,12,Europe,iX,Hybrid,3080,349438546.78
2025,12,Europe,i7,Hybrid,7150,709979164.27
2025,12,Europe,M3,EV,3207,205338859.01
2025,12,Europe,M5,EV,1473,121137335.68
2025,12,Europe,Z4,Hybrid,4735,567646014.26
2025,12,Europe,2 Series,EV,9363,728547428.07
2025,12,Europe,4 Series,EV,2150,136257438.2
2025,12,Europe,1 Series,EV,2975,175483306.75
2025,12,North America,3 Series,EV,2923,234704799.91
2025,12,North America,5 Series,EV,2492,219395276.56
2025,12,North America,7 Series,Hybrid,5617,563469038.61
2025,12,North America,X3,Hybrid,6387,376776439.4
2025,12,North America,X5,EV,1570,235214687.42
2025,12,North America,X7,ICE,3987,512779805.78
2025,12,North America,i4,EV,6609,838922968.5
2025,12,North America,iX,ICE,8870,443339359.68
2025,12,North America,i7,ICE,6203,795921137.09
2025,12,North America,M3,EV,1785,68134104.87
2025,12,North America,M5,ICE,1401,66155441.89
2025,12,North America,Z4,Hybrid,612,34329710.53
2025,12,North America,2 Series,ICE,3272,173326491.25
2025,12,North America,4 Series,ICE,6938,312269346.2
2025,12,North America,1 Series,EV,6788,313494362.99
2025,12,China,3 Series,EV,9447,1225097614.04
2025,12,China,5 Series,EV,8220,582507090.94
2025,12,China,7 Series,EV,9371,942994192.41
2025,12,China,X3,ICE,10091,968597664.28
2025,12,China,X5,EV,4588,655807430.45
2025,12,China,X7,Hybrid,7145,621546543.75
2025,12,China,i4,EV,7041,342120204.76
2025,12,China,iX,EV,8006,447042952.55
2025,12,China,i7,Hybrid,7122,547260489.07
2025,12,China,M3,EV,6692,989113170.6
2025,12,China,M5,EV,9866,1461949390.77
2025,12,China,Z4,ICE,10055,772869009.82
2025,12,China,2 Series,EV,5440,288591547.99
2025,12,China,4 Series,EV,4895,236416872.48
2025,12,China,1 Series,Hybrid,7961,1041750467.08
2025,12,Asia Pacific,3 Series,Hybrid,5467,699574073.25
2025,12,Asia Pacific,5 Series,EV,9359,1207058051.98
2025,12,Asia Pacific,7 Series,EV,5742,536672609.47
2025,12,Asia Pacific,X3,EV,10057,988443767.13
2025,12,Asia Pacific,X5,EV,1106,105325188.52
2025,12,Asia Pacific,X7,EV,5218,390715616.51
2025,12,Asia Pacific,i4,Hybrid,6140,792389656.56
2025,12,Asia Pacific,iX,EV,4002,576778868.07
2025,12,Asia Pacific,i7,EV,9407,623000385.2
2025,12,Asia Pacific,M3,Hybrid,2337,122210568.23
2025,12,Asia Pacific,M5,Hybrid,6020,823399909.09
2025,12,Asia Pacific,Z4,EV,4411,564496204.01
2025,12,Asia Pacific,2 Series,EV,8027,691218862.13
2025,12,Asia Pacific,4 Series,EV,4807,621138667.45
2025,12,Asia Pacific,1 Series,EV,5582,419320423.22
2025,12,Middle East & Africa,3 Series,EV,9633,641883074.16
2025,12,Middle East & Africa,5 Series,Hybrid,3569,390784318.93
2025,12,Middle East & Africa,7 Series,EV,1883,233652189.87
2025,12,Middle East & Africa,X3,ICE,5380,588879463.16
2025,12,Middle East & Africa,X5,EV,3647,441375526.49
2025,12,Middle East & Africa,X7,EV,4290,466724191.41
2025,12,Middle East & Africa,i4,ICE,8749,749846357.39
2025,12,Middle East & Africa,iX,EV,3616,518218491.67
2025,12,Middle East & Africa,i7,EV,5726,447078707.11
2025,12,Middle East & Africa,M3,Hybrid,2868,223031307.08
2025,12,Middle East & Africa,M5,Hybrid,2424,254092638.95
2025,12,Middle East & Africa,Z4,ICE,6744,993000423.54
2025,12,Middle East & Africa,2 Series,Hybrid,8723,1119279359.36
2025,12,Middle East & Africa,4 Series,ICE,2931,121245786.18
2025,12,Middle East & Africa,1 Series,EV,3180,111778319.07
2025,12,Latin America,3 Series,EV,2707,402761134.58
2025,12,Latin America,5 Series,ICE,905,36450956.21
2025,12,Latin America,7 Series,EV,2073,195692045.36
2025,12,Latin America,X3,EV,5544,469390214.81
2025,12,Latin America,X5,ICE,4061,360361349.36
2025,12,Latin America,X7,EV,3587,537144310.88
2025,12,Latin America,i4,EV,5178,625192773.62
2025,12,Latin America,iX,ICE,10360,525214871.35
2025,12,Latin America,i7,Hybrid,9876,1049059148.81
2025,12,Latin America,M3,ICE,4250,531225995.46
2025,12,Latin America,M5,EV,8738,1127976209.66
2025,12,Latin America,Z4,ICE,8888,494079615.5
2025,12,Latin America,2 Series,Hybrid,1105,106446628.98
2025,12,Latin America,4 Series,EV,6614,529451483.42
2025,12,Latin America,1 Series,EV,3463,304988640.65
